시나리오,설정,날짜,생산 완료(h),DD 주문 수,DD 처리 완료(h),DD 평균 대기(h),PD 주문 수,PD 처리 완료(h),PD 평균 대기(h),전체 처리 완료(h),최대 사용 칸 수,최대 칸 도달 시각(h),평균 사용 칸 수(시간가중),주문 수,반찬 수,SKU 수,Obj3_완료시각합(h),50%처리가능순번,피커유휴(h)
피커 1명 · DD→PD (strict),sort:qty_desc,2026-07-01,65.56683333333334,191,65.5835,0.13578853984874933,63,66.80572222222223,43.810112433862436,66.80572222222223,156,54.38975000000001,95.34084156131004,254,1854,191,8384.729777777777,28,61.655722222222224
피커 1명 · DD→PD (strict),sort:qty_asc,2026-07-01,65.5668333333333,191,67.26380555555554,0.43569429901105344,63,68.48602777777775,5.515041446208116,68.48602777777775,192,65.10824999999998,97.76595104354213,254,1854,191,16361.753722222213,190,63.33602777777776
피커 1명 · DD→PD (strict),sort:time_asc,2026-07-01,65.5668333333333,191,66.83183333333331,0.3457271669575334,63,68.05405555555552,7.217910493827157,68.05405555555552,196,54.28266666666664,119.04448547029196,254,1854,191,15995.616777777772,188,62.90405555555552
피커 1명 · DD→PD (strict),sort:demand_desc,2026-07-01,65.56683333333334,191,65.5835,0.13578853984874933,63,66.80572222222223,43.8145004409171,66.80572222222223,156,54.38975000000001,95.33564573227677,254,1854,191,8384.453333333333,28,61.655722222222224
피커 1명 · DD→PD (strict),sort:cells_asc,2026-07-01,65.56683333333335,191,67.30630555555558,0.47101279813845315,63,68.5285277777778,8.264648589065262,68.5285277777778,199,64.65630555555558,99.1719523134526,254,1854,191,16422.341555555562,190,63.3785277777778
피커 1명 · DD→PD (strict),sort:code,2026-07-01,65.56683333333334,191,65.5835,0.13755090168702735,63,66.80572222222223,39.24318077601412,66.80572222222223,166,56.9161111111111,102.61957974325222,254,1854,191,10301.899416666667,75,61.655722222222224
피커 1명 · DD→PD (strict),sort:random,2026-07-01,65.5668333333333,191,65.80849999999998,0.2379803664921467,63,67.0307222222222,8.859825396825386,67.0307222222222,184,57.50352777777778,101.96499366376779,254,1854,191,15290.512472222219,170,61.8807222222222
피커 1명 · DD→PD (strict),greedy:count:none:none,2026-07-01,65.56683333333335,191,65.61961111111113,0.13368237347294942,63,66.84183333333335,46.81814065255733,66.84183333333335,152,57.7965277777778,94.97231815072564,254,1854,191,8750.48525,46,61.69183333333335
피커 1명 · DD→PD (strict),greedy:count:time_asc:none,2026-07-01,65.5668333333333,191,66.00849999999997,0.13605730075625364,63,67.2307222222222,21.30539285714284,67.2307222222222,160,50.00883333333333,106.7233742344976,254,1854,191,13443.151611111107,156,62.08072222222219
피커 1명 · DD→PD (strict),greedy:count:time_asc:demand_desc,2026-07-01,65.5668333333333,191,66.00849999999997,0.13605730075625364,63,67.2307222222222,21.30539285714284,67.2307222222222,160,50.00883333333333,106.7233742344976,254,1854,191,13443.151611111107,156,62.08072222222219
피커 1명 · DD→PD (strict),greedy:count:time_asc:cells_asc,2026-07-01,65.5668333333333,191,66.00849999999997,0.13605730075625364,63,67.2307222222222,21.289334656084645,67.2307222222222,160,50.00883333333333,106.7396242458598,254,1854,191,13447.872722222217,156,62.08072222222219
피커 1명 · DD→PD (strict),greedy:count:time_asc:qty_desc,2026-07-01,65.5668333333333,191,66.00849999999997,0.13605730075625364,63,67.2307222222222,21.30539285714284,67.2307222222222,160,50.00883333333333,106.7233742344976,254,1854,191,13443.151611111107,156,62.08072222222219
피커 1명 · DD→PD (strict),greedy:count:demand_desc:none,2026-07-01,65.56683333333332,191,65.60294444444443,0.13477050610820251,63,66.82516666666666,46.59986728395061,66.82516666666666,151,55.52183333333332,91.95087388068201,254,1854,191,8103.057166666666,27,61.67516666666666
피커 1명 · DD→PD (strict),greedy:count:demand_desc:time_asc,2026-07-01,65.56683333333332,191,65.60294444444443,0.13477050610820251,63,66.82516666666665,46.07263844797176,66.82516666666665,148,57.85927777777776,91.95266503887007,254,1854,191,8063.727888888887,27,61.675166666666655
피커 1명 · DD→PD (strict),greedy:count:demand_desc:cells_asc,2026-07-01,65.56683333333332,191,65.60294444444443,0.13477050610820251,63,66.82516666666666,46.59986728395061,66.82516666666666,151,55.52183333333332,91.92650598202773,254,1854,191,8103.057166666666,27,61.67516666666666
피커 1명 · DD→PD (strict),greedy:count:demand_desc:qty_desc,2026-07-01,65.56683333333332,191,65.60294444444443,0.13477050610820251,63,66.82516666666666,46.591091269841264,66.82516666666666,151,55.52183333333332,91.95440506861604,254,1854,191,8103.33361111111,27,61.67516666666666
피커 1명 · DD→PD (strict),greedy:count:cells_asc:none,2026-07-01,65.56683333333334,191,65.61961111111111,0.16807126236183825,63,66.84183333333334,21.99517636684304,66.84183333333334,168,51.47202777777777,96.40250408717762,254,1854,191,13564.466166666667,151,61.691833333333335
피커 1명 · DD→PD (strict),greedy:count:cells_asc:time_asc,2026-07-01,65.5668333333333,191,66.00849999999998,0.16631355439208842,63,67.2307222222222,12.538585537918866,67.2307222222222,167,53.555861111111085,102.87153401264136,254,1854,191,15172.086722222215,180,62.0807222222222
피커 1명 · DD→PD (strict),greedy:count:cells_asc:demand_desc,2026-07-01,65.56683333333332,191,65.60294444444443,0.1636579406631763,63,66.82516666666665,22.821067901234567,66.82516666666665,152,50.28813888888888,92.21145975443383,254,1854,191,13412.199611111106,133,61.675166666666655
피커 1명 · DD→PD (strict),greedy:count:cells_asc:qty_desc,2026-07-01,65.56683333333332,191,65.60294444444443,0.1636579406631763,63,66.82516666666665,22.807903880070548,66.82516666666665,152,50.28813888888888,92.21970639803865,254,1854,191,13412.752499999995,133,61.675166666666655
피커 1명 · DD→PD (strict),greedy:count:qty_desc:none,2026-07-01,65.56683333333332,191,65.60294444444443,0.13477050610820251,63,66.82516666666666,46.58670326278659,66.82516666666666,151,55.52183333333332,91.9635092567421,254,1854,191,8103.8865,27,61.67516666666666
피커 1명 · DD→PD (strict),greedy:count:qty_desc:time_asc,2026-07-01,65.56683333333332,191,65.60294444444443,0.13477050610820251,63,66.82516666666665,46.06386243386242,66.82516666666665,148,57.85927777777776,91.95716725152614,254,1854,191,8064.004333333331,27,61.675166666666655
피커 1명 · DD→PD (strict),greedy:count:qty_desc:demand_desc,2026-07-01,65.56683333333332,191,65.60294444444443,0.13477050610820251,63,66.82516666666666,46.591091269841264,66.82516666666666,151,55.52183333333332,91.95440506861604,254,1854,191,8103.33361111111,27,61.67516666666666
피커 1명 · DD→PD (strict),greedy:count:qty_desc:cells_asc,2026-07-01,65.56683333333332,191,65.60294444444443,0.13477050610820251,63,66.82516666666666,46.58670326278659,66.82516666666666,151,55.52183333333332,91.93914135808781,254,1854,191,8103.8865,27,61.67516666666666
피커 1명 · DD→PD (strict),greedy:count_partial:none:none,2026-07-01,65.56683333333332,191,65.60294444444443,0.13385689354275743,63,66.82516666666665,47.04200749559082,66.82516666666665,150,57.11330555555555,91.6252247780901,254,1854,191,8001.298499999998,24,61.675166666666655
피커 1명 · DD→PD (strict),greedy:count_partial:time_asc:none,2026-07-01,65.56683333333332,191,65.60294444444443,0.13390052356020943,63,66.82516666666665,46.9149938271605,66.82516666666665,147,52.972027777777775,91.56234178241233,254,1854,191,7982.645222222221,24,61.675166666666655
피커 1명 · DD→PD (strict),greedy:count_partial:time_asc:demand_desc,2026-07-01,65.56683333333332,191,65.60294444444443,0.13390052356020943,63,66.82516666666665,46.9149938271605,66.82516666666665,147,52.972027777777775,91.56234178241233,254,1854,191,7982.645222222221,24,61.675166666666655
피커 1명 · DD→PD (strict),greedy:count_partial:time_asc:cells_asc,2026-07-01,65.56683333333332,191,65.60294444444443,0.13390052356020943,63,66.82516666666665,46.9149938271605,66.82516666666665,147,52.972027777777775,91.56234178241233,254,1854,191,7982.645222222221,24,61.675166666666655
피커 1명 · DD→PD (strict),greedy:count_partial:time_asc:qty_desc,2026-07-01,65.56683333333332,191,65.60294444444443,0.13390052356020943,63,66.82516666666665,46.9149938271605,66.82516666666665,147,52.972027777777775,91.56234178241233,254,1854,191,7982.645222222221,24,61.675166666666655
피커 1명 · DD→PD (strict),greedy:count_partial:demand_desc:none,2026-07-01,65.56683333333332,191,65.60294444444443,0.13385689354275743,63,66.82516666666665,46.99751190476191,66.82516666666665,150,57.11330555555555,91.62146413568409,254,1854,191,8000.844499999998,24,61.675166666666655
피커 1명 · DD→PD (strict),greedy:count_partial:demand_desc:time_asc,2026-07-01,65.56683333333332,191,65.60294444444443,0.1337260034904014,63,66.82516666666665,46.9133544973545,66.82516666666665,147,52.972027777777775,91.4691903333159,254,1854,191,7991.741333333332,24,61.675166666666655
피커 1명 · DD→PD (strict),greedy:count_partial:demand_desc:cells_asc,2026-07-01,65.56683333333332,191,65.60294444444443,0.13385689354275743,63,66.82516666666665,46.99751190476191,66.82516666666665,150,57.11330555555555,91.60486526616305,254,1854,191,8000.844499999998,24,61.675166666666655
피커 1명 · DD→PD (strict),greedy:count_partial:demand_desc:qty_desc,2026-07-01,65.56683333333332,191,65.60294444444443,0.13385689354275743,63,66.82516666666665,46.99751190476191,66.82516666666665,150,57.11330555555555,91.62146413568409,254,1854,191,8000.844499999998,24,61.675166666666655
피커 1명 · DD→PD (strict),greedy:count_partial:cells_asc:none,2026-07-01,65.56683333333332,191,65.60294444444443,0.13385689354275743,63,66.82516666666665,47.04200749559082,66.82516666666665,150,57.11330555555555,91.60862590856905,254,1854,191,8001.298499999998,24,61.675166666666655
피커 1명 · DD→PD (strict),greedy:count_partial:cells_asc:time_asc,2026-07-01,65.56683333333332,191,65.60294444444443,0.13390052356020943,63,66.82516666666665,46.9149938271605,66.82516666666665,147,52.972027777777775,91.52963911633427,254,1854,191,7982.645222222221,24,61.675166666666655
피커 1명 · DD→PD (strict),greedy:count_partial:cells_asc:demand_desc,2026-07-01,65.56683333333332,191,65.60294444444443,0.13385689354275743,63,66.82516666666665,46.99751190476191,66.82516666666665,150,57.11330555555555,91.60486526616305,254,1854,191,8000.844499999998,24,61.675166666666655
피커 1명 · DD→PD (strict),greedy:count_partial:cells_asc:qty_desc,2026-07-01,65.56683333333332,191,65.60294444444443,0.13385689354275743,63,66.82516666666665,46.99751190476191,66.82516666666665,150,57.11330555555555,91.60486526616305,254,1854,191,8000.844499999998,24,61.675166666666655
피커 1명 · DD→PD (strict),greedy:count_partial:qty_desc:none,2026-07-01,65.56683333333332,191,65.60294444444443,0.13385689354275743,63,66.82516666666665,46.99751190476191,66.82516666666665,150,57.11330555555555,91.62146413568409,254,1854,191,8000.844499999998,24,61.675166666666655
피커 1명 · DD→PD (strict),greedy:count_partial:qty_desc:time_asc,2026-07-01,65.56683333333332,191,65.60294444444443,0.1337260034904014,63,66.82516666666665,46.9133544973545,66.82516666666665,147,52.972027777777775,91.4691903333159,254,1854,191,7991.741333333332,24,61.675166666666655
피커 1명 · DD→PD (strict),greedy:count_partial:qty_desc:demand_desc,2026-07-01,65.56683333333332,191,65.60294444444443,0.13385689354275743,63,66.82516666666665,46.99751190476191,66.82516666666665,150,57.11330555555555,91.62146413568409,254,1854,191,8000.844499999998,24,61.675166666666655
피커 1명 · DD→PD (strict),greedy:count_partial:qty_desc:cells_asc,2026-07-01,65.56683333333332,191,65.60294444444443,0.13385689354275743,63,66.82516666666665,46.99751190476191,66.82516666666665,150,57.11330555555555,91.60486526616305,254,1854,191,8000.844499999998,24,61.675166666666655
피커 1명 · DD→PD (strict),greedy:count_ddweighted:none:none,2026-07-01,65.56683333333335,191,65.61961111111113,0.13368237347294942,63,66.84183333333335,46.763797619047644,66.84183333333335,152,57.7965277777778,94.9812405404799,254,1854,191,8748.223111111112,46,61.69183333333335
피커 1명 · DD→PD (strict),greedy:count_ddweighted:time_asc:none,2026-07-01,65.5668333333333,191,66.00849999999997,0.1335805700988947,63,67.2307222222222,19.679135361552014,67.2307222222222,160,52.65208333333331,105.73405139680683,254,1854,191,13494.852499999992,163,62.08072222222219
피커 1명 · DD→PD (strict),greedy:count_ddweighted:time_asc:demand_desc,2026-07-01,65.5668333333333,191,66.00849999999997,0.1335805700988947,63,67.2307222222222,19.679135361552014,67.2307222222222,160,52.65208333333331,105.73405139680683,254,1854,191,13494.852499999992,163,62.08072222222219
피커 1명 · DD→PD (strict),greedy:count_ddweighted:time_asc:cells_asc,2026-07-01,65.5668333333333,191,66.00849999999997,0.1335805700988947,63,67.2307222222222,19.663077160493813,67.2307222222222,160,52.65208333333331,105.75030140816904,254,1854,191,13499.573611111104,163,62.08072222222219
피커 1명 · DD→PD (strict),greedy:count_ddweighted:time_asc:qty_desc,2026-07-01,65.5668333333333,191,66.00849999999997,0.1335805700988947,63,67.2307222222222,19.679135361552014,67.2307222222222,160,52.65208333333331,105.73405139680683,254,1854,191,13494.852499999992,163,62.08072222222219
피커 1명 · DD→PD (strict),greedy:count_ddweighted:demand_desc:none,2026-07-01,65.56683333333332,191,65.60294444444443,0.13477050610820251,63,66.82516666666666,46.54263183421516,66.82516666666666,149,58.60233333333333,91.7918839625457,254,1854,191,8097.460166666666,27,61.67516666666666
피커 1명 · DD→PD (strict),greedy:count_ddweighted:demand_desc:time_asc,2026-07-01,65.56683333333332,191,65.60294444444443,0.13477050610820251,63,66.82516666666665,46.027840388007036,66.82516666666665,148,57.85927777777776,91.88844522148591,254,1854,191,8061.287611111109,27,61.675166666666655
피커 1명 · DD→PD (strict),greedy:count_ddweighted:demand_desc:cells_asc,2026-07-01,65.56683333333332,191,65.60294444444443,0.13477050610820251,63,66.82516666666666,46.54263183421516,66.82516666666666,149,58.60233333333333,91.76751606389142,254,1854,191,8097.460166666666,27,61.67516666666666
피커 1명 · DD→PD (strict),greedy:count_ddweighted:demand_desc:qty_desc,2026-07-01,65.56683333333332,191,65.60294444444443,0.13477050610820251,63,66.82516666666666,46.53385582010581,66.82516666666666,149,58.60233333333333,91.79541515047971,254,1854,191,8097.7366111111105,27,61.67516666666666
피커 1명 · DD→PD (strict),greedy:count_ddweighted:cells_asc:none,2026-07-01,65.56683333333334,191,65.61961111111111,0.1644936009307737,63,66.84183333333334,21.939027336860672,66.84183333333334,167,51.47202777777777,96.41984435894686,254,1854,191,13560.699305555556,151,61.691833333333335
피커 1명 · DD→PD (strict),greedy:count_ddweighted:cells_asc:time_asc,2026-07-01,65.5668333333333,191,66.00849999999998,0.16607126236183828,63,67.2307222222222,12.712187389770715,67.2307222222222,156,50.991083333333314,101.23438771791663,254,1854,191,14988.99066666666,180,62.0807222222222
피커 1명 · DD→PD (strict),greedy:count_ddweighted:cells_asc:demand_desc,2026-07-01,65.56683333333332,191,65.60294444444443,0.16352705061082026,63,66.82516666666665,22.762539241622573,66.82516666666665,152,52.44824999999999,91.96105051905761,254,1854,191,13365.759694444438,133,61.675166666666655
피커 1명 · DD→PD (strict),greedy:count_ddweighted:cells_asc:qty_desc,2026-07-01,65.56683333333332,191,65.60294444444443,0.16352705061082026,63,66.82516666666665,22.749375220458553,66.82516666666665,152,52.44824999999999,91.96929716266243,254,1854,191,13366.312583333329,133,61.675166666666655
피커 1명 · DD→PD (strict),greedy:count_ddweighted:qty_desc:none,2026-07-01,65.56683333333332,191,65.60294444444443,0.13477050610820251,63,66.82516666666666,46.529467813051134,66.82516666666666,149,58.60233333333333,91.80451933860579,254,1854,191,8098.289499999999,27,61.67516666666666
피커 1명 · DD→PD (strict),greedy:count_ddweighted:qty_desc:time_asc,2026-07-01,65.56683333333332,191,65.60294444444443,0.13477050610820251,63,66.82516666666665,46.01906437389769,66.82516666666665,148,57.85927777777776,91.892947434142,254,1854,191,8061.564055555553,27,61.675166666666655
피커 1명 · DD→PD (strict),greedy:count_ddweighted:qty_desc:demand_desc,2026-07-01,65.56683333333332,191,65.60294444444443,0.13477050610820251,63,66.82516666666666,46.53385582010581,66.82516666666666,149,58.60233333333333,91.79541515047971,254,1854,191,8097.7366111111105,27,61.67516666666666
피커 1명 · DD→PD (strict),greedy:count_ddweighted:qty_desc:cells_asc,2026-07-01,65.56683333333332,191,65.60294444444443,0.13477050610820251,63,66.82516666666666,46.529467813051134,66.82516666666666,149,58.60233333333333,91.7801514399515,254,1854,191,8098.289499999999,27,61.67516666666666
피커 1명 · DD→PD (strict),search:genetic,2026-07-01,65.56683333333332,191,65.60294444444443,0.13404595695171612,63,66.82516666666665,46.199932980599634,66.82516666666665,149,56.85047222222221,91.63587071736947,254,1854,191,8023.996583333331,24,61.675166666666655
피커 1명 · DD→PD (strict),sort:qty_desc,2026-07-02,65.49802777777778,248,64.99111111111111,0.19655017921146956,126,67.31888888888889,44.518837962962955,67.31888888888889,182,60.16683333333333,114.61380494165414,374,2751,191,13498.905,35,59.67722222222222
피커 1명 · DD→PD (strict),sort:qty_asc,2026-07-02,65.49802777777775,248,68.49322222222219,0.9881770833333307,126,70.82099999999996,8.009402557319218,70.82099999999996,235,64.63766666666663,105.73878745946348,374,2751,191,24748.25380555554,190,63.1793333333333
피커 1명 · DD→PD (strict),sort:time_asc,2026-07-02,65.49802777777776,248,67.34302777777776,0.8006024865591383,126,69.67080555555555,8.737442680776008,69.67080555555555,250,57.93255555555555,145.81255898273986,374,2751,191,24343.66091666666,188,62.02913888888888
피커 1명 · DD→PD (strict),sort:demand_desc,2026-07-02,65.49802777777778,248,65.3236111111111,0.19655017921146956,126,67.65138888888889,44.85514043209876,67.65138888888889,182,59.557333333333325,114.9878363341477,374,2751,191,13539.467388888892,35,60.00972222222222
피커 1명 · DD→PD (strict),sort:cells_asc,2026-07-02,65.49802777777775,248,68.30499999999996,0.8823415098566272,126,70.63277777777773,7.40486309523809,70.63277777777773,233,65.01452777777774,103.29632567504852,374,2751,191,24691.959166666653,190,62.991111111111074
피커 1명 · DD→PD (strict),sort:code,2026-07-02,65.49802777777775,248,65.20552777777775,0.3260232974910393,126,67.53330555555553,9.159841710758366,67.53330555555553,220,56.77077777777777,126.93141367695524,374,2751,191,22791.82852777777,172,59.89163888888886
피커 1명 · DD→PD (strict),sort:random,2026-07-02,65.49802777777776,248,65.57580555555553,0.2902844982078853,126,67.90358333333332,12.74530930335096,67.90358333333332,228,55.58899999999999,124.36428571720765,374,2751,191,22497.470333333327,172,60.26191666666665
피커 1명 · DD→PD (strict),greedy:count:none:none,2026-07-02,65.49802777777776,248,65.63136111111109,0.22520385304659513,126,67.95913888888887,14.127481040564362,67.95913888888887,186,56.7735,117.9372261681754,374,2751,191,21402.795083333327,172,60.31747222222221
피커 1명 · DD→PD (strict),greedy:count:time_asc:none,2026-07-02,65.49802777777778,248,65.55636111111112,0.2544711021505374,126,67.88413888888888,16.230540123456787,67.88413888888888,204,44.19286111111112,130.88029317926907,374,2751,191,21303.336944444443,166,60.24247222222222
피커 1명 · DD→PD (strict),greedy:count:time_asc:demand_desc,2026-07-02,65.49802777777778,248,65.55636111111112,0.2544711021505374,126,67.88413888888888,16.230540123456787,67.88413888888888,204,44.19286111111112,130.88029317926907,374,2751,191,21303.336944444443,166,60.24247222222222
피커 1명 · DD→PD (strict),greedy:count:time_asc:cells_asc,2026-07-02,65.49802777777778,248,65.55636111111112,0.2544711021505374,126,67.88413888888888,16.230540123456787,67.88413888888888,204,44.19286111111112,130.86984236622118,374,2751,191,21303.336944444443,166,60.24247222222222
피커 1명 · DD→PD (strict),greedy:count:time_asc:qty_desc,2026-07-02,65.49802777777778,248,65.55636111111112,0.2544711021505374,126,67.88413888888888,16.230540123456787,67.88413888888888,204,44.19286111111112,130.88029317926907,374,2751,191,21303.336944444443,166,60.24247222222222
피커 1명 · DD→PD (strict),greedy:count:demand_desc:none,2026-07-02,65.49802777777776,248,65.52024999999999,0.19683512544802864,126,67.84802777777777,46.50667680776013,67.84802777777777,177,61.76772222222222,112.66541523150798,374,2751,191,13290.375472222218,35,60.2063611111111
피커 1명 · DD→PD (strict),greedy:count:demand_desc:time_asc,2026-07-02,65.49802777777778,248,65.52025,0.19696953405017917,126,67.84802777777777,46.610396164021154,67.84802777777777,176,60.426361111111106,113.17543374101187,374,2751,191,13274.18230555555,35,60.20636111111111
피커 1명 · DD→PD (strict),greedy:count:demand_desc:cells_asc,2026-07-02,65.49802777777776,248,65.52024999999999,0.19683512544802864,126,67.84802777777777,46.4860934744268,67.84802777777777,177,61.76772222222222,112.6461466782994,374,2751,191,13300.285305555552,35,60.2063611111111
피커 1명 · DD→PD (strict),greedy:count:demand_desc:qty_desc,2026-07-02,65.49802777777776,248,65.52024999999999,0.19683512544802864,126,67.84802777777777,46.62074382716048,67.84802777777777,177,61.76772222222222,112.68588581752763,374,2751,191,13288.785027777772,35,60.2063611111111
피커 1명 · DD→PD (strict),greedy:count:cells_asc:none,2026-07-02,65.49802777777778,248,66.38391666666666,0.2972170698924735,126,68.71169444444445,10.462297839506169,68.71169444444445,200,55.322166666666675,110.04874594774216,374,2751,191,22856.217750000007,179,61.07002777777778
피커 1명 · DD→PD (strict),greedy:count:cells_asc:time_asc,2026-07-02,65.49802777777775,248,66.07858333333331,0.29156642025089574,126,68.40636111111108,11.162940696649022,68.40636111111108,202,61.910861111111096,114.74159038978262,374,2751,191,23095.674722222215,182,60.764694444444416
피커 1명 · DD→PD (strict),greedy:count:cells_asc:demand_desc,2026-07-02,65.49802777777778,248,66.07858333333333,0.2835967741935484,126,68.40636111111111,11.308929232804228,68.40636111111111,206,57.90797222222223,114.27762078656589,374,2751,191,22513.647611111104,175,60.764694444444444
피커 1명 · DD→PD (strict),greedy:count:cells_asc:qty_desc,2026-07-02,65.49802777777778,248,66.07858333333333,0.2835967741935484,126,68.40636111111111,11.308929232804228,68.40636111111111,206,57.90797222222223,114.25785451239305,374,2751,191,22514.32672222222,175,60.764694444444444
피커 1명 · DD→PD (strict),greedy:count:qty_desc:none,2026-07-02,65.49802777777776,248,65.52024999999999,0.19683512544802864,126,67.84802777777777,46.63967063492063,67.84802777777777,177,61.76772222222222,112.67388841647323,374,2751,191,13287.489472222216,35,60.2063611111111
피커 1명 · DD→PD (strict),greedy:count:qty_desc:time_asc,2026-07-02,65.49802777777778,248,65.52025,0.19696953405017917,126,67.84802777777777,46.778057539682536,67.84802777777777,176,60.426361111111106,113.16814498415371,374,2751,191,13278.425777777773,35,60.20636111111111
피커 1명 · DD→PD (strict),greedy:count:qty_desc:demand_desc,2026-07-02,65.49802777777776,248,65.52024999999999,0.19683512544802864,126,67.84802777777777,46.62074382716048,67.84802777777777,177,61.76772222222222,112.68588581752763,374,2751,191,13288.785027777772,35,60.2063611111111
피커 1명 · DD→PD (strict),greedy:count:qty_desc:cells_asc,2026-07-02,65.49802777777776,248,65.52024999999999,0.19683512544802864,126,67.84802777777777,46.61908730158729,67.84802777777777,177,61.76772222222222,112.65461986326467,374,2751,191,13297.399305555551,35,60.2063611111111
피커 1명 · DD→PD (strict),greedy:count_partial:none:none,2026-07-02,65.49802777777779,248,65.32361111111113,0.19583333333333333,126,67.6513888888889,48.306865299823656,67.6513888888889,180,58.296666666666674,112.16650228910467,374,2751,191,12968.48777777778,31,60.00972222222224
피커 1명 · DD→PD (strict),greedy:count_partial:time_asc:none,2026-07-02,65.49802777777779,248,65.55636111111113,0.19583333333333333,126,67.8841388888889,48.6249905202822,67.8841388888889,180,59.717000000000006,112.57232318627858,374,2751,191,12992.368083333335,31,60.24247222222224
피커 1명 · DD→PD (strict),greedy:count_partial:time_asc:demand_desc,2026-07-02,65.49802777777779,248,65.55636111111113,0.19583333333333333,126,67.8841388888889,48.6249905202822,67.8841388888889,180,59.717000000000006,112.57232318627858,374,2751,191,12992.368083333335,31,60.24247222222224
피커 1명 · DD→PD (strict),greedy:count_partial:time_asc:cells_asc,2026-07-02,65.49802777777779,248,65.55636111111113,0.19583333333333333,126,67.8841388888889,48.6249905202822,67.8841388888889,180,59.717000000000006,112.57232318627858,374,2751,191,12992.368083333335,31,60.24247222222224
피커 1명 · DD→PD (strict),greedy:count_partial:time_asc:qty_desc,2026-07-02,65.49802777777779,248,65.55636111111113,0.19583333333333333,126,67.8841388888889,48.6249905202822,67.8841388888889,180,59.717000000000006,112.57232318627858,374,2751,191,12992.368083333335,31,60.24247222222224
피커 1명 · DD→PD (strict),greedy:count_partial:demand_desc:none,2026-07-02,65.49802777777779,248,65.32361111111113,0.19583333333333333,126,67.6513888888889,48.320368165784835,67.6513888888889,181,60.11902777777779,112.36784577798763,374,2751,191,12976.696138888892,31,60.00972222222224
피커 1명 · DD→PD (strict),greedy:count_partial:demand_desc:time_asc,2026-07-02,65.49802777777779,248,65.55636111111113,0.19583333333333333,126,67.8841388888889,48.62077270723104,67.8841388888889,182,60.367222222222225,112.6797071317183,374,2751,191,13004.692000000001,31,60.24247222222224
피커 1명 · DD→PD (strict),greedy:count_partial:demand_desc:cells_asc,2026-07-02,65.49802777777779,248,65.32361111111113,0.19583333333333333,126,67.6513888888889,48.320368165784835,67.6513888888889,181,60.11902777777779,112.36784577798763,374,2751,191,12976.696138888892,31,60.00972222222224
피커 1명 · DD→PD (strict),greedy:count_partial:demand_desc:qty_desc,2026-07-02,65.49802777777779,248,64.99111111111112,0.19583333333333333,126,67.3188888888889,47.983224426807766,67.3188888888889,181,60.08327777777778,111.98372464390049,374,2751,191,12933.709861111112,31,59.67722222222224
피커 1명 · DD→PD (strict),greedy:count_partial:cells_asc:none,2026-07-02,65.49802777777779,248,65.32361111111113,0.19583333333333333,126,67.6513888888889,48.306865299823656,67.6513888888889,180,58.296666666666674,112.16650228910467,374,2751,191,12968.48777777778,31,60.00972222222224
피커 1명 · DD→PD (strict),greedy:count_partial:cells_asc:time_asc,2026-07-02,65.49802777777779,248,65.55636111111113,0.19583333333333333,126,67.8841388888889,48.6249905202822,67.8841388888889,180,59.717000000000006,112.57232318627858,374,2751,191,12992.368083333335,31,60.24247222222224
피커 1명 · DD→PD (strict),greedy:count_partial:cells_asc:demand_desc,2026-07-02,65.49802777777779,248,65.32361111111113,0.19583333333333333,126,67.6513888888889,48.320368165784835,67.6513888888889,181,60.11902777777779,112.36784577798763,374,2751,191,12976.696138888892,31,60.00972222222224
피커 1명 · DD→PD (strict),greedy:count_partial:cells_asc:qty_desc,2026-07-02,65.49802777777779,248,64.99111111111112,0.19583333333333333,126,67.3188888888889,47.98070899470901,67.3188888888889,181,60.37583333333334,111.97430843250201,374,2751,191,12933.376583333336,31,59.67722222222224
피커 1명 · DD→PD (strict),greedy:count_partial:qty_desc:none,2026-07-02,65.49802777777779,248,64.99111111111112,0.19583333333333333,126,67.3188888888889,47.98070899470901,67.3188888888889,181,60.37583333333334,111.97430843250201,374,2751,191,12933.376583333336,31,59.67722222222224
피커 1명 · DD→PD (strict),greedy:count_partial:qty_desc:time_asc,2026-07-02,65.49802777777779,248,65.55636111111113,0.19583333333333333,126,67.8841388888889,48.61593540564374,67.8841388888889,181,60.058888888888895,112.65344015477352,374,2751,191,13005.02147222222,31,60.24247222222224
피커 1명 · DD→PD (strict),greedy:count_partial:qty_desc:demand_desc,2026-07-02,65.49802777777779,248,64.99111111111112,0.19583333333333333,126,67.3188888888889,47.983224426807766,67.3188888888889,181,60.08327777777778,111.98372464390049,374,2751,191,12933.709861111112,31,59.67722222222224
피커 1명 · DD→PD (strict),greedy:count_partial:qty_desc:cells_asc,2026-07-02,65.49802777777779,248,64.99111111111112,0.19583333333333333,126,67.3188888888889,47.98070899470901,67.3188888888889,181,60.37583333333334,111.97430843250201,374,2751,191,12933.376583333336,31,59.67722222222224
피커 1명 · DD→PD (strict),greedy:count_ddweighted:none:none,2026-07-02,65.49802777777776,248,65.63136111111109,0.22647827060931913,126,67.95913888888887,13.992667107583761,67.95913888888887,186,56.7735,117.83923223472927,374,2751,191,21345.725555555553,170,60.31747222222221
피커 1명 · DD→PD (strict),greedy:count_ddweighted:time_asc:none,2026-07-02,65.49802777777778,248,66.10913888888889,0.2531304883512543,126,68.43691666666666,16.965272266313924,68.43691666666666,204,44.19286111111112,130.89250197566372,374,2751,191,21316.048388888885,163,60.795249999999996
피커 1명 · DD→PD (strict),greedy:count_ddweighted:time_asc:demand_desc,2026-07-02,65.49802777777778,248,66.10913888888889,0.2531304883512543,126,68.43691666666666,16.965272266313924,68.43691666666666,204,44.19286111111112,130.89250197566372,374,2751,191,21316.048388888885,163,60.795249999999996
피커 1명 · DD→PD (strict),greedy:count_ddweighted:time_asc:cells_asc,2026-07-02,65.49802777777778,248,66.10913888888889,0.2531304883512543,126,68.43691666666666,16.965272266313924,68.43691666666666,204,44.19286111111112,130.88213557578774,374,2751,191,21316.048388888885,163,60.795249999999996
피커 1명 · DD→PD (strict),greedy:count_ddweighted:time_asc:qty_desc,2026-07-02,65.49802777777778,248,66.10913888888889,0.2531304883512543,126,68.43691666666666,16.965272266313924,68.43691666666666,204,44.19286111111112,130.89250197566372,374,2751,191,21316.048388888885,163,60.795249999999996
피커 1명 · DD→PD (strict),greedy:count_ddweighted:demand_desc:none,2026-07-02,65.49802777777776,248,65.52024999999999,0.19683512544802864,126,67.84802777777777,46.408756172839496,67.84802777777777,176,61.64355555555555,112.4222873095877,374,2751,191,13276.225138888885,35,60.2063611111111
피커 1명 · DD→PD (strict),greedy:count_ddweighted:demand_desc:time_asc,2026-07-02,65.49802777777778,248,65.52025,0.19696953405017917,126,67.84802777777777,46.542091490299825,67.84802777777777,175,60.882999999999996,113.01367435146112,374,2751,191,13264.986833333327,35,60.20636111111111
피커 1명 · DD→PD (strict),greedy:count_ddweighted:demand_desc:cells_asc,2026-07-02,65.49802777777776,248,65.52024999999999,0.19683512544802864,126,67.84802777777777,46.38817283950616,67.84802777777777,176,61.64355555555555,112.40301875637914,374,2751,191,13286.134972222218,35,60.2063611111111
피커 1명 · DD→PD (strict),greedy:count_ddweighted:demand_desc:qty_desc,2026-07-02,65.49802777777776,248,65.52024999999999,0.19683512544802864,126,67.84802777777777,46.52282319223984,67.84802777777777,176,61.64355555555555,112.44275789560736,374,2751,191,13274.634694444438,35,60.2063611111111
피커 1명 · DD→PD (strict),greedy:count_ddweighted:cells_asc:none,2026-07-02,65.49802777777778,248,66.38391666666666,0.2975105286738355,126,68.71169444444445,10.121999999999993,68.71169444444445,199,61.54952777777779,109.44917713748386,374,2751,191,22632.10211111112,179,61.07002777777778
피커 1명 · DD→PD (strict),greedy:count_ddweighted:cells_asc:time_asc,2026-07-02,65.49802777777776,248,66.07858333333331,0.2874128584229391,126,68.4063611111111,10.367764550264543,68.4063611111111,201,62.25291666666666,115.43116319997856,374,2751,191,23035.805944444437,182,60.76469444444443
피커 1명 · DD→PD (strict),greedy:count_ddweighted:cells_asc:demand_desc,2026-07-02,65.49802777777778,248,66.07858333333333,0.28131451612903224,126,68.40636111111111,11.32801587301587,68.40636111111111,204,57.461749999999995,114.39205540095564,374,2751,191,22489.134138888883,175,60.764694444444444
피커 1명 · DD→PD (strict),greedy:count_ddweighted:cells_asc:qty_desc,2026-07-02,65.49802777777778,248,66.07858333333333,0.28131451612903224,126,68.40636111111111,11.32801587301587,68.40636111111111,204,57.461749999999995,114.37228912678279,374,2751,191,22489.813249999996,175,60.764694444444444
피커 1명 · DD→PD (strict),greedy:count_ddweighted:qty_desc:none,2026-07-02,65.49802777777776,248,65.52024999999999,0.19683512544802864,126,67.84802777777777,46.54174999999999,67.84802777777777,176,61.64355555555555,112.43076049455297,374,2751,191,13273.339138888887,35,60.2063611111111
피커 1명 · DD→PD (strict),greedy:count_ddweighted:qty_desc:time_asc,2026-07-02,65.49802777777778,248,65.52025,0.19696953405017917,126,67.84802777777777,46.70975286596121,67.84802777777777,175,60.882999999999996,112.99168935148774,374,2751,191,13269.068749999997,35,60.20636111111111
피커 1명 · DD→PD (strict),greedy:count_ddweighted:qty_desc:demand_desc,2026-07-02,65.49802777777776,248,65.52024999999999,0.19683512544802864,126,67.84802777777777,46.52282319223984,67.84802777777777,176,61.64355555555555,112.44275789560736,374,2751,191,13274.634694444438,35,60.2063611111111
피커 1명 · DD→PD (strict),greedy:count_ddweighted:qty_desc:cells_asc,2026-07-02,65.49802777777776,248,65.52024999999999,0.19683512544802864,126,67.84802777777777,46.52116666666665,67.84802777777777,176,61.64355555555555,112.41149194134438,374,2751,191,13283.24897222222,35,60.2063611111111
피커 1명 · DD→PD (strict),search:genetic,2026-07-02,65.49802777777776,248,65.52024999999999,0.19683512544802864,126,67.84802777777777,46.50667680776013,67.84802777777777,177,61.76772222222222,112.66541523150798,374,2751,191,13290.375472222218,35,60.2063611111111
피커 1명 · DD→PD (strict),sort:qty_desc,2026-07-03,64.17877777777777,147,64.20933333333332,0.061678004535147386,64,65.5121111111111,37.25694184027777,65.5121111111111,156,62.52469444444443,95.84125454326511,211,1616,190,8127.64175,66,61.02322222222221
피커 1명 · DD→PD (strict),sort:qty_asc,2026-07-03,64.17877777777775,147,65.38561111111107,0.30375547996976676,64,66.68838888888887,5.2559257812499975,66.68838888888887,186,62.13577777777775,96.03220034138874,211,1616,190,13330.263333333325,188,62.19949999999997
피커 1명 · DD→PD (strict),sort:time_asc,2026-07-03,64.17877777777775,147,64.5843333333333,0.1230347694633409,64,65.88711111111108,8.418299045138886,65.88711111111108,185,57.728249999999974,118.43067646007312,211,1616,190,12835.914555555553,185,61.398222222222195
피커 1명 · DD→PD (strict),sort:demand_desc,2026-07-03,64.17877777777777,147,64.20933333333332,0.061678004535147386,64,65.5121111111111,37.351537326388886,65.5121111111111,156,62.52469444444443,95.84230778363286,211,1616,190,8119.637972222222,65,61.02322222222221
피커 1명 · DD→PD (strict),sort:cells_asc,2026-07-03,64.17877777777778,147,65.30377777777778,0.26589191232048376,64,66.60655555555556,6.233309027777777,66.60655555555556,180,63.23561111111111,93.52373807049356,211,1616,190,13190.627138888893,188,62.117666666666665
피커 1명 · DD→PD (strict),sort:code,2026-07-03,64.17877777777778,147,64.20933333333335,0.07842025699168556,64,65.51211111111112,9.868997829861113,65.51211111111112,169,55.79219444444446,100.89096714941599,211,1616,190,12364.355250000004,174,61.02322222222223
피커 1명 · DD→PD (strict),sort:random,2026-07-03,64.17877777777775,147,64.21211111111108,0.10158730158730159,64,65.51488888888886,8.49108637152777,65.51488888888886,176,52.62308333333333,105.70795103403127,211,1616,190,12361.317444444443,167,61.025999999999975
피커 1명 · DD→PD (strict),greedy:count:none:none,2026-07-03,64.1787777777778,147,64.03650000000002,0.060523053665910785,64,65.3392777777778,14.706832031250006,65.3392777777778,163,60.620500000000014,94.04839908273654,211,1616,190,11196.614361111111,151,60.8503888888889
피커 1명 · DD→PD (strict),greedy:count:time_asc:none,2026-07-03,64.17877777777774,147,64.20933333333329,0.0755479969765684,64,65.51211111111107,19.959718315972196,65.51211111111107,163,52.420555555555545,109.34825324918715,211,1616,190,11369.047027777773,163,61.02322222222218
피커 1명 · DD→PD (strict),greedy:count:time_asc:demand_desc,2026-07-03,64.17877777777774,147,64.20933333333329,0.0755479969765684,64,65.51211111111107,19.959718315972196,65.51211111111107,163,52.420555555555545,109.34825324918715,211,1616,190,11369.047027777773,163,61.02322222222218
피커 1명 · DD→PD (strict),greedy:count:time_asc:cells_asc,2026-07-03,64.17877777777774,147,64.20933333333329,0.0755479969765684,64,65.51211111111107,19.959718315972196,65.51211111111107,163,52.420555555555545,109.34825324918715,211,1616,190,11369.047027777773,163,61.02322222222218
피커 1명 · DD→PD (strict),greedy:count:time_asc:qty_desc,2026-07-03,64.17877777777774,147,64.20933333333329,0.0755479969765684,64,65.51211111111107,19.959718315972196,65.51211111111107,163,52.420555555555545,109.34825324918715,211,1616,190,11369.047027777773,163,61.02322222222218
피커 1명 · DD→PD (strict),greedy:count:demand_desc:none,2026-07-03,64.17877777777775,147,64.2093333333333,0.059958427815570675,64,65.51211111111108,39.10569748263887,65.51211111111108,153,62.08827777777776,90.62435656511349,211,1616,190,7833.8268333333335,44,61.0232222222222
피커 1명 · DD→PD (strict),greedy:count:demand_desc:time_asc,2026-07-03,64.17877777777777,147,64.20933333333332,0.059788359788359786,64,65.5121111111111,39.06068098958332,65.5121111111111,151,59.56666666666667,90.81233877026978,211,1616,190,7811.065750000001,44,61.02322222222221
피커 1명 · DD→PD (strict),greedy:count:demand_desc:cells_asc,2026-07-03,64.17877777777775,147,64.2093333333333,0.059958427815570675,64,65.51211111111108,39.10569748263887,65.51211111111108,153,62.08827777777776,90.60018334184178,211,1616,190,7833.8268333333335,44,61.0232222222222
피커 1명 · DD→PD (strict),greedy:count:demand_desc:qty_desc,2026-07-03,64.17877777777775,147,64.2093333333333,0.059958427815570675,64,65.51211111111108,39.01861675347221,65.51211111111108,153,62.08827777777776,90.5281958043381,211,1616,190,7830.064694444444,44,61.0232222222222
피커 1명 · DD→PD (strict),greedy:count:cells_asc:none,2026-07-03,64.17877777777778,147,64.0365,0.07005706727135301,64,65.33927777777778,11.59631987847222,65.33927777777778,160,60.366777777777784,89.36270721966625,211,1616,190,11823.662138888885,163,60.850388888888894
피커 1명 · DD→PD (strict),greedy:count:cells_asc:time_asc,2026-07-03,64.17877777777773,147,64.5204444444444,0.07496220710506424,64,65.82322222222217,15.570617621527758,65.82322222222217,160,56.674499999999966,102.14961453995463,211,1616,190,11878.883916666658,164,61.334333333333284
피커 1명 · DD→PD (strict),greedy:count:cells_asc:demand_desc,2026-07-03,64.17877777777778,147,64.20933333333335,0.0731103552532124,64,65.51211111111112,18.671954861111104,65.51211111111112,153,56.35550000000002,92.40332279527618,211,1616,190,10780.79755555556,140,61.02322222222223
피커 1명 · DD→PD (strict),greedy:count:cells_asc:qty_desc,2026-07-03,64.17877777777778,147,64.20933333333335,0.0731103552532124,64,65.51211111111112,18.91949869791666,65.51211111111112,153,62.08827777777779,91.93662410173522,211,1616,190,10704.062638888892,140,61.02322222222223
피커 1명 · DD→PD (strict),greedy:count:qty_desc:none,2026-07-03,64.17877777777775,147,64.2093333333333,0.059958427815570675,64,65.51211111111108,39.033111545138865,65.51211111111108,153,62.08827777777776,90.48234168745726,211,1616,190,7829.860083333332,44,61.0232222222222
피커 1명 · DD→PD (strict),greedy:count:qty_desc:time_asc,2026-07-03,64.17877777777777,147,64.20933333333332,0.059788359788359786,64,65.5121111111111,38.975217447916656,65.5121111111111,151,59.56666666666667,90.83877069379875,211,1616,190,7811.441944444446,44,61.02322222222221
피커 1명 · DD→PD (strict),greedy:count:qty_desc:demand_desc,2026-07-03,64.17877777777775,147,64.2093333333333,0.059958427815570675,64,65.51211111111108,39.01861675347221,65.51211111111108,153,62.08827777777776,90.5281958043381,211,1616,190,7830.064694444444,44,61.0232222222222
피커 1명 · DD→PD (strict),greedy:count:qty_desc:cells_asc,2026-07-03,64.17877777777775,147,64.2093333333333,0.059958427815570675,64,65.51211111111108,39.033111545138865,65.51211111111108,153,62.08827777777776,90.45816846418556,211,1616,190,7829.860083333332,44,61.0232222222222
피커 1명 · DD→PD (strict),greedy:count_partial:none:none,2026-07-03,64.17877777777777,147,64.20933333333333,0.05939153439153446,64,65.51211111111111,42.40267795138888,65.51211111111111,155,60.13933333333333,93.5825046768282,211,1616,190,7699.703250000003,40,61.023222222222216
피커 1명 · DD→PD (strict),greedy:count_partial:time_asc:none,2026-07-03,64.17877777777777,147,64.20933333333333,0.060090702947845874,64,65.51211111111111,42.54695269097222,65.51211111111111,153,58.5145,93.50193899686063,211,1616,190,7694.477500000002,40,61.023222222222216
피커 1명 · DD→PD (strict),greedy:count_partial:time_asc:demand_desc,2026-07-03,64.17877777777777,147,64.20933333333333,0.060090702947845874,64,65.51211111111111,42.54695269097222,65.51211111111111,153,58.5145,93.50193899686063,211,1616,190,7694.477500000002,40,61.023222222222216
피커 1명 · DD→PD (strict),greedy:count_partial:time_asc:cells_asc,2026-07-03,64.17877777777777,147,64.20933333333333,0.060090702947845874,64,65.51211111111111,42.54695269097222,65.51211111111111,153,58.5145,93.50193899686063,211,1616,190,7694.477500000002,40,61.023222222222216
피커 1명 · DD→PD (strict),greedy:count_partial:time_asc:qty_desc,2026-07-03,64.17877777777777,147,64.20933333333333,0.060090702947845874,64,65.51211111111111,42.54695269097222,65.51211111111111,153,58.5145,93.50193899686063,211,1616,190,7694.477500000002,40,61.023222222222216
피커 1명 · DD→PD (strict),greedy:count_partial:demand_desc:none,2026-07-03,64.17877777777777,147,64.20933333333333,0.06005291005291012,64,65.51211111111111,42.43329340277777,65.51211111111111,155,59.71275,93.74499795627273,211,1616,190,7716.3121944444465,40,61.023222222222216
피커 1명 · DD→PD (strict),greedy:count_partial:demand_desc:time_asc,2026-07-03,64.17877777777777,147,64.20933333333333,0.060090702947845874,64,65.51211111111111,42.50569921874999,65.51211111111111,154,55.94505555555555,93.63463074681697,211,1616,190,7709.140638888891,40,61.023222222222216
피커 1명 · DD→PD (strict),greedy:count_partial:demand_desc:cells_asc,2026-07-03,64.17877777777777,147,64.20933333333333,0.06005291005291012,64,65.51211111111111,42.43329340277777,65.51211111111111,155,59.71275,93.74499795627273,211,1616,190,7716.3121944444465,40,61.023222222222216
피커 1명 · DD→PD (strict),greedy:count_partial:demand_desc:qty_desc,2026-07-03,64.17877777777777,147,64.20933333333333,0.06005291005291012,64,65.51211111111111,42.43329340277777,65.51211111111111,155,59.71275,93.74499795627273,211,1616,190,7716.3121944444465,40,61.023222222222216
피커 1명 · DD→PD (strict),greedy:count_partial:cells_asc:none,2026-07-03,64.17877777777777,147,64.20933333333333,0.05939153439153446,64,65.51211111111111,42.40267795138888,65.51211111111111,155,60.13933333333333,93.5825046768282,211,1616,190,7699.703250000003,40,61.023222222222216
피커 1명 · DD→PD (strict),greedy:count_partial:cells_asc:time_asc,2026-07-03,64.17877777777777,147,64.20933333333333,0.060090702947845874,64,65.51211111111111,42.54695269097222,65.51211111111111,153,58.5145,93.50193899686063,211,1616,190,7694.477500000002,40,61.023222222222216
피커 1명 · DD→PD (strict),greedy:count_partial:cells_asc:demand_desc,2026-07-03,64.17877777777777,147,64.20933333333333,0.06005291005291012,64,65.51211111111111,42.43329340277777,65.51211111111111,155,59.71275,93.74499795627273,211,1616,190,7716.3121944444465,40,61.023222222222216
피커 1명 · DD→PD (strict),greedy:count_partial:cells_asc:qty_desc,2026-07-03,64.17877777777777,147,64.20933333333333,0.06005291005291012,64,65.51211111111111,42.43329340277777,65.51211111111111,155,59.71275,93.74499795627273,211,1616,190,7716.3121944444465,40,61.023222222222216
피커 1명 · DD→PD (strict),greedy:count_partial:qty_desc:none,2026-07-03,64.17877777777777,147,64.20933333333333,0.06005291005291012,64,65.51211111111111,42.43329340277777,65.51211111111111,155,59.71275,93.74499795627273,211,1616,190,7716.3121944444465,40,61.023222222222216
피커 1명 · DD→PD (strict),greedy:count_partial:qty_desc:time_asc,2026-07-03,64.17877777777777,147,64.20933333333333,0.060090702947845874,64,65.51211111111111,42.50569921874999,65.51211111111111,154,55.94505555555555,93.63463074681697,211,1616,190,7709.140638888891,40,61.023222222222216
피커 1명 · DD→PD (strict),greedy:count_partial:qty_desc:demand_desc,2026-07-03,64.17877777777777,147,64.20933333333333,0.06005291005291012,64,65.51211111111111,42.43329340277777,65.51211111111111,155,59.71275,93.74499795627273,211,1616,190,7716.3121944444465,40,61.023222222222216
피커 1명 · DD→PD (strict),greedy:count_partial:qty_desc:cells_asc,2026-07-03,64.17877777777777,147,64.20933333333333,0.06005291005291012,64,65.51211111111111,42.43329340277777,65.51211111111111,155,59.71275,93.74499795627273,211,1616,190,7716.3121944444465,40,61.023222222222216
피커 1명 · DD→PD (strict),greedy:count_ddweighted:none:none,2026-07-03,64.1787777777778,147,64.03650000000002,0.060390778533635656,64,65.3392777777778,14.331467013888897,65.3392777777778,163,60.620500000000014,93.65289552736276,211,1616,190,11152.94988888889,148,60.8503888888889
피커 1명 · DD→PD (strict),greedy:count_ddweighted:time_asc:none,2026-07-03,64.17877777777774,147,64.20933333333329,0.07413076341647769,64,65.51211111111107,19.12740538194442,65.51211111111107,161,53.47211111111109,109.00281627315726,211,1616,190,11173.208833333329,158,61.02322222222218
피커 1명 · DD→PD (strict),greedy:count_ddweighted:time_asc:demand_desc,2026-07-03,64.17877777777774,147,64.20933333333329,0.07413076341647769,64,65.51211111111107,19.12740538194442,65.51211111111107,161,53.47211111111109,109.00281627315726,211,1616,190,11173.208833333329,158,61.02322222222218
피커 1명 · DD→PD (strict),greedy:count_ddweighted:time_asc:cells_asc,2026-07-03,64.17877777777774,147,64.20933333333329,0.07413076341647769,64,65.51211111111107,19.12740538194442,65.51211111111107,161,53.47211111111109,109.00281627315726,211,1616,190,11173.208833333329,158,61.02322222222218
피커 1명 · DD→PD (strict),greedy:count_ddweighted:time_asc:qty_desc,2026-07-03,64.17877777777774,147,64.20933333333329,0.07413076341647769,64,65.51211111111107,19.12740538194442,65.51211111111107,161,53.47211111111109,109.00281627315726,211,1616,190,11173.208833333329,158,61.02322222222218
피커 1명 · DD→PD (strict),greedy:count_ddweighted:demand_desc:none,2026-07-03,64.17877777777775,147,64.2093333333333,0.059126984126984125,64,65.51211111111108,39.01263802083332,65.51211111111108,153,62.08827777777776,90.56802219776156,211,1616,190,7827.333111111111,44,61.0232222222222
피커 1명 · DD→PD (strict),greedy:count_ddweighted:demand_desc:time_asc,2026-07-03,64.17877777777777,147,64.20933333333332,0.059126984126984125,64,65.5121111111111,38.941419270833315,65.5121111111111,151,61.3726111111111,90.69739140684756,211,1616,190,7805.332916666666,44,61.02322222222221
피커 1명 · DD→PD (strict),greedy:count_ddweighted:demand_desc:cells_asc,2026-07-03,64.17877777777775,147,64.2093333333333,0.059126984126984125,64,65.51211111111108,39.01263802083332,65.51211111111108,153,62.08827777777776,90.54384897448986,211,1616,190,7827.333111111111,44,61.0232222222222
피커 1명 · DD→PD (strict),greedy:count_ddweighted:demand_desc:qty_desc,2026-07-03,64.17877777777775,147,64.2093333333333,0.059126984126984125,64,65.51211111111108,38.92555729166664,65.51211111111108,153,62.08827777777776,90.48165775963392,211,1616,190,7823.771944444444,44,61.0232222222222
피커 1명 · DD→PD (strict),greedy:count_ddweighted:cells_asc:none,2026-07-03,64.17877777777778,147,64.0365,0.06732048374905518,64,65.33927777777778,11.379696180555559,65.33927777777778,160,60.366777777777784,88.82173858330917,211,1616,190,11556.881638888886,152,60.850388888888894
피커 1명 · DD→PD (strict),greedy:count_ddweighted:cells_asc:time_asc,2026-07-03,64.17877777777773,147,64.5204444444444,0.07464096749811036,64,65.82322222222217,15.377978298611092,65.82322222222217,158,56.25711111111107,102.16094919219657,211,1616,190,11851.677472222216,168,61.334333333333284
피커 1명 · DD→PD (strict),greedy:count_ddweighted:cells_asc:demand_desc,2026-07-03,64.17877777777778,147,64.20933333333335,0.0731103552532124,64,65.51211111111112,19.010622395833327,65.51211111111112,153,56.35550000000002,92.1178844793753,211,1616,190,10699.00166666667,135,61.02322222222223
피커 1명 · DD→PD (strict),greedy:count_ddweighted:cells_asc:qty_desc,2026-07-03,64.17877777777778,147,64.20933333333335,0.0731103552532124,64,65.51211111111112,19.255768663194434,65.51211111111112,153,62.08827777777779,91.63691107157454,211,1616,190,10622.621166666671,135,61.02322222222223
피커 1명 · DD→PD (strict),greedy:count_ddweighted:qty_desc:none,2026-07-03,64.17877777777775,147,64.2093333333333,0.059126984126984125,64,65.51211111111108,38.940052083333306,65.51211111111108,153,62.08827777777776,90.43580364275306,211,1616,190,7823.5673333333325,44,61.0232222222222
피커 1명 · DD→PD (strict),greedy:count_ddweighted:qty_desc:time_asc,2026-07-03,64.17877777777777,147,64.20933333333332,0.059126984126984125,64,65.5121111111111,38.855955729166645,65.5121111111111,151,61.3726111111111,90.73361965302426,211,1616,190,7805.910083333332,44,61.02322222222221
피커 1명 · DD→PD (strict),greedy:count_ddweighted:qty_desc:demand_desc,2026-07-03,64.17877777777775,147,64.2093333333333,0.059126984126984125,64,65.51211111111108,38.92555729166664,65.51211111111108,153,62.08827777777776,90.48165775963392,211,1616,190,7823.771944444444,44,61.0232222222222
피커 1명 · DD→PD (strict),greedy:count_ddweighted:qty_desc:cells_asc,2026-07-03,64.17877777777775,147,64.2093333333333,0.059126984126984125,64,65.51211111111108,38.940052083333306,65.51211111111108,153,62.08827777777776,90.41163041948138,211,1616,190,7823.5673333333325,44,61.0232222222222
피커 1명 · DD→PD (strict),search:genetic,2026-07-03,64.17877777777775,147,64.2093333333333,0.059958427815570675,64,65.51211111111108,39.10569748263887,65.51211111111108,153,62.08827777777776,90.62435656511349,211,1616,190,7833.8268333333335,44,61.0232222222222
피커 1명 · DD→PD (strict),sort:qty_desc,2026-07-05,64.21116666666668,327,64.22783333333335,0.2863978083588175,0,,,64.22783333333335,132,53.98541666666665,74.53699503763079,327,2551,188,6298.981055555556,25,57.141722222222235
피커 1명 · DD→PD (strict),sort:qty_asc,2026-07-05,64.21116666666667,327,68.27411111111111,1.3553397893306156,0,,,68.27411111111111,203,63.81855555555556,96.11718936899786,327,2551,188,20578.676972222223,187,61.188
피커 1명 · DD→PD (strict),sort:time_asc,2026-07-05,64.2111666666667,327,67.64350000000003,1.158606184165818,0,,,67.64350000000003,220,55.71655555555561,130.6077232517208,327,2551,188,20411.568944444458,186,60.557388888888916
피커 1명 · DD→PD (strict),sort:demand_desc,2026-07-05,64.21116666666668,327,64.22783333333335,0.2863978083588175,0,,,64.22783333333335,132,53.98541666666665,74.53811518197804,327,2551,188,6300.320166666667,25,57.141722222222235
피커 1명 · DD→PD (strict),sort:cells_asc,2026-07-05,64.21116666666666,327,68.27411111111111,1.3545823989126746,0,,,68.27411111111111,203,63.818555555555555,93.2441652684359,327,2551,188,20596.23105555556,187,61.187999999999995
피커 1명 · DD→PD (strict),sort:code,2026-07-05,64.21116666666668,327,64.22783333333335,0.5783124362895014,0,,,64.22783333333335,208,55.253333333333345,117.28638544556229,327,2551,188,18670.58677777778,168,57.141722222222235
피커 1명 · DD→PD (strict),sort:random,2026-07-05,64.21116666666667,327,66.70663888888889,0.7875974345905539,0,,,66.70663888888889,215,57.61461111111111,125.01380339038386,327,2551,188,19518.77666666666,177,59.62052777777778
피커 1명 · DD→PD (strict),greedy:count:none:none,2026-07-05,64.21116666666666,327,64.22783333333332,0.35459709480122326,0,,,64.22783333333332,148,48.23311111111111,92.81202377646936,327,2551,188,15712.361027777777,155,57.14172222222222
피커 1명 · DD→PD (strict),greedy:count:time_asc:none,2026-07-05,64.2111666666667,327,65.24288888888891,0.45246202854230283,0,,,65.24288888888891,187,50.17505555555557,114.77930204398606,327,2551,188,17705.11680555556,170,58.1567777777778
피커 1명 · DD→PD (strict),greedy:count:time_asc:demand_desc,2026-07-05,64.2111666666667,327,65.24288888888891,0.45246202854230283,0,,,65.24288888888891,187,50.17505555555557,114.77930204398606,327,2551,188,17705.11680555556,170,58.1567777777778
피커 1명 · DD→PD (strict),greedy:count:time_asc:cells_asc,2026-07-05,64.2111666666667,327,65.24288888888891,0.45246202854230283,0,,,65.24288888888891,187,50.17505555555557,114.77930204398606,327,2551,188,17705.11680555556,170,58.1567777777778
피커 1명 · DD→PD (strict),greedy:count:time_asc:qty_desc,2026-07-05,64.2111666666667,327,65.24288888888891,0.45246202854230283,0,,,65.24288888888891,187,50.17505555555557,114.77930204398606,327,2551,188,17705.11680555556,170,58.1567777777778
피커 1명 · DD→PD (strict),greedy:count:demand_desc:none,2026-07-05,64.21116666666666,327,64.22783333333332,0.286826792388719,0,,,64.22783333333332,114,52.164888888888875,68.33777758171647,327,2551,188,6087.893694444444,28,57.14172222222221
피커 1명 · DD→PD (strict),greedy:count:demand_desc:time_asc,2026-07-05,64.21116666666666,327,64.22783333333332,0.28694571865443425,0,,,64.22783333333332,115,52.24208333333333,69.23716742741335,327,2551,188,6100.159583333333,28,57.14172222222222
피커 1명 · DD→PD (strict),greedy:count:demand_desc:cells_asc,2026-07-05,64.21116666666666,327,64.22783333333332,0.286826792388719,0,,,64.22783333333332,114,52.164888888888875,68.28436788827273,327,2551,188,6088.525222222222,28,57.14172222222221
피커 1명 · DD→PD (strict),greedy:count:demand_desc:qty_desc,2026-07-05,64.21116666666666,327,64.22783333333332,0.286826792388719,0,,,64.22783333333332,114,52.164888888888875,68.32543609944113,327,2551,188,6088.299249999999,28,57.14172222222221
피커 1명 · DD→PD (strict),greedy:count:cells_asc:none,2026-07-05,64.21116666666668,327,65.16394444444445,0.39567550118926287,0,,,65.16394444444445,170,51.77022222222223,81.78923075217978,327,2551,188,18846.018583333334,173,58.077833333333345
피커 1명 · DD→PD (strict),greedy:count:cells_asc:time_asc,2026-07-05,64.2111666666667,327,65.16394444444447,0.38908460754332314,0,,,65.16394444444447,170,48.56258333333334,94.58491957464551,327,2551,188,18795.57819444445,176,58.07783333333336
피커 1명 · DD→PD (strict),greedy:count:cells_asc:demand_desc,2026-07-05,64.2111666666667,327,65.18700000000004,0.37133978933061534,0,,,65.18700000000004,158,41.0510277777778,79.37344784150896,327,2551,188,16553.08944444445,145,58.100888888888925
피커 1명 · DD→PD (strict),greedy:count:cells_asc:qty_desc,2026-07-05,64.2111666666667,327,65.18700000000003,0.37133978933061534,0,,,65.18700000000003,158,41.05102777777779,79.37560871884817,327,2551,188,16553.08944444445,145,58.10088888888892
피커 1명 · DD→PD (strict),greedy:count:qty_desc:none,2026-07-05,64.21116666666666,327,64.22783333333332,0.286826792388719,0,,,64.22783333333332,114,52.164888888888875,68.33000144451046,327,2551,188,6088.299249999999,28,57.14172222222221
피커 1명 · DD→PD (strict),greedy:count:qty_desc:time_asc,2026-07-05,64.21116666666666,327,64.22783333333332,0.28694571865443425,0,,,64.22783333333332,115,52.24208333333333,69.22939129020735,327,2551,188,6100.565138888889,28,57.14172222222222
피커 1명 · DD→PD (strict),greedy:count:qty_desc:demand_desc,2026-07-05,64.21116666666666,327,64.22783333333332,0.286826792388719,0,,,64.22783333333332,114,52.164888888888875,68.32543609944113,327,2551,188,6088.299249999999,28,57.14172222222221
피커 1명 · DD→PD (strict),greedy:count:qty_desc:cells_asc,2026-07-05,64.21116666666666,327,64.22783333333332,0.286826792388719,0,,,64.22783333333332,114,52.164888888888875,68.2861371973556,327,2551,188,6088.525222222222,28,57.14172222222221
피커 1명 · DD→PD (strict),greedy:count_partial:none:none,2026-07-05,64.21116666666668,327,64.22783333333335,0.2868607713217805,0,,,64.22783333333335,121,51.44130555555555,69.75114803983388,327,2551,188,5731.056833333334,21,57.141722222222235
피커 1명 · DD→PD (strict),greedy:count_partial:time_asc:none,2026-07-05,64.21116666666668,327,64.22783333333335,0.286894750254842,0,,,64.22783333333335,120,50.91141666666666,68.50907360170089,327,2551,188,5717.175111111112,21,57.141722222222235
피커 1명 · DD→PD (strict),greedy:count_partial:time_asc:demand_desc,2026-07-05,64.21116666666668,327,64.22783333333335,0.286894750254842,0,,,64.22783333333335,120,50.91141666666666,68.50907360170089,327,2551,188,5717.175111111112,21,57.141722222222235
피커 1명 · DD→PD (strict),greedy:count_partial:time_asc:cells_asc,2026-07-05,64.21116666666668,327,64.22783333333335,0.286894750254842,0,,,64.22783333333335,120,50.91141666666666,68.50907360170089,327,2551,188,5717.175111111112,21,57.141722222222235
피커 1명 · DD→PD (strict),greedy:count_partial:time_asc:qty_desc,2026-07-05,64.21116666666668,327,64.22783333333335,0.286894750254842,0,,,64.22783333333335,120,50.91141666666666,68.50907360170089,327,2551,188,5717.175111111112,21,57.141722222222235
피커 1명 · DD→PD (strict),greedy:count_partial:demand_desc:none,2026-07-05,64.21116666666668,327,64.22783333333335,0.2868607713217805,0,,,64.22783333333335,121,51.44130555555555,69.74171979783773,327,2551,188,5733.1355,21,57.141722222222235
피커 1명 · DD→PD (strict),greedy:count_partial:demand_desc:time_asc,2026-07-05,64.21116666666668,327,64.22783333333335,0.286894750254842,0,,,64.22783333333335,120,50.91141666666666,68.70173626698706,327,2551,188,5725.394388888889,21,57.141722222222235
피커 1명 · DD→PD (strict),greedy:count_partial:demand_desc:cells_asc,2026-07-05,64.21116666666668,327,64.22783333333335,0.2868607713217805,0,,,64.22783333333335,121,51.44130555555555,69.73563728428572,327,2551,188,5733.1355,21,57.141722222222235
피커 1명 · DD→PD (strict),greedy:count_partial:demand_desc:qty_desc,2026-07-05,64.21116666666668,327,64.22783333333335,0.2868607713217805,0,,,64.22783333333335,121,51.44130555555555,69.74171979783773,327,2551,188,5733.1355,21,57.141722222222235
피커 1명 · DD→PD (strict),greedy:count_partial:cells_asc:none,2026-07-05,64.21116666666668,327,64.22783333333335,0.2868607713217805,0,,,64.22783333333335,121,51.44130555555555,69.74506552628186,327,2551,188,5731.056833333334,21,57.141722222222235
피커 1명 · DD→PD (strict),greedy:count_partial:cells_asc:time_asc,2026-07-05,64.21116666666668,327,64.22783333333335,0.286894750254842,0,,,64.22783333333335,120,50.91141666666666,68.491335099615,327,2551,188,5717.175111111112,21,57.141722222222235
피커 1명 · DD→PD (strict),greedy:count_partial:cells_asc:demand_desc,2026-07-05,64.21116666666668,327,64.22783333333335,0.2868607713217805,0,,,64.22783333333335,121,51.44130555555555,69.73563728428572,327,2551,188,5733.1355,21,57.141722222222235
피커 1명 · DD→PD (strict),greedy:count_partial:cells_asc:qty_desc,2026-07-05,64.21116666666668,327,64.22783333333335,0.2868607713217805,0,,,64.22783333333335,121,51.44130555555555,69.73563728428572,327,2551,188,5733.1355,21,57.141722222222235
피커 1명 · DD→PD (strict),greedy:count_partial:qty_desc:none,2026-07-05,64.21116666666668,327,64.22783333333335,0.2868607713217805,0,,,64.22783333333335,121,51.44130555555555,69.74171979783773,327,2551,188,5733.1355,21,57.141722222222235
피커 1명 · DD→PD (strict),greedy:count_partial:qty_desc:time_asc,2026-07-05,64.21116666666668,327,64.22783333333335,0.286894750254842,0,,,64.22783333333335,120,50.91141666666666,68.70173626698706,327,2551,188,5725.394388888889,21,57.141722222222235
피커 1명 · DD→PD (strict),greedy:count_partial:qty_desc:demand_desc,2026-07-05,64.21116666666668,327,64.22783333333335,0.2868607713217805,0,,,64.22783333333335,121,51.44130555555555,69.74171979783773,327,2551,188,5733.1355,21,57.141722222222235
피커 1명 · DD→PD (strict),greedy:count_partial:qty_desc:cells_asc,2026-07-05,64.21116666666668,327,64.22783333333335,0.2868607713217805,0,,,64.22783333333335,121,51.44130555555555,69.73563728428572,327,2551,188,5733.1355,21,57.141722222222235
피커 1명 · DD→PD (strict),greedy:count_ddweighted:none:none,2026-07-05,64.21116666666666,327,64.22783333333332,0.35459709480122326,0,,,64.22783333333332,148,48.23311111111111,92.81202377646936,327,2551,188,15712.361027777777,155,57.14172222222222
피커 1명 · DD→PD (strict),greedy:count_ddweighted:time_asc:none,2026-07-05,64.2111666666667,327,65.24288888888891,0.45246202854230283,0,,,65.24288888888891,187,50.17505555555557,114.77930204398606,327,2551,188,17705.11680555556,170,58.1567777777778
피커 1명 · DD→PD (strict),greedy:count_ddweighted:time_asc:demand_desc,2026-07-05,64.2111666666667,327,65.24288888888891,0.45246202854230283,0,,,65.24288888888891,187,50.17505555555557,114.77930204398606,327,2551,188,17705.11680555556,170,58.1567777777778
피커 1명 · DD→PD (strict),greedy:count_ddweighted:time_asc:cells_asc,2026-07-05,64.2111666666667,327,65.24288888888891,0.45246202854230283,0,,,65.24288888888891,187,50.17505555555557,114.77930204398606,327,2551,188,17705.11680555556,170,58.1567777777778
피커 1명 · DD→PD (strict),greedy:count_ddweighted:time_asc:qty_desc,2026-07-05,64.2111666666667,327,65.24288888888891,0.45246202854230283,0,,,65.24288888888891,187,50.17505555555557,114.77930204398606,327,2551,188,17705.11680555556,170,58.1567777777778
피커 1명 · DD→PD (strict),greedy:count_ddweighted:demand_desc:none,2026-07-05,64.21116666666666,327,64.22783333333332,0.286826792388719,0,,,64.22783333333332,114,52.164888888888875,68.33777758171647,327,2551,188,6087.893694444444,28,57.14172222222221
피커 1명 · DD→PD (strict),greedy:count_ddweighted:demand_desc:time_asc,2026-07-05,64.21116666666666,327,64.22783333333332,0.28694571865443425,0,,,64.22783333333332,115,52.24208333333333,69.23716742741335,327,2551,188,6100.159583333333,28,57.14172222222222
피커 1명 · DD→PD (strict),greedy:count_ddweighted:demand_desc:cells_asc,2026-07-05,64.21116666666666,327,64.22783333333332,0.286826792388719,0,,,64.22783333333332,114,52.164888888888875,68.28436788827273,327,2551,188,6088.525222222222,28,57.14172222222221
피커 1명 · DD→PD (strict),greedy:count_ddweighted:demand_desc:qty_desc,2026-07-05,64.21116666666666,327,64.22783333333332,0.286826792388719,0,,,64.22783333333332,114,52.164888888888875,68.32543609944113,327,2551,188,6088.299249999999,28,57.14172222222221
피커 1명 · DD→PD (strict),greedy:count_ddweighted:cells_asc:none,2026-07-05,64.21116666666668,327,65.16394444444445,0.39567550118926287,0,,,65.16394444444445,170,51.77022222222223,81.78923075217978,327,2551,188,18846.018583333334,173,58.077833333333345
피커 1명 · DD→PD (strict),greedy:count_ddweighted:cells_asc:time_asc,2026-07-05,64.2111666666667,327,65.16394444444447,0.38908460754332314,0,,,65.16394444444447,170,48.56258333333334,94.58491957464551,327,2551,188,18795.57819444445,176,58.07783333333336
피커 1명 · DD→PD (strict),greedy:count_ddweighted:cells_asc:demand_desc,2026-07-05,64.2111666666667,327,65.18700000000004,0.37133978933061534,0,,,65.18700000000004,158,41.0510277777778,79.37344784150896,327,2551,188,16553.08944444445,145,58.100888888888925
피커 1명 · DD→PD (strict),greedy:count_ddweighted:cells_asc:qty_desc,2026-07-05,64.2111666666667,327,65.18700000000003,0.37133978933061534,0,,,65.18700000000003,158,41.05102777777779,79.37560871884817,327,2551,188,16553.08944444445,145,58.10088888888892
피커 1명 · DD→PD (strict),greedy:count_ddweighted:qty_desc:none,2026-07-05,64.21116666666666,327,64.22783333333332,0.286826792388719,0,,,64.22783333333332,114,52.164888888888875,68.33000144451046,327,2551,188,6088.299249999999,28,57.14172222222221
피커 1명 · DD→PD (strict),greedy:count_ddweighted:qty_desc:time_asc,2026-07-05,64.21116666666666,327,64.22783333333332,0.28694571865443425,0,,,64.22783333333332,115,52.24208333333333,69.22939129020735,327,2551,188,6100.565138888889,28,57.14172222222222
피커 1명 · DD→PD (strict),greedy:count_ddweighted:qty_desc:demand_desc,2026-07-05,64.21116666666666,327,64.22783333333332,0.286826792388719,0,,,64.22783333333332,114,52.164888888888875,68.32543609944113,327,2551,188,6088.299249999999,28,57.14172222222221
피커 1명 · DD→PD (strict),greedy:count_ddweighted:qty_desc:cells_asc,2026-07-05,64.21116666666666,327,64.22783333333332,0.286826792388719,0,,,64.22783333333332,114,52.164888888888875,68.2861371973556,327,2551,188,6088.525222222222,28,57.14172222222221
피커 1명 · DD→PD (strict),search:genetic,2026-07-05,64.21116666666666,327,64.22783333333332,0.286826792388719,0,,,64.22783333333332,114,52.164888888888875,68.33777758171647,327,2551,188,6087.893694444444,28,57.14172222222221
피커 1명 · DD→PD (strict),sort:qty_desc,2026-07-06,67.15986111111113,314,66.55533333333335,0.31807430997876857,189,70.6608888888889,47.73894855967079,70.6608888888889,214,66.522,141.8117416832823,503,3793,192,18295.13347222222,28,60.12477777777779
피커 1명 · DD→PD (strict),sort:qty_asc,2026-07-06,67.15986111111108,314,71.0700833333333,1.3493579263977336,189,75.17563888888887,8.168689888301,75.17563888888887,294,67.15986111111108,115.17996188924973,503,3793,192,34676.45669444442,191,64.63952777777776
피커 1명 · DD→PD (strict),sort:time_asc,2026-07-06,67.15986111111113,314,69.84222222222223,1.0735682944090585,189,73.94777777777779,8.27413300999412,73.94777777777779,288,64.90611111111113,156.98664748396016,503,3793,192,34020.96255555556,189,63.41166666666668
피커 1명 · DD→PD (strict),sort:demand_desc,2026-07-06,67.15986111111113,314,66.55533333333335,0.31807430997876857,189,70.6608888888889,47.70806187536743,70.6608888888889,214,66.522,141.7342553950952,503,3793,192,18289.206527777777,28,60.12477777777779
피커 1명 · DD→PD (strict),sort:cells_asc,2026-07-06,67.1598611111111,314,70.49402777777776,0.9748763269639066,189,74.59958333333331,7.986344209288653,74.59958333333331,286,67.1598611111111,113.92962725067349,503,3793,192,34417.68813888889,191,64.0634722222222
피커 1명 · DD→PD (strict),sort:code,2026-07-06,67.1598611111111,314,68.80219444444444,0.7821507430997878,189,72.90775,11.377299823633155,72.90775,266,65.30219444444444,154.986531305352,503,3793,192,32554.117277777765,187,62.37163888888888
피커 1명 · DD→PD (strict),sort:random,2026-07-06,67.15986111111108,314,66.75169444444442,0.46114950460014154,189,70.85724999999998,11.065214579659015,70.85724999999998,267,51.830999999999996,150.87137558651762,503,3793,192,31054.441583333326,169,60.32113888888887
피커 1명 · DD→PD (strict),greedy:count:none:none,2026-07-06,67.15986111111111,314,67.97930555555556,0.488199398443029,189,72.08486111111111,17.63151058201058,72.08486111111111,248,56.15336111111111,150.47357608990944,503,3793,192,30125.153055555555,160,61.54875
피커 1명 · DD→PD (strict),greedy:count:time_asc:none,2026-07-06,67.15986111111113,314,67.19319444444446,0.4532250530785563,189,71.29875000000001,24.546103468547926,71.29875000000001,247,53.070499999999996,146.72966878412626,503,3793,192,27171.13197222223,141,60.76263888888891
피커 1명 · DD→PD (strict),greedy:count:time_asc:demand_desc,2026-07-06,67.15986111111113,314,67.19319444444446,0.4532250530785563,189,71.29875000000001,24.546103468547926,71.29875000000001,247,53.070499999999996,146.72966878412626,503,3793,192,27171.13197222223,141,60.76263888888891
피커 1명 · DD→PD (strict),greedy:count:time_asc:cells_asc,2026-07-06,67.15986111111113,314,67.19319444444446,0.4532250530785563,189,71.29875000000001,24.546103468547926,71.29875000000001,247,53.070499999999996,146.72966878412626,503,3793,192,27171.13197222223,141,60.76263888888891
피커 1명 · DD→PD (strict),greedy:count:time_asc:qty_desc,2026-07-06,67.15986111111113,314,67.19319444444446,0.4532250530785563,189,71.29875000000001,24.546103468547926,71.29875000000001,247,53.070499999999996,146.72966878412626,503,3793,192,27171.13197222223,141,60.76263888888891
피커 1명 · DD→PD (strict),greedy:count:demand_desc:none,2026-07-06,67.15986111111113,314,67.19319444444446,0.3096249115357396,189,71.29875000000001,49.27142666078779,71.29875000000001,216,67.15986111111113,140.83529164256035,503,3793,192,18259.703611111112,30,60.76263888888891
피커 1명 · DD→PD (strict),greedy:count:demand_desc:time_asc,2026-07-06,67.15986111111113,314,67.19319444444446,0.31351910828025475,189,71.29875000000001,49.28755085243975,71.29875000000001,216,67.15986111111113,141.16582494238835,503,3793,192,18254.968861111116,30,60.76263888888891
피커 1명 · DD→PD (strict),greedy:count:demand_desc:cells_asc,2026-07-06,67.15986111111113,314,67.19319444444446,0.31351910828025475,189,71.29875000000001,49.22157216343329,71.29875000000001,216,67.15986111111113,140.85649234149733,503,3793,192,18274.280722222225,30,60.76263888888891
피커 1명 · DD→PD (strict),greedy:count:demand_desc:qty_desc,2026-07-06,67.15986111111113,314,67.19319444444446,0.3096249115357396,189,71.29875000000001,49.398263374485616,71.29875000000001,216,67.15986111111113,140.7871207029888,503,3793,192,18253.24766666667,30,60.76263888888891
피커 1명 · DD→PD (strict),greedy:count:cells_asc:none,2026-07-06,67.15986111111108,314,67.97930555555553,0.448171974522293,189,72.08486111111108,12.128714873603766,72.08486111111108,252,61.72544444444442,124.55644755120797,503,3793,192,31647.956694444434,176,61.54874999999998
피커 1명 · DD→PD (strict),greedy:count:cells_asc:time_asc,2026-07-06,67.1598611111111,314,67.97930555555554,0.49392029370134466,189,72.08486111111111,13.466969723691955,72.08486111111111,248,58.08394444444443,133.89283541196622,503,3793,192,31223.733277777763,171,61.54874999999999
피커 1명 · DD→PD (strict),greedy:count:cells_asc:demand_desc,2026-07-06,67.15986111111111,314,67.97930555555556,0.4324946036801132,189,72.08486111111111,18.136100235155794,72.08486111111111,241,53.72913888888889,135.4438938673747,503,3793,192,29942.49308333333,151,61.54875
피커 1명 · DD→PD (strict),greedy:count:cells_asc:qty_desc,2026-07-06,67.15986111111111,314,67.97930555555556,0.4324946036801132,189,72.08486111111111,18.134630658436215,72.08486111111111,241,53.72913888888889,135.49314330524788,503,3793,192,29941.222916666666,151,61.54875
피커 1명 · DD→PD (strict),greedy:count:qty_desc:none,2026-07-06,67.15986111111113,314,67.19319444444446,0.3096249115357396,189,71.29875000000001,49.50269194591418,71.29875000000001,216,67.15986111111113,140.8660717520761,503,3793,192,18249.435055555557,30,60.76263888888891
피커 1명 · DD→PD (strict),greedy:count:qty_desc:time_asc,2026-07-06,67.15986111111113,314,67.19319444444446,0.31351910828025475,189,71.29875000000001,49.48651410934746,71.29875000000001,216,67.15986111111113,141.10635841753498,503,3793,192,18243.205944444446,30,60.76263888888891
피커 1명 · DD→PD (strict),greedy:count:qty_desc:demand_desc,2026-07-06,67.15986111111113,314,67.19319444444446,0.3096249115357396,189,71.29875000000001,49.514236184597316,71.29875000000001,216,67.15986111111113,140.80974966445962,503,3793,192,18252.176361111113,30,60.76263888888891
피커 1명 · DD→PD (strict),greedy:count:qty_desc:cells_asc,2026-07-06,67.15986111111113,314,67.19319444444446,0.31351910828025475,189,71.29875000000001,49.452837448559684,71.29875000000001,216,67.15986111111113,140.88691285299922,503,3793,192,18264.01216666667,30,60.76263888888891
피커 1명 · DD→PD (strict),greedy:count_partial:none:none,2026-07-06,67.15986111111113,314,67.19319444444446,0.31138057324840773,189,71.29875000000001,50.68853365667257,71.29875000000001,216,67.15986111111113,138.96801369822987,503,3793,192,17911.528000000002,21,60.76263888888891
피커 1명 · DD→PD (strict),greedy:count_partial:time_asc:none,2026-07-06,67.15986111111113,314,67.19319444444446,0.31138057324840773,189,71.29875000000001,50.74546252204586,71.29875000000001,216,67.15986111111113,139.19560417725884,503,3793,192,17911.90080555556,21,60.76263888888891
피커 1명 · DD→PD (strict),greedy:count_partial:time_asc:demand_desc,2026-07-06,67.15986111111113,314,67.19319444444446,0.31138057324840773,189,71.29875000000001,50.74546252204586,71.29875000000001,216,67.15986111111113,139.19560417725884,503,3793,192,17911.90080555556,21,60.76263888888891
피커 1명 · DD→PD (strict),greedy:count_partial:time_asc:cells_asc,2026-07-06,67.15986111111113,314,67.19319444444446,0.31138057324840773,189,71.29875000000001,50.74546252204586,71.29875000000001,216,67.15986111111113,139.19560417725884,503,3793,192,17911.90080555556,21,60.76263888888891
피커 1명 · DD→PD (strict),greedy:count_partial:time_asc:qty_desc,2026-07-06,67.15986111111113,314,67.19319444444446,0.31138057324840773,189,71.29875000000001,50.74546252204586,71.29875000000001,216,67.15986111111113,139.19560417725884,503,3793,192,17911.90080555556,21,60.76263888888891
피커 1명 · DD→PD (strict),greedy:count_partial:demand_desc:none,2026-07-06,67.15986111111113,314,67.19319444444446,0.31138057324840773,189,71.29875000000001,50.68469797178132,71.29875000000001,216,67.15986111111113,138.98345615378173,503,3793,192,17913.340361111113,21,60.76263888888891
피커 1명 · DD→PD (strict),greedy:count_partial:demand_desc:time_asc,2026-07-06,67.15986111111113,314,67.19319444444446,0.31138057324840773,189,71.29875000000001,50.73610479129924,71.29875000000001,216,67.15986111111113,139.21096325905668,503,3793,192,17915.114777777784,21,60.76263888888891
피커 1명 · DD→PD (strict),greedy:count_partial:demand_desc:cells_asc,2026-07-06,67.15986111111113,314,67.19319444444446,0.31138057324840773,189,71.29875000000001,50.68469797178132,71.29875000000001,216,67.15986111111113,138.95813468757245,503,3793,192,17913.340361111113,21,60.76263888888891
피커 1명 · DD→PD (strict),greedy:count_partial:demand_desc:qty_desc,2026-07-06,67.15986111111113,314,67.19319444444446,0.31138057324840773,189,71.29875000000001,50.68469797178132,71.29875000000001,216,67.15986111111113,138.97983601863055,503,3793,192,17913.340361111113,21,60.76263888888891
피커 1명 · DD→PD (strict),greedy:count_partial:cells_asc:none,2026-07-06,67.15986111111113,314,67.19319444444446,0.31138057324840773,189,71.29875000000001,50.68853365667257,71.29875000000001,216,67.15986111111113,138.9426922320206,503,3793,192,17911.528000000002,21,60.76263888888891
피커 1명 · DD→PD (strict),greedy:count_partial:cells_asc:time_asc,2026-07-06,67.15986111111113,314,67.19319444444446,0.31138057324840773,189,71.29875000000001,50.74546252204586,71.29875000000001,216,67.15986111111113,139.15247501222362,503,3793,192,17911.90080555556,21,60.76263888888891
피커 1명 · DD→PD (strict),greedy:count_partial:cells_asc:demand_desc,2026-07-06,67.15986111111113,314,67.19319444444446,0.31138057324840773,189,71.29875000000001,50.68469797178132,71.29875000000001,216,67.15986111111113,138.95813468757245,503,3793,192,17913.340361111113,21,60.76263888888891
피커 1명 · DD→PD (strict),greedy:count_partial:cells_asc:qty_desc,2026-07-06,67.15986111111113,314,67.19319444444446,0.31138057324840773,189,71.29875000000001,50.68469797178132,71.29875000000001,216,67.15986111111113,138.95451455242127,503,3793,192,17913.340361111113,21,60.76263888888891
피커 1명 · DD→PD (strict),greedy:count_partial:qty_desc:none,2026-07-06,67.15986111111113,314,67.19319444444446,0.31138057324840773,189,71.29875000000001,50.68469797178132,71.29875000000001,216,67.15986111111113,138.97983601863055,503,3793,192,17913.340361111113,21,60.76263888888891
피커 1명 · DD→PD (strict),greedy:count_partial:qty_desc:time_asc,2026-07-06,67.15986111111113,314,67.19319444444446,0.31138057324840773,189,71.29875000000001,50.72425293944739,71.29875000000001,216,67.15986111111113,139.19595832091494,503,3793,192,17913.26533333334,21,60.76263888888891
피커 1명 · DD→PD (strict),greedy:count_partial:qty_desc:demand_desc,2026-07-06,67.15986111111113,314,67.19319444444446,0.31138057324840773,189,71.29875000000001,50.68469797178132,71.29875000000001,216,67.15986111111113,138.97983601863055,503,3793,192,17913.340361111113,21,60.76263888888891
피커 1명 · DD→PD (strict),greedy:count_partial:qty_desc:cells_asc,2026-07-06,67.15986111111113,314,67.19319444444446,0.31138057324840773,189,71.29875000000001,50.68469797178132,71.29875000000001,216,67.15986111111113,138.95451455242127,503,3793,192,17913.340361111113,21,60.76263888888891
피커 1명 · DD→PD (strict),greedy:count_ddweighted:none:none,2026-07-06,67.15986111111111,314,67.97930555555556,0.4587392073602265,189,72.08486111111111,19.534588036449147,72.08486111111111,240,48.58822222222222,148.08518239497812,503,3793,192,29390.04697222222,138,61.54875
피커 1명 · DD→PD (strict),greedy:count_ddweighted:time_asc:none,2026-07-06,67.15986111111113,314,67.19319444444446,0.4567949398443029,189,71.29875000000001,23.87051161081718,71.29875000000001,240,53.774222222222214,146.61247372655356,503,3793,192,27099.547000000006,142,60.76263888888891
피커 1명 · DD→PD (strict),greedy:count_ddweighted:time_asc:demand_desc,2026-07-06,67.15986111111113,314,67.19319444444446,0.4567949398443029,189,71.29875000000001,23.87051161081718,71.29875000000001,240,53.774222222222214,146.61247372655356,503,3793,192,27099.547000000006,142,60.76263888888891
피커 1명 · DD→PD (strict),greedy:count_ddweighted:time_asc:cells_asc,2026-07-06,67.15986111111113,314,67.19319444444446,0.4567949398443029,189,71.29875000000001,23.87051161081718,71.29875000000001,240,53.774222222222214,146.61247372655356,503,3793,192,27099.547000000006,142,60.76263888888891
피커 1명 · DD→PD (strict),greedy:count_ddweighted:time_asc:qty_desc,2026-07-06,67.15986111111113,314,67.19319444444446,0.4567949398443029,189,71.29875000000001,23.87051161081718,71.29875000000001,240,53.774222222222214,146.61247372655356,503,3793,192,27099.547000000006,142,60.76263888888891
피커 1명 · DD→PD (strict),greedy:count_ddweighted:demand_desc:none,2026-07-06,67.15986111111111,314,67.19319444444446,0.3096249115357396,189,71.29875000000001,49.061086272780734,71.29875000000001,216,67.15986111111111,140.08875642591522,503,3793,192,18219.031833333334,30,60.762638888888894
피커 1명 · DD→PD (strict),greedy:count_ddweighted:demand_desc:time_asc,2026-07-06,67.15986111111113,314,67.19319444444446,0.31351910828025475,189,71.29875000000001,49.0901909171076,71.29875000000001,216,67.15986111111113,140.39032669654878,503,3793,192,18216.011027777782,30,60.76263888888891
피커 1명 · DD→PD (strict),greedy:count_ddweighted:demand_desc:cells_asc,2026-07-06,67.15986111111111,314,67.19319444444446,0.31351910828025475,189,71.29875000000001,49.01123177542624,71.29875000000001,216,67.15986111111111,140.1099571248522,503,3793,192,18233.608944444448,30,60.762638888888894
피커 1명 · DD→PD (strict),greedy:count_ddweighted:demand_desc:qty_desc,2026-07-06,67.15986111111111,314,67.19319444444446,0.3096249115357396,189,71.29875000000001,49.204920928865384,71.29875000000001,216,67.15986111111111,139.9731930005006,503,3793,192,18213.91930555556,30,60.762638888888894
피커 1명 · DD→PD (strict),greedy:count_ddweighted:cells_asc:none,2026-07-06,67.15986111111108,314,67.97930555555553,0.45119462137296534,189,72.08486111111108,13.16439417989418,72.08486111111108,245,56.554611111111086,124.2563225056887,503,3793,192,31066.870888888876,159,61.54874999999998
피커 1명 · DD→PD (strict),greedy:count_ddweighted:cells_asc:time_asc,2026-07-06,67.1598611111111,314,67.97930555555554,0.4891258846426044,189,72.08486111111111,12.218165637860087,72.08486111111111,252,55.81686111111109,134.8148667369285,503,3793,192,31466.6001111111,166,61.54874999999999
피커 1명 · DD→PD (strict),greedy:count_ddweighted:cells_asc:demand_desc,2026-07-06,67.15986111111111,314,67.97930555555556,0.4382491153573957,189,72.08486111111111,17.667907701352146,72.08486111111111,241,53.72913888888889,137.06677970216433,503,3793,192,30021.163861111112,151,61.54875
피커 1명 · DD→PD (strict),greedy:count_ddweighted:cells_asc:qty_desc,2026-07-06,67.15986111111111,314,67.97930555555556,0.4382491153573957,189,72.08486111111111,17.666438124632574,72.08486111111111,241,53.72913888888889,137.1160291400375,503,3793,192,30019.893694444443,151,61.54875
피커 1명 · DD→PD (strict),greedy:count_ddweighted:qty_desc:none,2026-07-06,67.15986111111111,314,67.19319444444446,0.3096249115357396,189,71.29875000000001,49.30934950029395,71.29875000000001,216,67.15986111111111,140.0521440495879,503,3793,192,18210.106694444446,30,60.762638888888894
피커 1명 · DD→PD (strict),greedy:count_ddweighted:qty_desc:time_asc,2026-07-06,67.15986111111113,314,67.19319444444446,0.31351910828025475,189,71.29875000000001,49.3168340681952,71.29875000000001,216,67.15986111111113,140.29845349478234,503,3793,192,18205.958611111117,30,60.76263888888891
피커 1명 · DD→PD (strict),greedy:count_ddweighted:qty_desc:demand_desc,2026-07-06,67.15986111111111,314,67.19319444444446,0.3096249115357396,189,71.29875000000001,49.320893738977084,71.29875000000001,216,67.15986111111111,139.99582196197144,503,3793,192,18212.848,30,60.762638888888894
피커 1명 · DD→PD (strict),greedy:count_ddweighted:qty_desc:cells_asc,2026-07-06,67.15986111111111,314,67.19319444444446,0.31351910828025475,189,71.29875000000001,49.25949500293945,71.29875000000001,216,67.15986111111111,140.07298515051104,503,3793,192,18224.683805555556,30,60.762638888888894
피커 1명 · DD→PD (strict),search:genetic,2026-07-06,67.15986111111111,314,65.86988888888888,0.4676099610757255,189,69.97544444444443,40.32518077601411,69.97544444444443,212,65.32763888888888,154.21232567297417,503,3793,192,21226.796416666664,37,59.43933333333333
피커 1명 · DD→PD (strict),sort:qty_desc,2026-07-07,64.18366666666664,198,64.20033333333332,0.13122895622895622,150,67.15033333333331,51.3444309259259,67.15033333333331,187,54.603694444444415,124.80614930346998,348,2571,186,14415.031777777773,29,60.00866666666665
피커 1명 · DD→PD (strict),sort:qty_asc,2026-07-07,64.18366666666664,198,65.55316666666664,0.5075008417508429,150,68.50316666666664,4.79534648148148,68.50316666666664,225,63.87599999999997,96.6816440764701,348,2571,186,22249.957277777765,183,61.36149999999997
피커 1명 · DD→PD (strict),sort:time_asc,2026-07-07,64.18366666666662,198,64.8003333333333,0.17197362514029185,150,67.7503333333333,4.976239074074067,67.7503333333333,206,53.61883333333331,130.08770600554647,348,2571,186,21446.94980555554,181,60.60866666666663
피커 1명 · DD→PD (strict),sort:demand_desc,2026-07-07,64.18366666666664,198,64.20033333333332,0.12070707070707071,150,67.15033333333331,51.27644611111108,67.15033333333331,187,54.603694444444415,124.75447006964473,348,2571,186,14423.467444444439,28,60.00866666666665
피커 1명 · DD→PD (strict),sort:cells_asc,2026-07-07,64.18366666666664,198,65.80788888888887,0.5089618406285079,150,68.75788888888886,5.377676666666665,68.75788888888886,229,64.18366666666664,96.59230051985949,348,2571,186,22155.479805555548,185,61.6162222222222
피커 1명 · DD→PD (strict),sort:code,2026-07-07,64.18366666666667,198,64.33633333333333,0.16241077441077442,150,67.28633333333333,14.769054444444441,67.28633333333333,201,56.71061111111112,126.93553173254597,348,2571,186,20865.58377777778,166,60.144666666666666
피커 1명 · DD→PD (strict),sort:random,2026-07-07,64.18366666666665,198,64.23088888888887,0.176699775533109,150,67.18088888888887,8.134135555555552,67.18088888888887,218,54.91747222222222,118.53884992094314,348,2571,186,21014.72611111111,170,60.03922222222221
피커 1명 · DD→PD (strict),greedy:count:none:none,2026-07-07,64.18366666666667,198,64.49199999999999,0.139283950617284,150,67.442,21.95503499999999,67.442,182,62.96883333333333,120.69212681513991,348,2571,186,19578.82538888889,137,60.30033333333333
피커 1명 · DD→PD (strict),greedy:count:time_asc:none,2026-07-07,64.18366666666664,198,64.30866666666664,0.12659876543209872,150,67.25866666666664,8.821531296296287,67.25866666666664,198,47.50436111111111,131.4513338223244,348,2571,186,20160.428916666657,172,60.11699999999997
피커 1명 · DD→PD (strict),greedy:count:time_asc:demand_desc,2026-07-07,64.18366666666664,198,64.30866666666664,0.12659876543209872,150,67.25866666666664,8.821531296296287,67.25866666666664,198,47.50436111111111,131.4513338223244,348,2571,186,20160.428916666657,172,60.11699999999997
피커 1명 · DD→PD (strict),greedy:count:time_asc:cells_asc,2026-07-07,64.18366666666664,198,64.30866666666664,0.12659876543209872,150,67.25866666666664,8.821531296296287,67.25866666666664,198,47.50436111111111,131.4513338223244,348,2571,186,20160.428916666657,172,60.11699999999997
피커 1명 · DD→PD (strict),greedy:count:time_asc:qty_desc,2026-07-07,64.18366666666664,198,64.30866666666664,0.12659876543209872,150,67.25866666666664,8.821531296296287,67.25866666666664,198,47.50436111111111,131.4513338223244,348,2571,186,20160.428916666657,172,60.11699999999997
피커 1명 · DD→PD (strict),greedy:count:demand_desc:none,2026-07-07,64.18366666666664,198,63.534916666666646,0.11952861952861953,150,66.48491666666665,51.98948018518515,66.48491666666665,183,58.425222222222196,122.15077521760365,348,2571,186,14044.609583333327,28,59.343249999999976
피커 1명 · DD→PD (strict),greedy:count:demand_desc:time_asc,2026-07-07,64.18366666666664,198,64.21144444444442,0.1196408529741863,150,67.16144444444443,52.76176888888885,67.16144444444443,185,58.63774999999998,123.37589605808887,348,2571,186,14152.12441666666,28,60.019777777777755
피커 1명 · DD→PD (strict),greedy:count:demand_desc:cells_asc,2026-07-07,64.18366666666664,198,63.534916666666646,0.11952861952861953,150,66.48491666666665,51.98948018518515,66.48491666666665,183,58.425222222222196,122.10795848849591,348,2571,186,14044.609583333327,28,59.343249999999976
피커 1명 · DD→PD (strict),greedy:count:demand_desc:qty_desc,2026-07-07,64.18366666666664,198,63.534916666666646,0.11952861952861953,150,66.48491666666665,52.031417962962934,66.48491666666665,183,58.425222222222196,122.1062776561267,348,2571,186,14037.273861111105,28,59.343249999999976
피커 1명 · DD→PD (strict),greedy:count:cells_asc:none,2026-07-07,64.18366666666665,198,64.64755555555554,0.14365319865319864,150,67.59755555555554,10.283977962962968,67.59755555555554,196,59.31208333333331,103.16098420718698,348,2571,186,20517.04211111111,172,60.45588888888888
피커 1명 · DD→PD (strict),greedy:count:cells_asc:time_asc,2026-07-07,64.18366666666662,198,64.64755555555551,0.13141133557800225,150,67.59755555555552,8.204241111111108,67.59755555555552,190,61.899444444444406,119.44269434463439,348,2571,186,20194.170638888874,180,60.45588888888885
피커 1명 · DD→PD (strict),greedy:count:cells_asc:demand_desc,2026-07-07,64.18366666666664,198,64.64755555555553,0.1964034792368127,150,67.59755555555553,13.389202962962957,67.59755555555553,204,54.88791666666664,114.09509712711504,348,2571,186,19943.9811111111,158,60.45588888888886
피커 1명 · DD→PD (strict),greedy:count:cells_asc:qty_desc,2026-07-07,64.18366666666664,198,64.64755555555553,0.19672067901234574,150,67.59755555555553,13.306666481481473,67.59755555555553,204,54.88791666666665,114.7426336915536,348,2571,186,19966.833777777767,158,60.455888888888865
피커 1명 · DD→PD (strict),greedy:count:qty_desc:none,2026-07-07,64.18366666666664,198,63.534916666666646,0.11952861952861953,150,66.48491666666665,52.11984333333331,66.48491666666665,183,58.05886111111109,121.94242344859337,348,2571,186,14023.989861111108,28,59.343249999999976
피커 1명 · DD→PD (strict),greedy:count:qty_desc:time_asc,2026-07-07,64.18366666666665,198,64.21144444444442,0.1196408529741863,150,67.16144444444443,52.87588277777777,67.16144444444443,185,58.5126111111111,123.32043930628186,348,2571,186,14135.45608333333,28,60.01977777777776
피커 1명 · DD→PD (strict),greedy:count:qty_desc:demand_desc,2026-07-07,64.18366666666664,198,63.534916666666646,0.11952861952861953,150,66.48491666666665,52.125645925925895,66.48491666666665,183,58.425222222222196,121.98685833921392,348,2571,186,14023.062583333329,28,59.343249999999976
피커 1명 · DD→PD (strict),greedy:count:qty_desc:cells_asc,2026-07-07,64.18366666666664,198,63.534916666666646,0.11952861952861953,150,66.48491666666665,52.11984333333331,66.48491666666665,183,58.05886111111109,121.89960671948563,348,2571,186,14023.989861111108,28,59.343249999999976
피커 1명 · DD→PD (strict),greedy:count_partial:none:none,2026-07-07,64.18366666666664,198,64.20033333333332,0.09706790123456799,150,67.15033333333331,53.31505259259258,67.15033333333331,183,57.88530555555554,122.6354605669203,348,2571,186,14090.248277777773,24,60.00866666666665
피커 1명 · DD→PD (strict),greedy:count_partial:time_asc:none,2026-07-07,64.18366666666664,198,64.21144444444442,0.09678731762065103,150,67.16144444444443,53.36823055555554,67.16144444444443,183,59.07311111111109,122.8440201305974,348,2571,186,14084.310277777771,24,60.019777777777755
피커 1명 · DD→PD (strict),greedy:count_partial:time_asc:demand_desc,2026-07-07,64.18366666666664,198,64.21144444444442,0.09678731762065103,150,67.16144444444443,53.36823055555554,67.16144444444443,183,59.07311111111109,122.8440201305974,348,2571,186,14084.310277777771,24,60.019777777777755
피커 1명 · DD→PD (strict),greedy:count_partial:time_asc:cells_asc,2026-07-07,64.18366666666664,198,64.21144444444442,0.09678731762065103,150,67.16144444444443,53.36823055555554,67.16144444444443,183,59.07311111111109,122.8440201305974,348,2571,186,14084.310277777771,24,60.019777777777755
피커 1명 · DD→PD (strict),greedy:count_partial:time_asc:qty_desc,2026-07-07,64.18366666666664,198,64.21144444444442,0.09678731762065103,150,67.16144444444443,53.36823055555554,67.16144444444443,183,59.07311111111109,122.8440201305974,348,2571,186,14084.310277777771,24,60.019777777777755
피커 1명 · DD→PD (strict),greedy:count_partial:demand_desc:none,2026-07-07,64.18366666666664,198,64.20033333333332,0.09687149270482612,150,67.15033333333331,53.28839499999998,67.15033333333331,185,59.74333333333332,122.67879285781652,348,2571,186,14091.439833333327,24,60.00866666666665
피커 1명 · DD→PD (strict),greedy:count_partial:demand_desc:time_asc,2026-07-07,64.18366666666664,198,64.21144444444442,0.09687149270482612,150,67.16144444444443,53.32941888888887,67.16144444444443,184,59.2544722222222,122.76309324298167,348,2571,186,14086.668722222217,24,60.019777777777755
피커 1명 · DD→PD (strict),greedy:count_partial:demand_desc:cells_asc,2026-07-07,64.18366666666664,198,64.20033333333332,0.09687149270482612,150,67.15033333333331,53.28839499999998,67.15033333333331,185,59.74333333333332,122.65696910580407,348,2571,186,14091.439833333327,24,60.00866666666665
피커 1명 · DD→PD (strict),greedy:count_partial:demand_desc:qty_desc,2026-07-07,64.18366666666664,198,64.20033333333332,0.09687149270482612,150,67.15033333333331,53.28839499999998,67.15033333333331,185,59.74333333333332,122.68055259095262,348,2571,186,14091.439833333327,24,60.00866666666665
피커 1명 · DD→PD (strict),greedy:count_partial:cells_asc:none,2026-07-07,64.18366666666664,198,64.20033333333332,0.09706790123456799,150,67.15033333333331,53.31505259259258,67.15033333333331,183,57.88530555555554,122.61363681490784,348,2571,186,14090.248277777773,24,60.00866666666665
피커 1명 · DD→PD (strict),greedy:count_partial:cells_asc:time_asc,2026-07-07,64.18366666666664,198,64.21144444444442,0.09678731762065103,150,67.16144444444443,53.36823055555554,67.16144444444443,183,59.07311111111109,122.80326427364905,348,2571,186,14084.310277777771,24,60.019777777777755
피커 1명 · DD→PD (strict),greedy:count_partial:cells_asc:demand_desc,2026-07-07,64.18366666666664,198,64.20033333333332,0.09687149270482612,150,67.15033333333331,53.28839499999998,67.15033333333331,185,59.74333333333332,122.65696910580407,348,2571,186,14091.439833333327,24,60.00866666666665
피커 1명 · DD→PD (strict),greedy:count_partial:cells_asc:qty_desc,2026-07-07,64.18366666666664,198,64.20033333333332,0.09687149270482612,150,67.15033333333331,53.28839499999998,67.15033333333331,185,59.74333333333332,122.65872883894015,348,2571,186,14091.439833333327,24,60.00866666666665
피커 1명 · DD→PD (strict),greedy:count_partial:qty_desc:none,2026-07-07,64.18366666666664,198,64.20033333333332,0.09687149270482612,150,67.15033333333331,53.28839499999998,67.15033333333331,185,59.74333333333332,122.68055259095262,348,2571,186,14091.439833333327,24,60.00866666666665
피커 1명 · DD→PD (strict),greedy:count_partial:qty_desc:time_asc,2026-07-07,64.18366666666664,198,64.21144444444442,0.09687149270482612,150,67.16144444444443,53.32941888888887,67.16144444444443,184,59.2544722222222,122.7588348473744,348,2571,186,14086.668722222217,24,60.019777777777755
피커 1명 · DD→PD (strict),greedy:count_partial:qty_desc:demand_desc,2026-07-07,64.18366666666664,198,64.20033333333332,0.09687149270482612,150,67.15033333333331,53.28839499999998,67.15033333333331,185,59.74333333333332,122.68055259095262,348,2571,186,14091.439833333327,24,60.00866666666665
피커 1명 · DD→PD (strict),greedy:count_partial:qty_desc:cells_asc,2026-07-07,64.18366666666664,198,64.20033333333332,0.09687149270482612,150,67.15033333333331,53.28839499999998,67.15033333333331,185,59.74333333333332,122.65872883894015,348,2571,186,14091.439833333327,24,60.00866666666665
피커 1명 · DD→PD (strict),greedy:count_ddweighted:none:none,2026-07-07,64.18366666666667,198,64.49199999999999,0.13601515151515156,150,67.442,21.854282222222217,67.442,182,62.96883333333333,120.4816488406499,348,2571,186,19573.536305555554,137,60.30033333333333
피커 1명 · DD→PD (strict),greedy:count_ddweighted:time_asc:none,2026-07-07,64.18366666666664,198,64.30866666666664,0.12586924803591468,150,67.25866666666664,9.00846574074073,67.25866666666664,198,47.50436111111111,131.2131464264002,348,2571,186,20083.533972222216,168,60.11699999999997
피커 1명 · DD→PD (strict),greedy:count_ddweighted:time_asc:demand_desc,2026-07-07,64.18366666666664,198,64.30866666666664,0.12586924803591468,150,67.25866666666664,9.00846574074073,67.25866666666664,198,47.50436111111111,131.2131464264002,348,2571,186,20083.533972222216,168,60.11699999999997
피커 1명 · DD→PD (strict),greedy:count_ddweighted:time_asc:cells_asc,2026-07-07,64.18366666666664,198,64.30866666666664,0.12586924803591468,150,67.25866666666664,9.00846574074073,67.25866666666664,198,47.50436111111111,131.2131464264002,348,2571,186,20083.533972222216,168,60.11699999999997
피커 1명 · DD→PD (strict),greedy:count_ddweighted:time_asc:qty_desc,2026-07-07,64.18366666666664,198,64.30866666666664,0.12586924803591468,150,67.25866666666664,9.00846574074073,67.25866666666664,198,47.50436111111111,131.2131464264002,348,2571,186,20083.533972222216,168,60.11699999999997
피커 1명 · DD→PD (strict),greedy:count_ddweighted:demand_desc:none,2026-07-07,64.18366666666664,198,63.534916666666646,0.11936026936026936,150,66.48491666666665,51.93634870370367,66.48491666666665,183,58.425222222222196,122.05357063026408,348,2571,186,14036.743999999995,28,59.343249999999976
피커 1명 · DD→PD (strict),greedy:count_ddweighted:demand_desc:time_asc,2026-07-07,64.18366666666664,198,64.21144444444442,0.11947250280583614,150,67.16144444444443,52.70368518518516,67.16144444444443,185,58.63774999999998,123.26803490097656,348,2571,186,14141.840055555547,28,60.019777777777755
피커 1명 · DD→PD (strict),greedy:count_ddweighted:demand_desc:cells_asc,2026-07-07,64.18366666666664,198,63.534916666666646,0.11936026936026936,150,66.48491666666665,51.93634870370367,66.48491666666665,183,58.425222222222196,122.01075390115633,348,2571,186,14036.743999999995,28,59.343249999999976
피커 1명 · DD→PD (strict),greedy:count_ddweighted:demand_desc:qty_desc,2026-07-07,64.18366666666664,198,63.534916666666646,0.11936026936026936,150,66.48491666666665,51.98554666666664,66.48491666666665,183,58.425222222222196,122.01217360495717,348,2571,186,14030.357833333328,28,59.343249999999976
피커 1명 · DD→PD (strict),greedy:count_ddweighted:cells_asc:none,2026-07-07,64.18366666666665,198,64.64755555555554,0.14328843995510662,150,67.59755555555554,10.115123148148156,67.59755555555554,196,59.31208333333331,103.27111351824028,348,2571,186,20377.158249999997,172,60.45588888888888
피커 1명 · DD→PD (strict),greedy:count_ddweighted:cells_asc:time_asc,2026-07-07,64.18366666666662,198,64.64755555555551,0.14359652076318744,150,67.59755555555552,7.683345925925925,67.59755555555552,188,60.93191666666662,120.80448832798025,348,2571,186,20519.2611111111,178,60.45588888888885
피커 1명 · DD→PD (strict),greedy:count_ddweighted:cells_asc:demand_desc,2026-07-07,64.18366666666664,198,64.64755555555553,0.1964034792368127,150,67.59755555555553,13.354126666666659,67.59755555555553,204,54.88791666666664,114.10944511471483,348,2571,186,19929.19588888888,158,60.45588888888886
피커 1명 · DD→PD (strict),greedy:count_ddweighted:cells_asc:qty_desc,2026-07-07,64.18366666666664,198,64.64755555555553,0.19672067901234574,150,67.59755555555553,13.27208703703703,67.59755555555553,204,54.88791666666665,114.72688813533688,348,2571,186,19952.031249999993,158,60.455888888888865
피커 1명 · DD→PD (strict),greedy:count_ddweighted:qty_desc:none,2026-07-07,64.18366666666664,198,63.534916666666646,0.11936026936026936,150,66.48491666666665,52.073972037037,66.48491666666665,183,58.05886111111109,121.8483193974239,348,2571,186,14017.073833333328,28,59.343249999999976
피커 1명 · DD→PD (strict),greedy:count_ddweighted:qty_desc:time_asc,2026-07-07,64.18366666666665,198,64.21144444444442,0.11947250280583614,150,67.16144444444443,52.81763203703703,67.16144444444443,185,58.5126111111111,123.21133570352036,348,2571,186,14125.163444444444,28,60.01977777777776
피커 1명 · DD→PD (strict),greedy:count_ddweighted:qty_desc:demand_desc,2026-07-07,64.18366666666664,198,63.534916666666646,0.11936026936026936,150,66.48491666666665,52.0797746296296,66.48491666666665,183,58.425222222222196,121.89275428804443,348,2571,186,14016.14655555555,28,59.343249999999976
피커 1명 · DD→PD (strict),greedy:count_ddweighted:qty_desc:cells_asc,2026-07-07,64.18366666666664,198,63.534916666666646,0.11936026936026936,150,66.48491666666665,52.073972037037,66.48491666666665,183,58.05886111111109,121.80550266831615,348,2571,186,14017.073833333328,28,59.343249999999976
피커 1명 · DD→PD (strict),search:genetic,2026-07-07,64.18366666666664,198,63.534916666666646,0.11986531986531986,150,66.48491666666665,51.141053333333296,66.48491666666665,182,58.100833333333306,122.76475700211031,348,2571,186,14132.407222222217,27,59.343249999999976
피커 1명 · DD→PD (strict),sort:qty_desc,2026-07-08,58.81933333333333,189,58.886,0.14861845972957083,58,60.047111111111114,42.08679837164751,60.047111111111114,147,52.20241666666667,88.69769708599173,247,1786,174,6683.7050000000045,24,55.086
피커 1명 · DD→PD (strict),sort:qty_asc,2026-07-08,58.819333333333354,189,60.5588888888889,0.5207619047619044,58,61.72000000000001,5.060090996168581,61.72000000000001,176,58.547777777777796,88.42825529271981,247,1786,174,14244.48755555556,173,56.758888888888904
피커 1명 · DD→PD (strict),sort:time_asc,2026-07-08,58.81933333333332,189,59.4471111111111,0.18845972957084067,58,60.60822222222221,6.9131896551724115,60.60822222222221,176,56.77394444444443,113.5988360581806,247,1786,174,13400.746555555557,170,55.647111111111094
피커 1명 · DD→PD (strict),sort:demand_desc,2026-07-08,58.81933333333333,189,58.886,0.15629864785420342,58,60.047111111111114,42.149757662835256,60.047111111111114,146,51.87091666666667,88.44131737302561,247,1786,174,6680.841000000005,24,55.086
피커 1명 · DD→PD (strict),sort:cells_asc,2026-07-08,58.819333333333354,189,60.18969444444447,0.43865564373897853,58,61.35080555555558,5.197365421455945,61.35080555555558,180,57.8730277777778,87.02297624453907,247,1786,174,14073.996499999997,173,56.389694444444466
피커 1명 · DD→PD (strict),sort:code,2026-07-08,58.81933333333332,189,58.88599999999999,0.1900214579659024,58,60.0471111111111,13.565686781609196,60.0471111111111,159,51.092499999999994,100.01124487439492,247,1786,174,12859.85847222222,152,55.085999999999984
피커 1명 · DD→PD (strict),sort:random,2026-07-08,58.81933333333331,189,58.5154722222222,0.23454850088183413,58,59.67658333333331,4.3501906130268235,59.67658333333331,190,53.10486111111108,104.69573353032106,247,1786,174,13608.182944444434,162,54.7154722222222
피커 1명 · DD→PD (strict),greedy:count:none:none,2026-07-08,58.81933333333332,189,58.88599999999999,0.18531981187536736,58,60.0471111111111,19.07300478927203,60.0471111111111,149,52.86624999999997,95.94009610972125,247,1786,174,11904.220666666668,129,55.085999999999984
피커 1명 · DD→PD (strict),greedy:count:time_asc:none,2026-07-08,58.81933333333334,189,57.897027777777794,0.1497391240446796,58,59.058138888888905,11.232758141762453,59.058138888888905,158,40.21594444444445,105.74466121660718,247,1786,174,11993.842000000004,146,54.09702777777779
피커 1명 · DD→PD (strict),greedy:count:time_asc:demand_desc,2026-07-08,58.81933333333334,189,57.897027777777794,0.1497391240446796,58,59.058138888888905,11.232758141762453,59.058138888888905,158,40.21594444444445,105.74466121660718,247,1786,174,11993.842000000004,146,54.09702777777779
피커 1명 · DD→PD (strict),greedy:count:time_asc:cells_asc,2026-07-08,58.81933333333334,189,57.897027777777794,0.1497391240446796,58,59.058138888888905,11.232758141762453,59.058138888888905,158,40.21594444444445,105.73695694402832,247,1786,174,11993.842000000004,146,54.09702777777779
피커 1명 · DD→PD (strict),greedy:count:time_asc:qty_desc,2026-07-08,58.81933333333334,189,57.897027777777794,0.1497391240446796,58,59.058138888888905,11.232758141762453,59.058138888888905,158,40.21594444444445,105.74466121660718,247,1786,174,11993.842000000004,146,54.09702777777779
피커 1명 · DD→PD (strict),greedy:count:demand_desc:none,2026-07-08,58.81933333333334,189,58.88600000000001,0.147663139329806,58,60.04711111111112,43.28146982758622,60.04711111111112,135,57.34936111111112,85.38927629046823,247,1786,174,6507.187027777781,27,55.08600000000001
피커 1명 · DD→PD (strict),greedy:count:demand_desc:time_asc,2026-07-08,58.81933333333334,189,57.897027777777794,0.1475161669606114,58,59.058138888888905,42.18817480842912,59.058138888888905,137,53.157361111111136,84.49950025704426,247,1786,174,6442.082861111114,27,54.09702777777779
피커 1명 · DD→PD (strict),greedy:count:demand_desc:cells_asc,2026-07-08,58.81933333333334,189,58.88600000000001,0.147663139329806,58,60.04711111111112,43.28146982758622,60.04711111111112,135,57.34936111111112,85.36105585614258,247,1786,174,6507.187027777781,27,55.08600000000001
피커 1명 · DD→PD (strict),greedy:count:demand_desc:qty_desc,2026-07-08,58.81933333333334,189,58.88600000000001,0.147663139329806,58,60.04711111111112,43.27237787356323,60.04711111111112,136,57.68086111111112,85.52608599914142,247,1786,174,6511.325138888893,27,55.08600000000001
피커 1명 · DD→PD (strict),greedy:count:cells_asc:none,2026-07-08,58.81933333333334,189,59.31933333333334,0.18665637860082301,58,60.48044444444445,12.214499521072804,60.48044444444445,156,50.82936111111111,86.54660735150388,247,1786,174,12637.738638888894,155,55.51933333333334
피커 1명 · DD→PD (strict),greedy:count:cells_asc:time_asc,2026-07-08,58.81933333333333,189,59.31933333333333,0.1645805408583186,58,60.480444444444444,10.935731800766282,60.480444444444444,152,56.65763888888889,96.88354638046458,247,1786,174,12735.840500000006,152,55.519333333333336
피커 1명 · DD→PD (strict),greedy:count:cells_asc:demand_desc,2026-07-08,58.819333333333326,189,59.319333333333326,0.18996355085243977,58,60.48044444444444,13.697462643678165,60.48044444444444,156,46.25744444444443,89.68612627773166,247,1786,174,12201.31413888889,138,55.51933333333333
피커 1명 · DD→PD (strict),greedy:count:cells_asc:qty_desc,2026-07-08,58.819333333333326,189,59.319333333333326,0.18996355085243977,58,60.48044444444444,13.570750478927206,60.48044444444444,156,46.25744444444443,89.75893034295751,247,1786,174,12218.303027777782,138,55.51933333333333
피커 1명 · DD→PD (strict),greedy:count:qty_desc:none,2026-07-08,58.81933333333334,189,58.88600000000001,0.147663139329806,58,60.04711111111112,43.27237787356323,60.04711111111112,136,57.68086111111112,85.54019482850502,247,1786,174,6511.325138888893,27,55.08600000000001
피커 1명 · DD→PD (strict),greedy:count:qty_desc:time_asc,2026-07-08,58.81933333333334,189,57.897027777777794,0.1475161669606114,58,59.058138888888905,42.15165325670498,59.058138888888905,138,53.488861111111135,84.6569689096385,247,1786,174,6443.961722222225,27,54.09702777777779
피커 1명 · DD→PD (strict),greedy:count:qty_desc:demand_desc,2026-07-08,58.81933333333334,189,58.88600000000001,0.147663139329806,58,60.04711111111112,43.27237787356323,60.04711111111112,136,57.68086111111112,85.53992420765917,247,1786,174,6511.325138888893,27,55.08600000000001
피커 1명 · DD→PD (strict),greedy:count:qty_desc:cells_asc,2026-07-08,58.81933333333334,189,58.88600000000001,0.147663139329806,58,60.04711111111112,43.27237787356323,60.04711111111112,136,57.68086111111112,85.51197439417939,247,1786,174,6511.325138888893,27,55.08600000000001
피커 1명 · DD→PD (strict),greedy:count_partial:none:none,2026-07-08,58.819333333333326,189,58.885999999999996,0.14945032333921224,58,60.04711111111111,44.06530124521072,60.04711111111111,134,52.14391666666666,86.01910213091944,247,1786,174,6380.800972222226,24,55.08599999999999
피커 1명 · DD→PD (strict),greedy:count_partial:time_asc:none,2026-07-08,58.819333333333326,189,58.885999999999996,0.14945032333921224,58,60.04711111111111,43.98341379310344,60.04711111111111,134,52.38927777777778,85.77225613592292,247,1786,174,6372.091444444447,24,55.08599999999999
피커 1명 · DD→PD (strict),greedy:count_partial:time_asc:demand_desc,2026-07-08,58.819333333333326,189,58.885999999999996,0.14945032333921224,58,60.04711111111111,43.98341379310344,60.04711111111111,134,52.38927777777778,85.77225613592292,247,1786,174,6372.091444444447,24,55.08599999999999
피커 1명 · DD→PD (strict),greedy:count_partial:time_asc:cells_asc,2026-07-08,58.819333333333326,189,58.885999999999996,0.14945032333921224,58,60.04711111111111,43.98341379310344,60.04711111111111,134,52.38927777777778,85.77225613592292,247,1786,174,6372.091444444447,24,55.08599999999999
피커 1명 · DD→PD (strict),greedy:count_partial:time_asc:qty_desc,2026-07-08,58.819333333333326,189,58.885999999999996,0.14945032333921224,58,60.04711111111111,43.98341379310344,60.04711111111111,134,52.38927777777778,85.77225613592292,247,1786,174,6372.091444444447,24,55.08599999999999
피커 1명 · DD→PD (strict),greedy:count_partial:demand_desc:none,2026-07-08,58.819333333333326,189,58.885999999999996,0.14945032333921224,58,60.04711111111111,43.974873563218395,60.04711111111111,134,52.14391666666666,86.10464052299676,247,1786,174,6382.526055555559,24,55.08599999999999
피커 1명 · DD→PD (strict),greedy:count_partial:demand_desc:time_asc,2026-07-08,58.819333333333326,189,58.885999999999996,0.14945032333921224,58,60.04711111111111,43.88587164750958,60.04711111111111,134,52.38927777777778,85.89240624028542,247,1786,174,6372.534222222225,24,55.08599999999999
피커 1명 · DD→PD (strict),greedy:count_partial:demand_desc:cells_asc,2026-07-08,58.819333333333326,189,58.885999999999996,0.14945032333921224,58,60.04711111111111,43.974873563218395,60.04711111111111,134,52.14391666666666,86.09704926132075,247,1786,174,6382.526055555559,24,55.08599999999999
피커 1명 · DD→PD (strict),greedy:count_partial:demand_desc:qty_desc,2026-07-08,58.819333333333326,189,58.885999999999996,0.14945032333921224,58,60.04711111111111,43.974873563218395,60.04711111111111,134,52.14391666666666,86.10439118173878,247,1786,174,6382.526055555559,24,55.08599999999999
피커 1명 · DD→PD (strict),greedy:count_partial:cells_asc:none,2026-07-08,58.819333333333326,189,58.885999999999996,0.14945032333921224,58,60.04711111111111,44.06530124521072,60.04711111111111,134,52.14391666666666,86.01151086924341,247,1786,174,6380.800972222226,24,55.08599999999999
피커 1명 · DD→PD (strict),greedy:count_partial:cells_asc:time_asc,2026-07-08,58.819333333333326,189,58.885999999999996,0.14945032333921224,58,60.04711111111111,43.98341379310344,60.04711111111111,134,52.38927777777778,85.7582347379095,247,1786,174,6372.091444444447,24,55.08599999999999
피커 1명 · DD→PD (strict),greedy:count_partial:cells_asc:demand_desc,2026-07-08,58.819333333333326,189,58.885999999999996,0.14945032333921224,58,60.04711111111111,43.974873563218395,60.04711111111111,134,52.14391666666666,86.09704926132075,247,1786,174,6382.526055555559,24,55.08599999999999
피커 1명 · DD→PD (strict),greedy:count_partial:cells_asc:qty_desc,2026-07-08,58.819333333333326,189,58.885999999999996,0.14945032333921224,58,60.04711111111111,43.974873563218395,60.04711111111111,134,52.14391666666666,86.09679992006276,247,1786,174,6382.526055555559,24,55.08599999999999
피커 1명 · DD→PD (strict),greedy:count_partial:qty_desc:none,2026-07-08,58.819333333333326,189,58.885999999999996,0.14945032333921224,58,60.04711111111111,43.974873563218395,60.04711111111111,134,52.14391666666666,86.10439118173878,247,1786,174,6382.526055555559,24,55.08599999999999
피커 1명 · DD→PD (strict),greedy:count_partial:qty_desc:time_asc,2026-07-08,58.819333333333326,189,58.885999999999996,0.14945032333921224,58,60.04711111111111,43.88587164750958,60.04711111111111,134,52.38927777777778,85.89046008319396,247,1786,174,6372.534222222225,24,55.08599999999999
피커 1명 · DD→PD (strict),greedy:count_partial:qty_desc:demand_desc,2026-07-08,58.819333333333326,189,58.885999999999996,0.14945032333921224,58,60.04711111111111,43.974873563218395,60.04711111111111,134,52.14391666666666,86.10439118173878,247,1786,174,6382.526055555559,24,55.08599999999999
피커 1명 · DD→PD (strict),greedy:count_partial:qty_desc:cells_asc,2026-07-08,58.819333333333326,189,58.885999999999996,0.14945032333921224,58,60.04711111111111,43.974873563218395,60.04711111111111,134,52.14391666666666,86.09679992006276,247,1786,174,6382.526055555559,24,55.08599999999999
피커 1명 · DD→PD (strict),greedy:count_ddweighted:none:none,2026-07-08,58.819333333333326,189,58.885999999999996,0.18552851263962367,58,60.04711111111111,16.605990421455935,60.04711111111111,149,52.86624999999999,96.66608116960016,247,1786,174,12073.637000000002,129,55.08599999999999
피커 1명 · DD→PD (strict),greedy:count_ddweighted:time_asc:none,2026-07-08,58.81933333333334,189,57.897027777777794,0.1497391240446796,58,59.058138888888905,11.10307519157088,59.058138888888905,158,40.21594444444445,105.80845193507528,247,1786,174,11986.84541666667,146,54.09702777777779
피커 1명 · DD→PD (strict),greedy:count_ddweighted:time_asc:demand_desc,2026-07-08,58.81933333333334,189,57.897027777777794,0.1497391240446796,58,59.058138888888905,11.10307519157088,59.058138888888905,158,40.21594444444445,105.80845193507528,247,1786,174,11986.84541666667,146,54.09702777777779
피커 1명 · DD→PD (strict),greedy:count_ddweighted:time_asc:cells_asc,2026-07-08,58.81933333333334,189,57.897027777777794,0.1497391240446796,58,59.058138888888905,11.10307519157088,59.058138888888905,158,40.21594444444445,105.80074766249642,247,1786,174,11986.84541666667,146,54.09702777777779
피커 1명 · DD→PD (strict),greedy:count_ddweighted:time_asc:qty_desc,2026-07-08,58.81933333333334,189,57.897027777777794,0.1497391240446796,58,59.058138888888905,11.10307519157088,59.058138888888905,158,40.21594444444445,105.80845193507528,247,1786,174,11986.84541666667,146,54.09702777777779
피커 1명 · DD→PD (strict),greedy:count_ddweighted:demand_desc:none,2026-07-08,58.81933333333334,189,58.88600000000001,0.147663139329806,58,60.04711111111112,43.25647892720308,60.04711111111112,135,57.34936111111112,85.36000853033916,247,1786,174,6505.838944444448,27,55.08600000000001
피커 1명 · DD→PD (strict),greedy:count_ddweighted:demand_desc:time_asc,2026-07-08,58.81933333333334,189,57.897027777777794,0.1475161669606114,58,59.058138888888905,42.153702586206904,59.058138888888905,137,53.157361111111136,84.46838825959166,247,1786,174,6439.967305555558,27,54.09702777777779
피커 1명 · DD→PD (strict),greedy:count_ddweighted:demand_desc:cells_asc,2026-07-08,58.81933333333334,189,58.88600000000001,0.147663139329806,58,60.04711111111112,43.25647892720308,60.04711111111112,135,57.34936111111112,85.3317880960135,247,1786,174,6505.838944444448,27,55.08600000000001
피커 1명 · DD→PD (strict),greedy:count_ddweighted:demand_desc:qty_desc,2026-07-08,58.81933333333334,189,58.88600000000001,0.147663139329806,58,60.04711111111112,43.25307567049809,60.04711111111112,136,57.68086111111112,85.50231299868253,247,1786,174,6510.18905555556,27,55.08600000000001
피커 1명 · DD→PD (strict),greedy:count_ddweighted:cells_asc:none,2026-07-08,58.81933333333334,189,59.31933333333334,0.1855890652557319,58,60.48044444444445,12.057694444444449,60.48044444444445,156,50.82936111111111,86.536138402863,247,1786,174,12606.579972222227,155,55.51933333333334
피커 1명 · DD→PD (strict),greedy:count_ddweighted:cells_asc:time_asc,2026-07-08,58.81933333333333,189,59.31933333333333,0.1645133744855967,58,60.480444444444444,10.124316570881225,60.480444444444444,159,47.216888888888896,98.24585540964573,247,1786,174,12801.695777777782,153,55.519333333333336
피커 1명 · DD→PD (strict),greedy:count_ddweighted:cells_asc:demand_desc,2026-07-08,58.819333333333326,189,59.319333333333326,0.18999338624338627,58,60.48044444444444,13.572151340996172,60.48044444444444,156,46.25744444444443,89.70395343582133,247,1786,174,12195.401611111114,138,55.51933333333333
피커 1명 · DD→PD (strict),greedy:count_ddweighted:cells_asc:qty_desc,2026-07-08,58.819333333333326,189,59.319333333333326,0.18999338624338627,58,60.48044444444444,13.442769157088126,60.48044444444444,156,46.25744444444443,89.7818918511769,247,1786,174,12212.155444444446,138,55.51933333333333
피커 1명 · DD→PD (strict),greedy:count_ddweighted:qty_desc:none,2026-07-08,58.81933333333334,189,58.88600000000001,0.147663139329806,58,60.04711111111112,43.25307567049809,60.04711111111112,136,57.68086111111112,85.51642182804615,247,1786,174,6510.18905555556,27,55.08600000000001
피커 1명 · DD→PD (strict),greedy:count_ddweighted:qty_desc:time_asc,2026-07-08,58.81933333333334,189,57.897027777777794,0.1475161669606114,58,59.058138888888905,42.11718103448276,59.058138888888905,138,53.488861111111135,84.62585691218588,247,1786,174,6441.846166666669,27,54.09702777777779
피커 1명 · DD→PD (strict),greedy:count_ddweighted:qty_desc:demand_desc,2026-07-08,58.81933333333334,189,58.88600000000001,0.147663139329806,58,60.04711111111112,43.25307567049809,60.04711111111112,136,57.68086111111112,85.5161512072003,247,1786,174,6510.18905555556,27,55.08600000000001
피커 1명 · DD→PD (strict),greedy:count_ddweighted:qty_desc:cells_asc,2026-07-08,58.81933333333334,189,58.88600000000001,0.147663139329806,58,60.04711111111112,43.25307567049809,60.04711111111112,136,57.68086111111112,85.48820139372049,247,1786,174,6510.18905555556,27,55.08600000000001
피커 1명 · DD→PD (strict),search:genetic,2026-07-08,58.81933333333332,189,58.88599999999999,0.15280129335684892,58,60.0471111111111,43.506876915708794,60.0471111111111,134,52.143916666666655,86.59677077627937,247,1786,174,6474.483194444446,24,55.085999999999984
피커 1명 · DD→PD (strict),sort:qty_desc,2026-07-09,64.87997222222224,227,64.8855277777778,0.1873715124816446,135,67.34941666666668,46.120631481481496,67.34941666666668,176,58.37030555555558,107.70055213709269,362,2522,188,13223.290194444446,30,60.343861111111124
피커 1명 · DD→PD (strict),sort:qty_asc,2026-07-09,64.87997222222221,227,66.99480555555553,0.5831475770925105,135,69.45869444444442,6.506230452674897,69.45869444444442,220,63.22436111111109,100.10162594635582,362,2522,188,23499.996305555545,186,62.45313888888887
피커 1명 · DD→PD (strict),sort:time_asc,2026-07-09,64.87997222222225,227,66.6830277777778,0.5574449339207048,135,69.14691666666668,7.085473662551447,69.14691666666668,216,61.089277777777795,130.56135828342954,362,2522,188,23276.585833333338,187,62.14136111111113
피커 1명 · DD→PD (strict),sort:demand_desc,2026-07-09,64.87997222222224,227,64.8855277777778,0.1873715124816446,135,67.34941666666668,46.13637633744857,67.34941666666668,176,58.37030555555558,107.74859470448273,362,2522,188,13224.357666666669,30,60.343861111111124
피커 1명 · DD→PD (strict),sort:cells_asc,2026-07-09,64.87997222222225,227,66.9945277777778,0.5740521292217321,135,69.4584166666667,6.810818312757205,69.4584166666667,218,62.90819444444446,101.09015626056039,362,2522,188,23559.915666666675,186,62.45286111111113
피커 1명 · DD→PD (strict),sort:code,2026-07-09,64.87997222222224,227,66.09502777777779,0.40641581008321176,135,68.55891666666668,7.903768930041156,68.55891666666668,209,55.14161111111111,126.97700923090886,362,2522,188,22450.996777777782,183,61.55336111111112
피커 1명 · DD→PD (strict),sort:random,2026-07-09,64.87997222222221,227,64.91330555555554,0.3607957660303476,135,67.37719444444443,13.24832613168723,67.37719444444443,206,61.52716666666665,118.76432925911709,362,2522,188,21755.859805555552,166,60.371638888888874
피커 1명 · DD→PD (strict),greedy:count:none:none,2026-07-09,64.87997222222225,227,65.40497222222224,0.20694077337249184,135,67.86886111111113,15.717276954732519,67.86886111111113,174,56.28555555555559,112.24408755610803,362,2522,188,19574.13191666667,130,60.86330555555558
피커 1명 · DD→PD (strict),greedy:count:time_asc:none,2026-07-09,64.87997222222224,227,64.90219444444446,0.2528392070484584,135,67.36608333333335,20.02332983539096,67.36608333333335,195,54.402777777777786,127.26243712319796,362,2522,188,20737.86002777778,150,60.36052777777779
피커 1명 · DD→PD (strict),greedy:count:time_asc:demand_desc,2026-07-09,64.87997222222224,227,64.90219444444446,0.2528392070484584,135,67.36608333333335,20.139452057613187,67.36608333333335,195,54.402777777777786,127.28147695489697,362,2522,188,20738.525083333338,150,60.36052777777779
피커 1명 · DD→PD (strict),greedy:count:time_asc:cells_asc,2026-07-09,64.87997222222224,227,64.90219444444446,0.2528392070484584,135,67.36608333333335,20.02332983539096,67.36608333333335,195,54.402777777777786,127.26243712319796,362,2522,188,20737.86002777778,150,60.36052777777779
피커 1명 · DD→PD (strict),greedy:count:time_asc:qty_desc,2026-07-09,64.87997222222224,227,64.90219444444446,0.2528392070484584,135,67.36608333333335,20.139452057613187,67.36608333333335,195,54.402777777777786,127.28147695489697,362,2522,188,20738.525083333338,150,60.36052777777779
피커 1명 · DD→PD (strict),greedy:count:demand_desc:none,2026-07-09,64.87997222222226,227,64.9244166666667,0.1869799314733235,135,67.38830555555559,46.56852160493831,67.38830555555559,170,55.81197222222224,106.0664354472978,362,2522,188,12984.241972222231,31,60.38275000000004
피커 1명 · DD→PD (strict),greedy:count:demand_desc:time_asc,2026-07-09,64.87997222222226,227,64.90219444444449,0.1869799314733235,135,67.36608333333338,46.826096296296335,67.36608333333338,169,55.27863888888891,106.12922881156402,362,2522,188,12979.214666666674,31,60.36052777777782
피커 1명 · DD→PD (strict),greedy:count:demand_desc:cells_asc,2026-07-09,64.87997222222226,227,64.9244166666667,0.1869799314733235,135,67.38830555555559,46.61873806584366,67.38830555555559,170,55.81197222222224,105.9382142219698,362,2522,188,12972.677416666676,31,60.38275000000004
피커 1명 · DD→PD (strict),greedy:count:demand_desc:qty_desc,2026-07-09,64.87997222222226,227,64.9244166666667,0.1869799314733235,135,67.38830555555559,46.56284012345683,67.38830555555559,170,55.81197222222224,106.0638162984923,362,2522,188,12983.864388888896,31,60.38275000000004
피커 1명 · DD→PD (strict),greedy:count:cells_asc:none,2026-07-09,64.87997222222225,227,65.76608333333337,0.26192621145374356,135,68.22997222222226,11.429316049382722,68.22997222222226,189,53.10788888888892,104.41076278386943,362,2522,188,21997.04880555556,177,61.2244166666667
피커 1명 · DD→PD (strict),greedy:count:cells_asc:time_asc,2026-07-09,64.87997222222225,227,65.76608333333337,0.2503915810083211,135,68.22997222222226,15.266049794238702,68.22997222222226,193,54.652916666666684,117.0637728857349,362,2522,188,22065.66258333334,173,61.2244166666667
피커 1명 · DD→PD (strict),greedy:count:cells_asc:demand_desc,2026-07-09,64.87997222222226,227,65.76608333333337,0.2505939794419971,135,68.22997222222226,18.04706090534981,68.22997222222226,201,52.378944444444464,112.08073838517532,362,2522,188,21942.457027777793,181,61.224416666666706
피커 1명 · DD→PD (strict),greedy:count:cells_asc:qty_desc,2026-07-09,64.87997222222225,227,65.76608333333337,0.2505939794419971,135,68.22997222222226,17.977178395061742,68.22997222222226,201,52.37894444444446,111.91953560650076,362,2522,188,21945.91072222223,181,61.2244166666667
피커 1명 · DD→PD (strict),greedy:count:qty_desc:none,2026-07-09,64.87997222222226,227,64.9244166666667,0.1869799314733235,135,67.38830555555559,46.56284012345683,67.38830555555559,170,55.81197222222224,106.06116170008069,362,2522,188,12983.864388888896,31,60.38275000000004
피커 1명 · DD→PD (strict),greedy:count:qty_desc:time_asc,2026-07-09,64.87997222222226,227,64.90219444444449,0.1869799314733235,135,67.36608333333338,46.81063744855971,67.36608333333338,169,55.27863888888891,106.10743289464408,362,2522,188,12978.723777777785,31,60.36052777777782
피커 1명 · DD→PD (strict),greedy:count:qty_desc:demand_desc,2026-07-09,64.87997222222226,227,64.9244166666667,0.1869799314733235,135,67.38830555555559,46.56284012345683,67.38830555555559,170,55.81197222222224,106.0638162984923,362,2522,188,12983.864388888896,31,60.38275000000004
피커 1명 · DD→PD (strict),greedy:count:qty_desc:cells_asc,2026-07-09,64.87997222222226,227,64.9244166666667,0.1869799314733235,135,67.38830555555559,46.61305658436217,67.38830555555559,170,55.81197222222224,105.9329404747527,362,2522,188,12972.29983333334,31,60.38275000000004
피커 1명 · DD→PD (strict),greedy:count_partial:none:none,2026-07-09,64.87997222222225,227,64.9244166666667,0.18697993147332354,135,67.38830555555559,48.929275308642005,67.38830555555559,169,54.45052777777779,105.29554295399923,362,2522,188,12697.27430555556,29,60.38275000000003
피커 1명 · DD→PD (strict),greedy:count_partial:time_asc:none,2026-07-09,64.87997222222225,227,64.92441666666669,0.18697993147332354,135,67.38830555555558,48.912573456790156,67.38830555555558,168,54.01736111111112,105.04061700451655,362,2522,188,12685.037222222225,29,60.38275000000002
피커 1명 · DD→PD (strict),greedy:count_partial:time_asc:demand_desc,2026-07-09,64.87997222222225,227,64.92441666666669,0.18697993147332354,135,67.38830555555558,48.912573456790156,67.38830555555558,168,54.01736111111112,105.04061700451655,362,2522,188,12685.037222222225,29,60.38275000000002
피커 1명 · DD→PD (strict),greedy:count_partial:time_asc:cells_asc,2026-07-09,64.87997222222225,227,64.92441666666669,0.18697993147332354,135,67.38830555555558,48.912573456790156,67.38830555555558,168,54.01736111111112,105.04061700451655,362,2522,188,12685.037222222225,29,60.38275000000002
피커 1명 · DD→PD (strict),greedy:count_partial:time_asc:qty_desc,2026-07-09,64.87997222222225,227,64.92441666666669,0.18697993147332354,135,67.38830555555558,48.912573456790156,67.38830555555558,168,54.01736111111112,105.04061700451655,362,2522,188,12685.037222222225,29,60.38275000000002
피커 1명 · DD→PD (strict),greedy:count_partial:demand_desc:none,2026-07-09,64.87997222222225,227,64.92441666666669,0.18697993147332354,135,67.38830555555558,48.902193004115254,67.38830555555558,169,55.61261111111113,105.2151749870877,362,2522,188,12702.300361111114,29,60.38275000000002
피커 1명 · DD→PD (strict),greedy:count_partial:demand_desc:time_asc,2026-07-09,64.87997222222225,227,64.92441666666669,0.18697993147332354,135,67.38830555555558,48.88576255144036,67.38830555555558,167,53.78802777777779,104.96759081591392,362,2522,188,12691.987694444448,29,60.38275000000002
피커 1명 · DD→PD (strict),greedy:count_partial:demand_desc:cells_asc,2026-07-09,64.87997222222225,227,64.92441666666669,0.18697993147332354,135,67.38830555555558,48.902193004115254,67.38830555555558,169,55.61261111111113,105.19516615766256,362,2522,188,12702.300361111114,29,60.38275000000002
피커 1명 · DD→PD (strict),greedy:count_partial:demand_desc:qty_desc,2026-07-09,64.87997222222225,227,64.92441666666669,0.18697993147332354,135,67.38830555555558,48.902193004115254,67.38830555555558,169,55.61261111111113,105.21462551819289,362,2522,188,12702.300361111114,29,60.38275000000002
피커 1명 · DD→PD (strict),greedy:count_partial:cells_asc:none,2026-07-09,64.87997222222225,227,64.9244166666667,0.18697993147332354,135,67.38830555555559,48.929275308642005,67.38830555555559,169,54.45052777777779,105.27553412457408,362,2522,188,12697.27430555556,29,60.38275000000003
피커 1명 · DD→PD (strict),greedy:count_partial:cells_asc:time_asc,2026-07-09,64.87997222222225,227,64.92441666666669,0.18697993147332354,135,67.38830555555558,48.912573456790156,67.38830555555558,168,54.01736111111112,105.00132606259164,362,2522,188,12685.037222222225,29,60.38275000000002
피커 1명 · DD→PD (strict),greedy:count_partial:cells_asc:demand_desc,2026-07-09,64.87997222222225,227,64.92441666666669,0.18697993147332354,135,67.38830555555558,48.902193004115254,67.38830555555558,169,55.61261111111113,105.19516615766256,362,2522,188,12702.300361111114,29,60.38275000000002
피커 1명 · DD→PD (strict),greedy:count_partial:cells_asc:qty_desc,2026-07-09,64.87997222222225,227,64.92441666666669,0.18697993147332354,135,67.38830555555558,48.902193004115254,67.38830555555558,169,55.61261111111113,105.19461668876774,362,2522,188,12702.300361111114,29,60.38275000000002
피커 1명 · DD→PD (strict),greedy:count_partial:qty_desc:none,2026-07-09,64.87997222222225,227,64.92441666666669,0.18697993147332354,135,67.38830555555558,48.902193004115254,67.38830555555558,169,55.61261111111113,105.21462551819289,362,2522,188,12702.300361111114,29,60.38275000000002
피커 1명 · DD→PD (strict),greedy:count_partial:qty_desc:time_asc,2026-07-09,64.87997222222225,227,64.92441666666669,0.18697993147332354,135,67.38830555555558,48.88576255144036,67.38830555555558,167,53.78802777777779,104.9670413470191,362,2522,188,12691.987694444448,29,60.38275000000002
피커 1명 · DD→PD (strict),greedy:count_partial:qty_desc:demand_desc,2026-07-09,64.87997222222225,227,64.92441666666669,0.18697993147332354,135,67.38830555555558,48.902193004115254,67.38830555555558,169,55.61261111111113,105.21462551819289,362,2522,188,12702.300361111114,29,60.38275000000002
피커 1명 · DD→PD (strict),greedy:count_partial:qty_desc:cells_asc,2026-07-09,64.87997222222225,227,64.92441666666669,0.18697993147332354,135,67.38830555555558,48.902193004115254,67.38830555555558,169,55.61261111111113,105.19461668876774,362,2522,188,12702.300361111114,29,60.38275000000002
피커 1명 · DD→PD (strict),greedy:count_ddweighted:none:none,2026-07-09,64.87997222222225,227,65.40497222222224,0.20683064121390152,135,67.86886111111113,15.5940901234568,67.86886111111113,173,55.93350000000003,112.065643751696,362,2522,188,19568.379,130,60.86330555555558
피커 1명 · DD→PD (strict),greedy:count_ddweighted:time_asc:none,2026-07-09,64.87997222222224,227,64.90219444444446,0.25293318649045543,135,67.36608333333335,19.818726954732522,67.36608333333335,195,54.402777777777786,127.16220617117337,362,2522,188,20778.749111111116,150,60.36052777777779
피커 1명 · DD→PD (strict),greedy:count_ddweighted:time_asc:demand_desc,2026-07-09,64.87997222222224,227,64.90219444444446,0.25293318649045543,135,67.36608333333335,19.93484917695475,67.36608333333335,195,54.402777777777786,127.18124600287238,362,2522,188,20779.414166666666,150,60.36052777777779
피커 1명 · DD→PD (strict),greedy:count_ddweighted:time_asc:cells_asc,2026-07-09,64.87997222222224,227,64.90219444444446,0.25293318649045543,135,67.36608333333335,19.818726954732522,67.36608333333335,195,54.402777777777786,127.16220617117337,362,2522,188,20778.749111111116,150,60.36052777777779
피커 1명 · DD→PD (strict),greedy:count_ddweighted:time_asc:qty_desc,2026-07-09,64.87997222222224,227,64.90219444444446,0.25293318649045543,135,67.36608333333335,19.93484917695475,67.36608333333335,195,54.402777777777786,127.18124600287238,362,2522,188,20779.414166666666,150,60.36052777777779
피커 1명 · DD→PD (strict),greedy:count_ddweighted:demand_desc:none,2026-07-09,64.87997222222226,227,64.9244166666667,0.1869799314733235,135,67.38830555555559,46.55307283950622,67.38830555555559,170,55.81197222222224,106.04518217181602,362,2522,188,12982.402694444454,31,60.38275000000004
피커 1명 · DD→PD (strict),greedy:count_ddweighted:demand_desc:time_asc,2026-07-09,64.87997222222226,227,64.90219444444449,0.1869799314733235,135,67.36608333333338,46.78639855967082,67.36608333333338,169,55.27863888888891,106.05121560099278,362,2522,188,12974.964083333343,31,60.36052777777782
피커 1명 · DD→PD (strict),greedy:count_ddweighted:demand_desc:cells_asc,2026-07-09,64.87997222222226,227,64.9244166666667,0.1869799314733235,135,67.38830555555559,46.603289300411554,67.38830555555559,170,55.81197222222224,105.91696094648803,362,2522,188,12970.838138888896,31,60.38275000000004
피커 1명 · DD→PD (strict),greedy:count_ddweighted:demand_desc:qty_desc,2026-07-09,64.87997222222226,227,64.9244166666667,0.1869799314733235,135,67.38830555555559,46.55054032921814,67.38830555555559,170,55.81197222222224,106.04326830529038,362,2522,188,12982.402694444454,31,60.38275000000004
피커 1명 · DD→PD (strict),greedy:count_ddweighted:cells_asc:none,2026-07-09,64.87997222222225,227,65.76608333333337,0.2623121634850701,135,68.22997222222226,11.295766049382722,68.22997222222226,195,53.9691666666667,105.22396559999903,362,2522,188,22002.762638888897,177,61.2244166666667
피커 1명 · DD→PD (strict),greedy:count_ddweighted:cells_asc:time_asc,2026-07-09,64.87997222222225,227,65.76608333333337,0.25043881546744984,135,68.22997222222226,15.275596707818949,68.22997222222226,192,51.84572222222223,118.51837474488855,362,2522,188,21999.572722222227,171,61.2244166666667
피커 1명 · DD→PD (strict),greedy:count_ddweighted:cells_asc:demand_desc,2026-07-09,64.87997222222226,227,65.76608333333337,0.2505939794419971,135,68.22997222222226,18.022657407407422,68.22997222222226,201,52.378944444444464,112.1751018512148,362,2522,188,21938.35455555557,181,61.224416666666706
피커 1명 · DD→PD (strict),greedy:count_ddweighted:cells_asc:qty_desc,2026-07-09,64.87997222222225,227,65.76608333333337,0.2505939794419971,135,68.22997222222226,17.937785185185195,68.22997222222226,201,52.37894444444446,112.07713944547832,362,2522,188,21939.257138888894,181,61.2244166666667
피커 1명 · DD→PD (strict),greedy:count_ddweighted:qty_desc:none,2026-07-09,64.87997222222226,227,64.9244166666667,0.1869799314733235,135,67.38830555555559,46.55054032921814,67.38830555555559,170,55.81197222222224,106.04061370687877,362,2522,188,12982.402694444454,31,60.38275000000004
피커 1명 · DD→PD (strict),greedy:count_ddweighted:qty_desc:time_asc,2026-07-09,64.87997222222226,227,64.90219444444449,0.1869799314733235,135,67.36608333333338,46.782987037037074,67.36608333333338,169,55.27863888888891,106.04120025779541,362,2522,188,12975.30597222223,31,60.36052777777782
피커 1명 · DD→PD (strict),greedy:count_ddweighted:qty_desc:demand_desc,2026-07-09,64.87997222222226,227,64.9244166666667,0.1869799314733235,135,67.38830555555559,46.55054032921814,67.38830555555559,170,55.81197222222224,106.04326830529038,362,2522,188,12982.402694444454,31,60.38275000000004
피커 1명 · DD→PD (strict),greedy:count_ddweighted:qty_desc:cells_asc,2026-07-09,64.87997222222226,227,64.9244166666667,0.1869799314733235,135,67.38830555555559,46.6007567901235,67.38830555555559,170,55.81197222222224,105.91239248155078,362,2522,188,12970.838138888896,31,60.38275000000004
피커 1명 · DD→PD (strict),search:genetic,2026-07-09,64.87997222222224,227,64.92441666666667,0.23385952031326482,135,67.38830555555556,46.54940226337449,67.38830555555556,169,54.450527777777765,108.2693461072829,362,2522,188,13681.176222222217,35,60.38275000000001
피커 1명 · DD→PD (strict),sort:qty_desc,2026-07-10,61.90063888888892,137,61.92008333333336,0.05628548256285482,53,62.9534166666667,41.60384276729563,62.9534166666667,142,53.08,86.2772905715558,190,1437,185,7124.785833333336,46,58.96175000000003
피커 1명 · DD→PD (strict),sort:qty_asc,2026-07-10,61.90063888888889,137,62.80619444444445,0.2160381184103812,53,63.83952777777778,2.8120026205450737,63.83952777777778,182,59.789500000000004,92.46179635309542,190,1437,185,11473.36541666667,183,59.847861111111115
피커 1명 · DD→PD (strict),sort:time_asc,2026-07-10,61.9006388888889,137,62.456194444444456,0.1420721816707218,53,63.48952777777779,6.520982704402515,63.48952777777779,183,57.8578888888889,112.4222586139534,190,1437,185,11300.36238888889,179,59.49786111111112
피커 1명 · DD→PD (strict),sort:demand_desc,2026-07-10,61.90063888888893,137,61.92008333333337,0.05628548256285482,53,62.953416666666705,41.553579664570265,62.953416666666705,142,53.080000000000005,86.25454050459712,190,1437,185,7114.891638888892,45,58.96175000000004
피커 1명 · DD→PD (strict),sort:cells_asc,2026-07-10,61.90063888888889,137,62.80619444444445,0.22412834549878374,53,63.83952777777778,4.391517819706498,63.83952777777778,173,59.01936111111112,91.20883003955664,190,1437,185,11398.513055555555,183,59.847861111111115
피커 1명 · DD→PD (strict),sort:code,2026-07-10,61.9006388888889,137,62.2283888888889,0.09417558799675592,53,63.26172222222223,6.213830188679242,63.26172222222223,159,52.36841666666668,93.66959307497689,190,1437,185,10898.293472222222,169,59.270055555555565
피커 1명 · DD→PD (strict),sort:random,2026-07-10,61.90063888888891,137,61.97286111111113,0.10840551500405517,53,63.00619444444447,11.049142033542983,63.00619444444447,169,55.39888888888892,98.42245846197663,190,1437,185,10454.914388888894,168,59.0145277777778
피커 1명 · DD→PD (strict),greedy:count:none:none,2026-07-10,61.900638888888885,137,62.29230555555555,0.057238442822384425,53,63.32563888888888,16.32282232704403,63.32563888888888,133,49.58875,85.87474925681761,190,1437,185,9794.109583333333,134,59.33397222222222
피커 1명 · DD→PD (strict),greedy:count:time_asc:none,2026-07-10,61.90063888888889,137,62.29230555555556,0.06461881589618816,53,63.325638888888896,20.619284591194972,63.325638888888896,157,44.892611111111115,102.68674703023132,190,1437,185,10038.114666666668,152,59.33397222222223
피커 1명 · DD→PD (strict),greedy:count:time_asc:demand_desc,2026-07-10,61.90063888888889,137,62.29230555555556,0.06461881589618816,53,63.325638888888896,20.619284591194972,63.325638888888896,157,44.892611111111115,102.68674703023132,190,1437,185,10038.114666666668,152,59.33397222222223
피커 1명 · DD→PD (strict),greedy:count:time_asc:cells_asc,2026-07-10,61.90063888888889,137,62.29230555555556,0.06461881589618816,53,63.325638888888896,20.619284591194972,63.325638888888896,157,44.892611111111115,102.68674703023132,190,1437,185,10038.114666666668,152,59.33397222222223
피커 1명 · DD→PD (strict),greedy:count:time_asc:qty_desc,2026-07-10,61.90063888888889,137,62.29230555555556,0.06461881589618816,53,63.325638888888896,20.619284591194972,63.325638888888896,157,44.892611111111115,102.68674703023132,190,1437,185,10038.114666666668,152,59.33397222222223
피커 1명 · DD→PD (strict),greedy:count:demand_desc:none,2026-07-10,61.90063888888893,137,61.517861111111145,0.055008110300081105,53,62.551194444444484,43.586854297693954,62.551194444444484,131,51.84905555555558,82.12120383170587,190,1437,185,6795.2831388888935,38,58.55952777777782
피커 1명 · DD→PD (strict),greedy:count:demand_desc:time_asc,2026-07-10,61.900638888888935,137,61.933972222222266,0.055008110300081105,53,62.9673055555556,44.309484276729606,62.9673055555556,133,51.24886111111114,83.1883062771112,190,1437,185,6799.355638888895,38,58.97563888888894
피커 1명 · DD→PD (strict),greedy:count:demand_desc:cells_asc,2026-07-10,61.90063888888893,137,61.517861111111145,0.055008110300081105,53,62.551194444444484,43.53383228511533,62.551194444444484,131,51.84905555555558,82.06376199406444,190,1437,185,6792.141166666672,38,58.55952777777782
피커 1명 · DD→PD (strict),greedy:count:demand_desc:qty_desc,2026-07-10,61.900638888888935,137,61.51786111111116,0.055008110300081105,53,62.55119444444449,43.744489517819744,62.55119444444449,131,51.84905555555559,82.10627739145225,190,1437,185,6796.228138888895,38,58.559527777777824
피커 1명 · DD→PD (strict),greedy:count:cells_asc:none,2026-07-10,61.9006388888889,137,62.29230555555557,0.0641727493917275,53,63.3256388888889,9.605368448637318,63.3256388888889,137,48.41255555555556,81.04107779760963,190,1437,185,10189.587055555558,154,59.333972222222236
피커 1명 · DD→PD (strict),greedy:count:cells_asc:time_asc,2026-07-10,61.90063888888888,137,62.292305555555544,0.07980535279805354,53,63.325638888888875,18.71871383647798,63.325638888888875,153,50.838166666666666,97.15644663847318,190,1437,185,10256.823277777778,160,59.33397222222221
피커 1명 · DD→PD (strict),greedy:count:cells_asc:demand_desc,2026-07-10,61.90063888888892,137,62.292305555555586,0.06770072992700736,53,63.32563888888892,27.267550314465428,63.32563888888892,135,46.73950000000002,84.5175032229793,190,1437,185,9307.118388888895,138,59.33397222222225
피커 1명 · DD→PD (strict),greedy:count:cells_asc:qty_desc,2026-07-10,61.90063888888892,137,62.292305555555586,0.05867802108678021,53,63.32563888888892,27.76236163522014,63.32563888888892,133,49.97661111111113,83.47182925293995,190,1437,185,9138.793305555562,120,59.33397222222225
피커 1명 · DD→PD (strict),greedy:count:qty_desc:none,2026-07-10,61.900638888888935,137,61.51786111111116,0.055008110300081105,53,62.55119444444449,43.79207442348012,62.55119444444449,131,51.84905555555559,82.07409797219435,190,1437,185,6795.703666666673,38,58.559527777777824
피커 1명 · DD→PD (strict),greedy:count:qty_desc:time_asc,2026-07-10,61.900638888888935,137,61.933972222222266,0.055008110300081105,53,62.9673055555556,44.390216981132106,62.9673055555556,133,51.24886111111114,83.04655061290629,190,1437,185,6802.336277777785,38,58.97563888888894
피커 1명 · DD→PD (strict),greedy:count:qty_desc:demand_desc,2026-07-10,61.900638888888935,137,61.51786111111116,0.055008110300081105,53,62.55119444444449,43.744489517819744,62.55119444444449,131,51.84905555555559,82.11215968431193,190,1437,185,6796.228138888895,38,58.559527777777824
피커 1명 · DD→PD (strict),greedy:count:qty_desc:cells_asc,2026-07-10,61.900638888888935,137,61.51786111111116,0.055008110300081105,53,62.55119444444449,43.73431551362687,62.55119444444449,131,51.84905555555559,82.0264720941913,190,1437,185,6794.068027777784,38,58.559527777777824
피커 1명 · DD→PD (strict),greedy:count_partial:none:none,2026-07-10,61.900638888888935,137,61.92563888888893,0.055008110300081105,53,62.958972222222265,45.202800838574454,62.958972222222265,134,49.46844444444447,82.56967787222987,190,1437,185,6701.266055555561,33,58.9673055555556
피커 1명 · DD→PD (strict),greedy:count_partial:time_asc:none,2026-07-10,61.900638888888935,137,61.92563888888893,0.055008110300081105,53,62.958972222222265,45.29264465408808,62.958972222222265,136,51.52400000000003,83.0636719768562,190,1437,185,6699.165305555563,33,58.9673055555556
피커 1명 · DD→PD (strict),greedy:count_partial:time_asc:demand_desc,2026-07-10,61.900638888888935,137,61.92563888888893,0.055008110300081105,53,62.958972222222265,45.29264465408808,62.958972222222265,136,51.52400000000003,83.0636719768562,190,1437,185,6699.165305555563,33,58.9673055555556
피커 1명 · DD→PD (strict),greedy:count_partial:time_asc:cells_asc,2026-07-10,61.900638888888935,137,61.92563888888893,0.055008110300081105,53,62.958972222222265,45.29264465408808,62.958972222222265,136,51.52400000000003,83.0636719768562,190,1437,185,6699.165305555563,33,58.9673055555556
피커 1명 · DD→PD (strict),greedy:count_partial:time_asc:qty_desc,2026-07-10,61.900638888888935,137,61.92563888888893,0.055008110300081105,53,62.958972222222265,45.29264465408808,62.958972222222265,136,51.52400000000003,83.0636719768562,190,1437,185,6699.165305555563,33,58.9673055555556
피커 1명 · DD→PD (strict),greedy:count_partial:demand_desc:none,2026-07-10,61.900638888888935,137,61.92563888888893,0.055008110300081105,53,62.958972222222265,45.202800838574454,62.958972222222265,136,51.06580555555558,82.64420038976002,190,1437,185,6702.58519444445,33,58.9673055555556
피커 1명 · DD→PD (strict),greedy:count_partial:demand_desc:time_asc,2026-07-10,61.900638888888935,137,61.92563888888893,0.055008110300081105,53,62.958972222222265,45.276985849056636,62.958972222222265,136,50.91783333333336,82.98437562733757,190,1437,185,6699.952250000007,33,58.9673055555556
피커 1명 · DD→PD (strict),greedy:count_partial:demand_desc:cells_asc,2026-07-10,61.900638888888935,137,61.92563888888893,0.055008110300081105,53,62.958972222222265,45.202800838574454,62.958972222222265,136,51.06580555555558,82.6334800043944,190,1437,185,6702.58519444445,33,58.9673055555556
피커 1명 · DD→PD (strict),greedy:count_partial:demand_desc:qty_desc,2026-07-10,61.900638888888935,137,61.92563888888893,0.055008110300081105,53,62.958972222222265,45.202800838574454,62.958972222222265,136,51.06580555555558,82.64420038976002,190,1437,185,6702.58519444445,33,58.9673055555556
피커 1명 · DD→PD (strict),greedy:count_partial:cells_asc:none,2026-07-10,61.900638888888935,137,61.92563888888893,0.055008110300081105,53,62.958972222222265,45.202800838574454,62.958972222222265,134,49.46844444444447,82.55895748686427,190,1437,185,6701.266055555561,33,58.9673055555556
피커 1명 · DD→PD (strict),greedy:count_partial:cells_asc:time_asc,2026-07-10,61.900638888888935,137,61.92563888888893,0.055008110300081105,53,62.958972222222265,45.29264465408808,62.958972222222265,136,51.52400000000003,83.02831958907986,190,1437,185,6699.165305555563,33,58.9673055555556
피커 1명 · DD→PD (strict),greedy:count_partial:cells_asc:demand_desc,2026-07-10,61.900638888888935,137,61.92563888888893,0.055008110300081105,53,62.958972222222265,45.202800838574454,62.958972222222265,136,51.06580555555558,82.6334800043944,190,1437,185,6702.58519444445,33,58.9673055555556
피커 1명 · DD→PD (strict),greedy:count_partial:cells_asc:qty_desc,2026-07-10,61.900638888888935,137,61.92563888888893,0.055008110300081105,53,62.958972222222265,45.202800838574454,62.958972222222265,136,51.06580555555558,82.6334800043944,190,1437,185,6702.58519444445,33,58.9673055555556
피커 1명 · DD→PD (strict),greedy:count_partial:qty_desc:none,2026-07-10,61.900638888888935,137,61.92563888888893,0.055008110300081105,53,62.958972222222265,45.202800838574454,62.958972222222265,136,51.06580555555558,82.64420038976002,190,1437,185,6702.58519444445,33,58.9673055555556
피커 1명 · DD→PD (strict),greedy:count_partial:qty_desc:time_asc,2026-07-10,61.900638888888935,137,61.92563888888893,0.055008110300081105,53,62.958972222222265,45.276985849056636,62.958972222222265,136,50.91783333333336,82.96246453267848,190,1437,185,6699.984750000007,33,58.9673055555556
피커 1명 · DD→PD (strict),greedy:count_partial:qty_desc:demand_desc,2026-07-10,61.900638888888935,137,61.92563888888893,0.055008110300081105,53,62.958972222222265,45.202800838574454,62.958972222222265,136,51.06580555555558,82.64420038976002,190,1437,185,6702.58519444445,33,58.9673055555556
피커 1명 · DD→PD (strict),greedy:count_partial:qty_desc:cells_asc,2026-07-10,61.900638888888935,137,61.92563888888893,0.055008110300081105,53,62.958972222222265,45.202800838574454,62.958972222222265,136,51.06580555555558,82.6334800043944,190,1437,185,6702.58519444445,33,58.9673055555556
피커 1명 · DD→PD (strict),greedy:count_ddweighted:none:none,2026-07-10,61.900638888888885,137,62.29230555555555,0.05705596107055961,53,63.32563888888888,15.9483605870021,63.32563888888888,132,52.989277777777794,85.44844000784306,190,1437,185,9779.124472222222,134,59.33397222222222
피커 1명 · DD→PD (strict),greedy:count_ddweighted:time_asc:none,2026-07-10,61.90063888888889,137,62.29230555555556,0.06461881589618816,53,63.325638888888896,20.60174528301887,63.325638888888896,157,44.892611111111115,102.67206761523222,190,1437,185,10037.401138888892,152,59.33397222222223
피커 1명 · DD→PD (strict),greedy:count_ddweighted:time_asc:demand_desc,2026-07-10,61.90063888888889,137,62.29230555555556,0.06461881589618816,53,63.325638888888896,20.60174528301887,63.325638888888896,157,44.892611111111115,102.67206761523222,190,1437,185,10037.401138888892,152,59.33397222222223
피커 1명 · DD→PD (strict),greedy:count_ddweighted:time_asc:cells_asc,2026-07-10,61.90063888888889,137,62.29230555555556,0.06461881589618816,53,63.325638888888896,20.60174528301887,63.325638888888896,157,44.892611111111115,102.67206761523222,190,1437,185,10037.401138888892,152,59.33397222222223
피커 1명 · DD→PD (strict),greedy:count_ddweighted:time_asc:qty_desc,2026-07-10,61.90063888888889,137,62.29230555555556,0.06461881589618816,53,63.325638888888896,20.60174528301887,63.325638888888896,157,44.892611111111115,102.67206761523222,190,1437,185,10037.401138888892,152,59.33397222222223
피커 1명 · DD→PD (strict),greedy:count_ddweighted:demand_desc:none,2026-07-10,61.90063888888893,137,61.517861111111145,0.055008110300081105,53,62.551194444444484,43.505698113207586,62.551194444444484,130,49.0064166666667,82.02411935467971,190,1437,185,6788.88905555556,38,58.55952777777782
피커 1명 · DD→PD (strict),greedy:count_ddweighted:demand_desc:time_asc,2026-07-10,61.900638888888935,137,61.933972222222266,0.055008110300081105,53,62.9673055555556,44.1923092243187,62.9673055555556,133,51.24886111111114,83.04028280990623,190,1437,185,6792.128277777783,38,58.97563888888894
피커 1명 · DD→PD (strict),greedy:count_ddweighted:demand_desc:cells_asc,2026-07-10,61.90063888888893,137,61.517861111111145,0.055008110300081105,53,62.551194444444484,43.45267610062896,62.551194444444484,130,49.0064166666667,81.96667751703828,190,1437,185,6785.747083333337,38,58.55952777777782
피커 1명 · DD→PD (strict),greedy:count_ddweighted:demand_desc:qty_desc,2026-07-10,61.90063888888893,137,61.517861111111145,0.055008110300081105,53,62.551194444444484,43.66333333333336,62.551194444444484,130,49.0064166666667,82.00919291442611,190,1437,185,6789.834055555559,38,58.55952777777782
피커 1명 · DD→PD (strict),greedy:count_ddweighted:cells_asc:none,2026-07-10,61.9006388888889,137,62.29230555555557,0.0641727493917275,53,63.3256388888889,9.629742662473795,63.3256388888889,137,48.41255555555556,81.06649448200507,190,1437,185,10155.081305555557,154,59.333972222222236
피커 1명 · DD→PD (strict),greedy:count_ddweighted:cells_asc:time_asc,2026-07-10,61.90063888888888,137,62.292305555555544,0.07629764801297648,53,63.325638888888875,17.353329664570225,63.325638888888875,150,54.052749999999996,97.18863826877214,190,1437,185,10302.671194444445,166,59.33397222222221
피커 1명 · DD→PD (strict),greedy:count_ddweighted:cells_asc:demand_desc,2026-07-10,61.90063888888892,137,62.292305555555586,0.06770072992700736,53,63.32563888888892,27.16163626834383,63.32563888888892,135,46.73950000000002,84.4445978743909,190,1437,185,9302.124722222228,138,59.33397222222225
피커 1명 · DD→PD (strict),greedy:count_ddweighted:cells_asc:qty_desc,2026-07-10,61.90063888888892,137,62.292305555555586,0.05867802108678021,53,63.32563888888892,27.70110115303985,63.32563888888892,133,49.97661111111113,83.4046952195508,190,1437,185,9136.100027777782,120,59.33397222222225
피커 1명 · DD→PD (strict),greedy:count_ddweighted:qty_desc:none,2026-07-10,61.90063888888893,137,61.517861111111145,0.055008110300081105,53,62.551194444444484,43.71091823899374,62.551194444444484,130,49.0064166666667,81.9770134951682,190,1437,185,6789.309583333337,38,58.55952777777782
피커 1명 · DD→PD (strict),greedy:count_ddweighted:qty_desc:time_asc,2026-07-10,61.900638888888935,137,61.933972222222266,0.055008110300081105,53,62.9673055555556,44.26854350104826,62.9673055555556,133,51.24886111111114,82.89675903235499,190,1437,185,6794.703583333339,38,58.97563888888894
피커 1명 · DD→PD (strict),greedy:count_ddweighted:qty_desc:demand_desc,2026-07-10,61.90063888888893,137,61.517861111111145,0.055008110300081105,53,62.551194444444484,43.66333333333336,62.551194444444484,130,49.0064166666667,82.01507520728578,190,1437,185,6789.834055555559,38,58.55952777777782
피커 1명 · DD→PD (strict),greedy:count_ddweighted:qty_desc:cells_asc,2026-07-10,61.90063888888893,137,61.517861111111145,0.055008110300081105,53,62.551194444444484,43.65315932914049,62.551194444444484,130,49.0064166666667,81.92938761716515,190,1437,185,6787.673944444448,38,58.55952777777782
피커 1명 · DD→PD (strict),search:genetic,2026-07-10,61.90063888888892,137,61.51786111111114,0.05517031630170316,53,62.55119444444448,41.2208637316562,62.55119444444448,131,51.84905555555557,82.742856406952,190,1437,185,6862.29891666667,34,58.55952777777781
피커 1명 · DD→PD (strict),sort:qty_desc,2026-07-12,65.65863888888889,346,65.67252777777777,0.2941245985870264,0,,,65.67252777777777,131,52.14941666666666,73.81747272134339,346,2566,192,6741.59038888889,25,58.54474999999999
피커 1명 · DD→PD (strict),sort:qty_asc,2026-07-12,65.6586388888889,346,69.19800000000002,1.00948675337187,0,,,69.19800000000002,199,61.37372222222224,100.97529111310216,346,2566,192,22099.130972222232,191,62.07022222222224
피커 1명 · DD→PD (strict),sort:time_asc,2026-07-12,65.65863888888889,346,68.61058333333332,0.9649786448298004,0,,,68.61058333333332,223,57.774472222222215,126.51936674816527,346,2566,192,21990.982416666673,191,61.48280555555555
피커 1명 · DD→PD (strict),sort:demand_desc,2026-07-12,65.65863888888889,346,65.67252777777777,0.29414065510597304,0,,,65.67252777777777,130,51.919194444444436,73.87627415657907,346,2566,192,6751.682,25,58.54474999999999
피커 1명 · DD→PD (strict),sort:cells_asc,2026-07-12,65.65863888888889,346,69.10077777777778,0.931234666024407,0,,,69.10077777777778,195,63.43677777777778,100.46214626945829,346,2566,192,22272.492166666667,191,61.973000000000006
피커 1명 · DD→PD (strict),sort:code,2026-07-12,65.65863888888889,346,67.63361111111111,0.6903659280667952,0,,,67.63361111111111,211,53.96327777777778,116.12415096044455,346,2566,192,20798.495805555558,179,60.505833333333335
피커 1명 · DD→PD (strict),sort:random,2026-07-12,65.65863888888886,346,67.35463888888886,0.6505951348747592,0,,,67.35463888888886,194,62.027805555555524,120.90705045062059,346,2566,192,20017.530638888886,182,60.226861111111084
피커 1명 · DD→PD (strict),greedy:count:none:none,2026-07-12,65.65863888888889,346,66.81975,0.3544215639049447,0,,,66.81975,158,45.659111111111116,91.63567824050689,346,2566,192,17050.240388888895,134,59.691972222222226
피커 1명 · DD→PD (strict),greedy:count:time_asc:none,2026-07-12,65.65863888888887,346,66.81974999999998,0.41519251766217086,0,,,66.81974999999998,187,44.718555555555525,110.87964885631366,346,2566,192,19309.84138888888,174,59.691972222222205
피커 1명 · DD→PD (strict),greedy:count:time_asc:demand_desc,2026-07-12,65.65863888888887,346,66.81974999999998,0.41519251766217086,0,,,66.81974999999998,187,44.718555555555525,110.89856541915623,346,2566,192,19309.84138888888,174,59.691972222222205
피커 1명 · DD→PD (strict),greedy:count:time_asc:cells_asc,2026-07-12,65.65863888888887,346,66.81974999999998,0.41519251766217086,0,,,66.81974999999998,187,44.718555555555525,110.87964885631366,346,2566,192,19309.84138888888,174,59.691972222222205
피커 1명 · DD→PD (strict),greedy:count:time_asc:qty_desc,2026-07-12,65.65863888888887,346,66.81974999999998,0.41519251766217086,0,,,66.81974999999998,187,44.718555555555525,110.89856541915623,346,2566,192,19309.84138888888,174,59.691972222222205
피커 1명 · DD→PD (strict),greedy:count:demand_desc:none,2026-07-12,65.65863888888889,346,65.68363888888888,0.29238246628131026,0,,,65.68363888888888,113,50.32222222222223,66.57731060203983,346,2566,192,6322.5631111111115,26,58.555861111111106
피커 1명 · DD→PD (strict),greedy:count:demand_desc:time_asc,2026-07-12,65.65863888888889,346,65.68919444444444,0.2923262684649968,0,,,65.68919444444444,116,46.21711111111112,67.11201740857939,346,2566,192,6315.08688888889,26,58.561416666666666
피커 1명 · DD→PD (strict),greedy:count:demand_desc:cells_asc,2026-07-12,65.65863888888889,346,65.68363888888888,0.29238246628131026,0,,,65.68363888888888,113,50.32222222222223,66.49424662238313,346,2566,192,6322.5631111111115,26,58.555861111111106
피커 1명 · DD→PD (strict),greedy:count:demand_desc:qty_desc,2026-07-12,65.65863888888889,346,65.68363888888888,0.29247077713551706,0,,,65.68363888888888,113,50.32222222222223,66.51867305023956,346,2566,192,6325.409527777779,26,58.555861111111106
피커 1명 · DD→PD (strict),greedy:count:cells_asc:none,2026-07-12,65.6586388888889,346,66.81975000000001,0.39851982980089945,0,,,66.81975000000001,170,47.48844444444446,87.53955396587254,346,2566,192,19769.243861111117,172,59.69197222222224
피커 1명 · DD→PD (strict),greedy:count:cells_asc:time_asc,2026-07-12,65.65863888888889,346,66.81975,0.3911099871547851,0,,,66.81975,163,45.37091666666665,97.84160413317584,346,2566,192,19771.490305555555,176,59.691972222222226
피커 1명 · DD→PD (strict),greedy:count:cells_asc:demand_desc,2026-07-12,65.65863888888889,346,66.81975,0.4044190751445095,0,,,66.81975,156,45.39813888888889,82.71763296862913,346,2566,192,18145.274583333332,146,59.69197222222222
피커 1명 · DD→PD (strict),greedy:count:cells_asc:qty_desc,2026-07-12,65.65863888888889,346,66.81975,0.40199189145793274,0,,,66.81975,155,46.86152777777776,83.99220207265732,346,2566,192,18183.793166666663,145,59.69197222222222
피커 1명 · DD→PD (strict),greedy:count:qty_desc:none,2026-07-12,65.65863888888889,346,65.68363888888888,0.29247077713551706,0,,,65.68363888888888,113,50.32222222222223,66.30046041399622,346,2566,192,6326.622444444443,26,58.555861111111106
피커 1명 · DD→PD (strict),greedy:count:qty_desc:time_asc,2026-07-12,65.65863888888889,346,65.68919444444444,0.2923262684649968,0,,,65.68919444444444,116,46.21711111111112,67.10741830953934,346,2566,192,6320.287888888891,26,58.561416666666666
피커 1명 · DD→PD (strict),greedy:count:qty_desc:demand_desc,2026-07-12,65.65863888888889,346,65.68363888888888,0.29247077713551706,0,,,65.68363888888888,113,50.32222222222223,66.51867305023956,346,2566,192,6325.409527777779,26,58.555861111111106
피커 1명 · DD→PD (strict),greedy:count:qty_desc:cells_asc,2026-07-12,65.65863888888889,346,65.68363888888888,0.29247077713551706,0,,,65.68363888888888,113,50.32222222222223,66.20986031106175,346,2566,192,6326.622444444443,26,58.555861111111106
피커 1명 · DD→PD (strict),greedy:count_partial:none:none,2026-07-12,65.65863888888887,346,65.68919444444442,0.3056432241490045,0,,,65.68919444444442,117,45.86805555555555,67.71180952727302,346,2566,192,6161.53075,22,58.56141666666665
피커 1명 · DD→PD (strict),greedy:count_partial:time_asc:none,2026-07-12,65.65863888888886,346,65.68919444444442,0.3056432241490045,0,,,65.68919444444442,117,47.18938888888887,68.0018263615993,346,2566,192,6141.878527777777,22,58.561416666666645
피커 1명 · DD→PD (strict),greedy:count_partial:time_asc:demand_desc,2026-07-12,65.65863888888886,346,65.68919444444442,0.3056432241490045,0,,,65.68919444444442,117,47.18938888888887,68.0018263615993,346,2566,192,6141.878527777777,22,58.561416666666645
피커 1명 · DD→PD (strict),greedy:count_partial:time_asc:cells_asc,2026-07-12,65.65863888888886,346,65.68919444444442,0.3056432241490045,0,,,65.68919444444442,117,47.18938888888887,68.0018263615993,346,2566,192,6141.878527777777,22,58.561416666666645
피커 1명 · DD→PD (strict),greedy:count_partial:time_asc:qty_desc,2026-07-12,65.65863888888886,346,65.68919444444442,0.3056432241490045,0,,,65.68919444444442,117,47.18938888888887,68.0018263615993,346,2566,192,6141.878527777777,22,58.561416666666645
피커 1명 · DD→PD (strict),greedy:count_partial:demand_desc:none,2026-07-12,65.65863888888887,346,65.68919444444442,0.3056432241490045,0,,,65.68919444444442,117,45.86805555555555,68.86878697705652,346,2566,192,6164.988722222221,22,58.56141666666665
피커 1명 · DD→PD (strict),greedy:count_partial:demand_desc:time_asc,2026-07-12,65.65863888888887,346,65.68919444444442,0.3056432241490045,0,,,65.68919444444442,118,46.189333333333316,68.47425523646498,346,2566,192,6155.169749999999,22,58.56141666666665
피커 1명 · DD→PD (strict),greedy:count_partial:demand_desc:cells_asc,2026-07-12,65.65863888888887,346,65.68919444444442,0.3056432241490045,0,,,65.68919444444442,117,45.86805555555555,68.82494795567172,346,2566,192,6164.988722222221,22,58.56141666666665
피커 1명 · DD→PD (strict),greedy:count_partial:demand_desc:qty_desc,2026-07-12,65.65863888888887,346,65.68919444444442,0.3056432241490045,0,,,65.68919444444442,117,45.86805555555555,68.8501250205619,346,2566,192,6164.376055555555,22,58.56141666666665
피커 1명 · DD→PD (strict),greedy:count_partial:cells_asc:none,2026-07-12,65.65863888888887,346,65.68919444444442,0.3056432241490045,0,,,65.68919444444442,117,45.86805555555555,67.66797050588822,346,2566,192,6161.53075,22,58.56141666666665
피커 1명 · DD→PD (strict),greedy:count_partial:cells_asc:time_asc,2026-07-12,65.65863888888886,346,65.68919444444442,0.3056432241490045,0,,,65.68919444444442,117,47.18938888888887,67.92732146459062,346,2566,192,6141.878527777777,22,58.561416666666645
피커 1명 · DD→PD (strict),greedy:count_partial:cells_asc:demand_desc,2026-07-12,65.65863888888887,346,65.68919444444442,0.3056432241490045,0,,,65.68919444444442,117,45.86805555555555,68.82494795567172,346,2566,192,6164.988722222221,22,58.56141666666665
피커 1명 · DD→PD (strict),greedy:count_partial:cells_asc:qty_desc,2026-07-12,65.65863888888887,346,65.68919444444442,0.3056432241490045,0,,,65.68919444444442,117,45.86805555555555,68.74835578826384,346,2566,192,6164.528444444444,22,58.56141666666665
피커 1명 · DD→PD (strict),greedy:count_partial:qty_desc:none,2026-07-12,65.65863888888887,346,65.68919444444442,0.3056432241490045,0,,,65.68919444444442,117,45.86805555555555,68.79219480964865,346,2566,192,6164.528444444444,22,58.56141666666665
피커 1명 · DD→PD (strict),greedy:count_partial:qty_desc:time_asc,2026-07-12,65.65863888888886,346,65.68919444444442,0.3056432241490045,0,,,65.68919444444442,118,46.18933333333331,68.39500408277871,346,2566,192,6155.772333333333,22,58.561416666666645
피커 1명 · DD→PD (strict),greedy:count_partial:qty_desc:demand_desc,2026-07-12,65.65863888888887,346,65.68919444444442,0.3056432241490045,0,,,65.68919444444442,117,45.86805555555555,68.8501250205619,346,2566,192,6164.376055555555,22,58.56141666666665
피커 1명 · DD→PD (strict),greedy:count_partial:qty_desc:cells_asc,2026-07-12,65.65863888888887,346,65.68919444444442,0.3056432241490045,0,,,65.68919444444442,117,45.86805555555555,68.74835578826384,346,2566,192,6164.528444444444,22,58.56141666666665
피커 1명 · DD→PD (strict),greedy:count_ddweighted:none:none,2026-07-12,65.65863888888889,346,66.81975,0.3544215639049447,0,,,66.81975,158,45.659111111111116,91.63567824050689,346,2566,192,17050.240388888895,134,59.691972222222226
피커 1명 · DD→PD (strict),greedy:count_ddweighted:time_asc:none,2026-07-12,65.65863888888887,346,66.81974999999998,0.41519251766217086,0,,,66.81974999999998,187,44.718555555555525,110.87964885631366,346,2566,192,19309.84138888888,174,59.691972222222205
피커 1명 · DD→PD (strict),greedy:count_ddweighted:time_asc:demand_desc,2026-07-12,65.65863888888887,346,66.81974999999998,0.41519251766217086,0,,,66.81974999999998,187,44.718555555555525,110.89856541915623,346,2566,192,19309.84138888888,174,59.691972222222205
피커 1명 · DD→PD (strict),greedy:count_ddweighted:time_asc:cells_asc,2026-07-12,65.65863888888887,346,66.81974999999998,0.41519251766217086,0,,,66.81974999999998,187,44.718555555555525,110.87964885631366,346,2566,192,19309.84138888888,174,59.691972222222205
피커 1명 · DD→PD (strict),greedy:count_ddweighted:time_asc:qty_desc,2026-07-12,65.65863888888887,346,66.81974999999998,0.41519251766217086,0,,,66.81974999999998,187,44.718555555555525,110.89856541915623,346,2566,192,19309.84138888888,174,59.691972222222205
피커 1명 · DD→PD (strict),greedy:count_ddweighted:demand_desc:none,2026-07-12,65.65863888888889,346,65.68363888888888,0.29238246628131026,0,,,65.68363888888888,113,50.32222222222223,66.57731060203983,346,2566,192,6322.5631111111115,26,58.555861111111106
피커 1명 · DD→PD (strict),greedy:count_ddweighted:demand_desc:time_asc,2026-07-12,65.65863888888889,346,65.68919444444444,0.2923262684649968,0,,,65.68919444444444,116,46.21711111111112,67.11201740857939,346,2566,192,6315.08688888889,26,58.561416666666666
피커 1명 · DD→PD (strict),greedy:count_ddweighted:demand_desc:cells_asc,2026-07-12,65.65863888888889,346,65.68363888888888,0.29238246628131026,0,,,65.68363888888888,113,50.32222222222223,66.49424662238313,346,2566,192,6322.5631111111115,26,58.555861111111106
피커 1명 · DD→PD (strict),greedy:count_ddweighted:demand_desc:qty_desc,2026-07-12,65.65863888888889,346,65.68363888888888,0.29247077713551706,0,,,65.68363888888888,113,50.32222222222223,66.51867305023956,346,2566,192,6325.409527777779,26,58.555861111111106
피커 1명 · DD→PD (strict),greedy:count_ddweighted:cells_asc:none,2026-07-12,65.6586388888889,346,66.81975000000001,0.39851982980089945,0,,,66.81975000000001,170,47.48844444444446,87.53955396587254,346,2566,192,19769.243861111117,172,59.69197222222224
피커 1명 · DD→PD (strict),greedy:count_ddweighted:cells_asc:time_asc,2026-07-12,65.65863888888889,346,66.81975,0.3911099871547851,0,,,66.81975,163,45.37091666666665,97.84160413317584,346,2566,192,19771.490305555555,176,59.691972222222226
피커 1명 · DD→PD (strict),greedy:count_ddweighted:cells_asc:demand_desc,2026-07-12,65.65863888888889,346,66.81975,0.4044190751445095,0,,,66.81975,156,45.39813888888889,82.71763296862913,346,2566,192,18145.274583333332,146,59.69197222222222
피커 1명 · DD→PD (strict),greedy:count_ddweighted:cells_asc:qty_desc,2026-07-12,65.65863888888889,346,66.81975,0.40199189145793274,0,,,66.81975,155,46.86152777777776,83.99220207265732,346,2566,192,18183.793166666663,145,59.69197222222222
피커 1명 · DD→PD (strict),greedy:count_ddweighted:qty_desc:none,2026-07-12,65.65863888888889,346,65.68363888888888,0.29247077713551706,0,,,65.68363888888888,113,50.32222222222223,66.30046041399622,346,2566,192,6326.622444444443,26,58.555861111111106
피커 1명 · DD→PD (strict),greedy:count_ddweighted:qty_desc:time_asc,2026-07-12,65.65863888888889,346,65.68919444444444,0.2923262684649968,0,,,65.68919444444444,116,46.21711111111112,67.10741830953934,346,2566,192,6320.287888888891,26,58.561416666666666
피커 1명 · DD→PD (strict),greedy:count_ddweighted:qty_desc:demand_desc,2026-07-12,65.65863888888889,346,65.68363888888888,0.29247077713551706,0,,,65.68363888888888,113,50.32222222222223,66.51867305023956,346,2566,192,6325.409527777779,26,58.555861111111106
피커 1명 · DD→PD (strict),greedy:count_ddweighted:qty_desc:cells_asc,2026-07-12,65.65863888888889,346,65.68363888888888,0.29247077713551706,0,,,65.68363888888888,113,50.32222222222223,66.20986031106175,346,2566,192,6326.622444444443,26,58.555861111111106
피커 1명 · DD→PD (strict),search:genetic,2026-07-12,65.65863888888889,346,65.68363888888888,0.29238246628131026,0,,,65.68363888888888,113,50.32222222222223,66.57731060203983,346,2566,192,6322.5631111111115,26,58.555861111111106
피커 1명 · DD→PD (strict),sort:qty_desc,2026-07-13,66.70138888888887,326,66.72638888888886,0.4085034935241992,173,70.47638888888886,44.12313070006421,70.47638888888886,208,66.49011111111109,126.5623912657904,499,3710,191,17745.580472222216,28,60.170833333333306
피커 1명 · DD→PD (strict),sort:qty_asc,2026-07-13,66.70138888888889,326,69.73666666666666,0.8684025221540559,173,73.48666666666666,8.39796403339756,73.48666666666666,269,65.70611111111111,111.40935052466058,499,3710,191,33421.558277777774,189,63.181111111111115
피커 1명 · DD→PD (strict),sort:time_asc,2026-07-13,66.70138888888891,326,69.55763888888892,0.7609966768916155,173,73.30763888888892,8.130209377007066,73.30763888888892,263,65.50005555555559,140.58547862413914,499,3710,191,33176.34658333334,190,63.00208333333337
피커 1명 · DD→PD (strict),sort:demand_desc,2026-07-13,66.70138888888887,326,66.72638888888886,0.4085034935241992,173,70.47638888888886,44.16563182402054,70.47638888888886,208,66.49011111111109,126.62343140925846,499,3710,191,17740.45644444444,28,60.170833333333306
피커 1명 · DD→PD (strict),sort:cells_asc,2026-07-13,66.7013888888889,326,69.79577777777779,0.7977859577368771,173,73.54577777777779,9.025652055234424,73.54577777777779,269,66.7013888888889,110.29930527018698,499,3710,191,33285.64555555555,189,63.240222222222236
피커 1명 · DD→PD (strict),sort:code,2026-07-13,66.70138888888889,326,68.98047222222222,0.8248993694614851,173,72.73047222222222,10.906052183686576,72.73047222222222,259,65.71380555555555,139.54682795725617,499,3710,191,32597.748250000004,187,62.42491666666666
피커 1명 · DD→PD (strict),sort:random,2026-07-13,66.70138888888887,326,68.4847222222222,0.4968547205180649,173,72.2347222222222,11.13891152858059,72.2347222222222,263,63.42888888888889,148.88812782403045,499,3710,191,31873.370277777776,182,61.92916666666665
피커 1명 · DD→PD (strict),greedy:count:none:none,2026-07-13,66.70138888888889,326,68.48472222222222,0.5037868950238581,173,72.23472222222222,14.747209537572253,72.23472222222222,240,65.6665,134.3014186006268,499,3710,191,31176.31727777777,164,61.92916666666666
피커 1명 · DD→PD (strict),greedy:count:time_asc:none,2026-07-13,66.70138888888889,326,68.22933333333333,0.6092105487389219,173,71.97933333333333,13.922707289659595,71.97933333333333,251,60.71941666666667,141.03011859885706,499,3710,191,31275.247194444448,179,61.67377777777777
피커 1명 · DD→PD (strict),greedy:count:time_asc:demand_desc,2026-07-13,66.70138888888889,326,68.22933333333333,0.6092105487389219,173,71.97933333333333,13.922707289659595,71.97933333333333,251,60.71941666666667,141.03011859885706,499,3710,191,31275.247194444448,179,61.67377777777777
피커 1명 · DD→PD (strict),greedy:count:time_asc:cells_asc,2026-07-13,66.70138888888889,326,68.22933333333333,0.6092105487389219,173,71.97933333333333,13.922707289659595,71.97933333333333,251,60.71941666666667,141.03011859885706,499,3710,191,31275.247194444448,179,61.67377777777777
피커 1명 · DD→PD (strict),greedy:count:time_asc:qty_desc,2026-07-13,66.70138888888889,326,68.22933333333333,0.6092105487389219,173,71.97933333333333,13.922707289659595,71.97933333333333,251,60.71941666666667,141.03011859885706,499,3710,191,31275.247194444448,179,61.67377777777777
피커 1명 · DD→PD (strict),greedy:count:demand_desc:none,2026-07-13,66.70138888888884,326,66.72638888888885,0.3195337423312884,173,70.47638888888885,45.38558895311495,70.47638888888885,208,66.70138888888884,122.16903454663696,499,3710,191,17324.33397222221,24,60.17083333333329
피커 1명 · DD→PD (strict),greedy:count:demand_desc:time_asc,2026-07-13,66.70138888888884,326,66.72638888888885,0.31668865030674853,173,70.47638888888885,45.602926621708384,70.47638888888885,208,66.70138888888884,122.14395483120826,499,3710,191,17291.825472222212,23,60.17083333333329
피커 1명 · DD→PD (strict),greedy:count:demand_desc:cells_asc,2026-07-13,66.70138888888884,326,66.72638888888885,0.31668865030674853,173,70.47638888888885,45.421961143224124,70.47638888888885,208,66.70138888888884,122.09551465226728,499,3710,191,17311.140055555545,23,60.17083333333329
피커 1명 · DD→PD (strict),greedy:count:demand_desc:qty_desc,2026-07-13,66.70138888888886,326,66.72638888888886,0.3195337423312884,173,70.47638888888886,45.38823651252407,70.47638888888886,208,66.70138888888886,122.20778471907455,499,3710,191,17322.88958333333,24,60.1708333333333
피커 1명 · DD→PD (strict),greedy:count:cells_asc:none,2026-07-13,66.70138888888889,326,68.48472222222222,0.518945807770961,173,72.23472222222222,13.55810806037251,72.23472222222222,253,61.17377777777778,125.61849641408219,499,3710,191,32014.014555555557,178,61.92916666666667
피커 1명 · DD→PD (strict),greedy:count:cells_asc:time_asc,2026-07-13,66.70138888888889,326,68.48472222222222,0.5166831970006815,173,72.23472222222222,12.981001123956323,72.23472222222222,255,60.064388888888885,133.80808437001286,499,3710,191,31743.46358333333,183,61.92916666666667
피커 1명 · DD→PD (strict),greedy:count:cells_asc:demand_desc,2026-07-13,66.7013888888889,326,68.48472222222223,0.4627418200408998,173,72.23472222222223,16.310500963391135,72.23472222222223,240,65.66650000000001,128.37288084754562,499,3710,191,30619.929472222226,179,61.929166666666674
피커 1명 · DD→PD (strict),greedy:count:cells_asc:qty_desc,2026-07-13,66.70138888888889,326,68.48472222222222,0.4627418200408998,173,72.23472222222222,16.323377809890815,72.23472222222222,240,65.66650000000001,128.40461689323,499,3710,191,30618.726027777775,179,61.92916666666667
피커 1명 · DD→PD (strict),greedy:count:qty_desc:none,2026-07-13,66.70138888888884,326,66.72638888888885,0.3195337423312884,173,70.47638888888885,45.42389386640974,70.47638888888885,208,66.70138888888884,122.36495989594624,499,3710,191,17321.704194444435,24,60.17083333333329
피커 1명 · DD→PD (strict),greedy:count:qty_desc:time_asc,2026-07-13,66.70138888888884,326,66.72638888888885,0.31668865030674853,173,70.47638888888885,45.63308959537569,70.47638888888885,208,66.70138888888884,122.1813992077725,499,3710,191,17296.337111111097,23,60.17083333333329
피커 1명 · DD→PD (strict),greedy:count:qty_desc:demand_desc,2026-07-13,66.70138888888886,326,66.72638888888886,0.3195337423312884,173,70.47638888888886,45.38823651252407,70.47638888888886,208,66.70138888888886,122.21474922649429,499,3710,191,17322.88958333333,24,60.1708333333333
피커 1명 · DD→PD (strict),greedy:count:qty_desc:cells_asc,2026-07-13,66.70138888888884,326,66.72638888888885,0.31668865030674853,173,70.47638888888885,45.45751685934487,70.47638888888885,208,66.70138888888884,122.29066511637073,499,3710,191,17308.51027777777,23,60.17083333333329
피커 1명 · DD→PD (strict),greedy:count_partial:none:none,2026-07-13,66.70138888888886,326,66.72638888888886,0.31666308793456033,173,70.47638888888886,47.20600915221579,70.47638888888886,208,66.70138888888886,122.39903553199457,499,3710,191,16918.071166666665,23,60.1708333333333
피커 1명 · DD→PD (strict),greedy:count_partial:time_asc:none,2026-07-13,66.70138888888886,326,66.72638888888886,0.31666308793456033,173,70.47638888888886,47.22447045600512,70.47638888888886,208,66.70138888888886,122.42419486431626,499,3710,191,16916.24919444444,23,60.1708333333333
피커 1명 · DD→PD (strict),greedy:count_partial:time_asc:demand_desc,2026-07-13,66.70138888888886,326,66.72638888888886,0.31666308793456033,173,70.47638888888886,47.22447045600512,70.47638888888886,208,66.70138888888886,122.42419486431626,499,3710,191,16916.24919444444,23,60.1708333333333
피커 1명 · DD→PD (strict),greedy:count_partial:time_asc:cells_asc,2026-07-13,66.70138888888886,326,66.72638888888886,0.31666308793456033,173,70.47638888888886,47.22447045600512,70.47638888888886,208,66.70138888888886,122.42419486431626,499,3710,191,16916.24919444444,23,60.1708333333333
피커 1명 · DD→PD (strict),greedy:count_partial:time_asc:qty_desc,2026-07-13,66.70138888888886,326,66.72638888888886,0.31666308793456033,173,70.47638888888886,47.22447045600512,70.47638888888886,208,66.70138888888886,122.42419486431626,499,3710,191,16916.24919444444,23,60.1708333333333
피커 1명 · DD→PD (strict),greedy:count_partial:demand_desc:none,2026-07-13,66.70138888888886,326,66.72638888888886,0.31666308793456033,173,70.47638888888886,47.18879800899164,70.47638888888886,208,66.70138888888886,122.39310919732772,499,3710,191,16916.693638888886,23,60.1708333333333
피커 1명 · DD→PD (strict),greedy:count_partial:demand_desc:time_asc,2026-07-13,66.70138888888886,326,66.72638888888886,0.31666308793456033,173,70.47638888888886,47.19627215799613,70.47638888888886,208,66.70138888888886,122.37657450288711,499,3710,191,16914.636222222216,23,60.1708333333333
피커 1명 · DD→PD (strict),greedy:count_partial:demand_desc:cells_asc,2026-07-13,66.70138888888886,326,66.72638888888886,0.31666308793456033,173,70.47638888888886,47.18879800899164,70.47638888888886,208,66.70138888888886,122.39310919732772,499,3710,191,16916.693638888886,23,60.1708333333333
피커 1명 · DD→PD (strict),greedy:count_partial:demand_desc:qty_desc,2026-07-13,66.70138888888886,326,66.72638888888886,0.31666308793456033,173,70.47638888888886,47.18879800899164,70.47638888888886,208,66.70138888888886,122.39310919732772,499,3710,191,16916.693638888886,23,60.1708333333333
피커 1명 · DD→PD (strict),greedy:count_partial:cells_asc:none,2026-07-13,66.70138888888886,326,66.72638888888886,0.31666308793456033,173,70.47638888888886,47.20600915221579,70.47638888888886,208,66.70138888888886,122.39903553199457,499,3710,191,16918.071166666665,23,60.1708333333333
피커 1명 · DD→PD (strict),greedy:count_partial:cells_asc:time_asc,2026-07-13,66.70138888888886,326,66.72638888888886,0.31666308793456033,173,70.47638888888886,47.22447045600512,70.47638888888886,208,66.70138888888886,122.42419486431626,499,3710,191,16916.24919444444,23,60.1708333333333
피커 1명 · DD→PD (strict),greedy:count_partial:cells_asc:demand_desc,2026-07-13,66.70138888888886,326,66.72638888888886,0.31666308793456033,173,70.47638888888886,47.18879800899164,70.47638888888886,208,66.70138888888886,122.39310919732772,499,3710,191,16916.693638888886,23,60.1708333333333
피커 1명 · DD→PD (strict),greedy:count_partial:cells_asc:qty_desc,2026-07-13,66.70138888888886,326,66.72638888888886,0.31666308793456033,173,70.47638888888886,47.18879800899164,70.47638888888886,208,66.70138888888886,122.39310919732772,499,3710,191,16916.693638888886,23,60.1708333333333
피커 1명 · DD→PD (strict),greedy:count_partial:qty_desc:none,2026-07-13,66.70138888888886,326,66.72638888888886,0.31666308793456033,173,70.47638888888886,47.18879800899164,70.47638888888886,208,66.70138888888886,122.39310919732772,499,3710,191,16916.693638888886,23,60.1708333333333
피커 1명 · DD→PD (strict),greedy:count_partial:qty_desc:time_asc,2026-07-13,66.70138888888886,326,66.72638888888886,0.31666308793456033,173,70.47638888888886,47.19627215799613,70.47638888888886,208,66.70138888888886,122.37657450288711,499,3710,191,16914.636222222216,23,60.1708333333333
피커 1명 · DD→PD (strict),greedy:count_partial:qty_desc:demand_desc,2026-07-13,66.70138888888886,326,66.72638888888886,0.31666308793456033,173,70.47638888888886,47.18879800899164,70.47638888888886,208,66.70138888888886,122.39310919732772,499,3710,191,16916.693638888886,23,60.1708333333333
피커 1명 · DD→PD (strict),greedy:count_partial:qty_desc:cells_asc,2026-07-13,66.70138888888886,326,66.72638888888886,0.31666308793456033,173,70.47638888888886,47.18879800899164,70.47638888888886,208,66.70138888888886,122.39310919732772,499,3710,191,16916.693638888886,23,60.1708333333333
피커 1명 · DD→PD (strict),greedy:count_ddweighted:none:none,2026-07-13,66.70138888888887,326,68.4847222222222,0.5197636332651668,173,72.2347222222222,13.44858943481053,72.2347222222222,251,60.70538888888887,135.64121132880845,499,3710,191,31606.40238888888,176,61.92916666666665
피커 1명 · DD→PD (strict),greedy:count_ddweighted:time_asc:none,2026-07-13,66.70138888888889,326,68.22933333333333,0.6075627130197672,173,71.97933333333333,14.30881149646756,71.97933333333333,249,59.334583333333335,141.34963199313384,499,3710,191,30949.046777777785,176,61.67377777777777
피커 1명 · DD→PD (strict),greedy:count_ddweighted:time_asc:demand_desc,2026-07-13,66.70138888888889,326,68.22933333333333,0.6075627130197672,173,71.97933333333333,14.30881149646756,71.97933333333333,249,59.334583333333335,141.34963199313384,499,3710,191,30949.046777777785,176,61.67377777777777
피커 1명 · DD→PD (strict),greedy:count_ddweighted:time_asc:cells_asc,2026-07-13,66.70138888888889,326,68.22933333333333,0.6075627130197672,173,71.97933333333333,14.30881149646756,71.97933333333333,249,59.334583333333335,141.34963199313384,499,3710,191,30949.046777777785,176,61.67377777777777
피커 1명 · DD→PD (strict),greedy:count_ddweighted:time_asc:qty_desc,2026-07-13,66.70138888888889,326,68.22933333333333,0.6075627130197672,173,71.97933333333333,14.30881149646756,71.97933333333333,249,59.334583333333335,141.34963199313384,499,3710,191,30949.046777777785,176,61.67377777777777
피커 1명 · DD→PD (strict),greedy:count_ddweighted:demand_desc:none,2026-07-13,66.70138888888884,326,66.72638888888885,0.3195337423312884,173,70.47638888888885,45.24903596660242,70.47638888888885,208,66.70138888888884,121.6700333050864,499,3710,191,17304.691805555543,24,60.17083333333329
피커 1명 · DD→PD (strict),greedy:count_ddweighted:demand_desc:time_asc,2026-07-13,66.70138888888884,326,66.72638888888885,0.31668865030674853,173,70.47638888888885,45.44826718047525,70.47638888888885,208,66.70138888888884,121.56029363656071,499,3710,191,17272.96949999999,23,60.17083333333329
피커 1명 · DD→PD (strict),greedy:count_ddweighted:demand_desc:cells_asc,2026-07-13,66.70138888888884,326,66.72638888888885,0.31668865030674853,173,70.47638888888885,45.2854081567116,70.47638888888885,208,66.70138888888884,121.59651341071675,499,3710,191,17291.497888888876,23,60.17083333333329
피커 1명 · DD→PD (strict),greedy:count_ddweighted:demand_desc:qty_desc,2026-07-13,66.70138888888886,326,66.72638888888886,0.3195337423312884,173,70.47638888888886,45.25168352601155,70.47638888888886,208,66.70138888888886,121.708783477524,499,3710,191,17303.24741666666,24,60.1708333333333
피커 1명 · DD→PD (strict),greedy:count_ddweighted:cells_asc:none,2026-07-13,66.70138888888889,326,68.48472222222222,0.5186816632583502,173,72.23472222222222,12.999984264611435,72.23472222222222,253,61.17377777777778,127.80433694168318,499,3710,191,31957.841055555557,178,61.92916666666667
피커 1명 · DD→PD (strict),greedy:count_ddweighted:cells_asc:time_asc,2026-07-13,66.70138888888889,326,68.48472222222222,0.5809158145875931,173,72.23472222222222,12.632078355812457,72.23472222222222,256,61.36369444444444,133.86353900286485,499,3710,191,31832.009777777774,182,61.92916666666667
피커 1명 · DD→PD (strict),greedy:count_ddweighted:cells_asc:demand_desc,2026-07-13,66.7013888888889,326,68.48472222222223,0.4637425869120655,173,72.23472222222223,16.669278901734103,72.23472222222223,240,65.66650000000001,128.50141629333382,499,3710,191,30376.11630555556,179,61.929166666666674
피커 1명 · DD→PD (strict),greedy:count_ddweighted:cells_asc:qty_desc,2026-07-13,66.70138888888889,326,68.48472222222222,0.4637425869120655,173,72.23472222222222,16.68455780346821,72.23472222222222,240,65.66650000000001,128.53421369378378,499,3710,191,30375.25175,179,61.92916666666667
피커 1명 · DD→PD (strict),greedy:count_ddweighted:qty_desc:none,2026-07-13,66.70138888888884,326,66.72638888888885,0.3195337423312884,173,70.47638888888885,45.26539049454076,70.47638888888885,208,66.70138888888884,121.81188025934611,499,3710,191,17300.235722222213,24,60.17083333333329
피커 1명 · DD→PD (strict),greedy:count_ddweighted:qty_desc:time_asc,2026-07-13,66.70138888888884,326,66.72638888888885,0.31668865030674853,173,70.47638888888885,45.47444942196529,70.47638888888885,208,66.70138888888884,121.59761779949946,499,3710,191,17276.469944444434,23,60.17083333333329
피커 1명 · DD→PD (strict),greedy:count_ddweighted:qty_desc:demand_desc,2026-07-13,66.70138888888886,326,66.72638888888886,0.3195337423312884,173,70.47638888888886,45.25168352601155,70.47638888888886,208,66.70138888888886,121.71574798494373,499,3710,191,17303.24741666666,24,60.1708333333333
피커 1명 · DD→PD (strict),greedy:count_ddweighted:qty_desc:cells_asc,2026-07-13,66.70138888888884,326,66.72638888888885,0.31668865030674853,173,70.47638888888885,45.2990134874759,70.47638888888885,208,66.70138888888884,121.7375854797706,499,3710,191,17287.041805555546,23,60.17083333333329
피커 1명 · DD→PD (strict),search:genetic,2026-07-13,66.70138888888884,326,66.72638888888883,0.4084608895705523,173,70.47638888888883,44.22667886962103,70.47638888888883,208,66.49011111111106,125.44489840963286,499,3710,191,17707.53772222221,28,60.170833333333285
피커 1명 · DD→PD (strict),sort:qty_desc,2026-07-14,61.15455555555555,176,61.1601111111111,0.14513715277777775,135,63.81288888888888,49.04630823045267,63.81288888888888,169,50.416972222222206,111.73857815209745,311,2330,179,12186.369166666662,28,57.34066666666666
피커 1명 · DD→PD (strict),sort:qty_asc,2026-07-14,61.154555555555575,176,62.435111111111134,0.36904214015151515,135,65.08788888888891,4.596675308641975,65.08788888888891,183,60.563583333333355,90.26097234337848,311,2330,179,18843.032972222227,178,58.61566666666669
피커 1명 · DD→PD (strict),sort:time_asc,2026-07-14,61.15455555555556,176,61.83630555555556,0.2043650568181813,135,64.48908333333334,4.448764814814814,64.48908333333334,188,50.069277777777785,113.20809637462327,311,2330,179,18363.295555555556,176,58.01686111111111
피커 1명 · DD→PD (strict),sort:demand_desc,2026-07-14,61.15455555555555,176,61.1601111111111,0.14513715277777775,135,63.81288888888888,48.99629711934155,63.81288888888888,169,50.416972222222206,111.68126475668446,311,2330,179,12189.278166666661,28,57.34066666666666
피커 1명 · DD→PD (strict),sort:cells_asc,2026-07-14,61.15455555555559,176,61.976777777777805,0.2847695707070707,135,64.62955555555558,4.44852510288066,64.62955555555558,175,59.09355555555558,88.69128030519234,311,2330,179,18754.407888888894,175,58.15733333333336
피커 1명 · DD→PD (strict),sort:code,2026-07-14,61.154555555555575,176,61.160111111111135,0.1728907828282824,135,63.812888888888914,11.709374485596719,63.812888888888914,193,54.30277777777779,110.03273938041082,311,2330,179,18017.036638888894,159,57.34066666666669
피커 1명 · DD→PD (strict),sort:random,2026-07-14,61.154555555555554,176,62.03930555555556,0.28726357323232327,135,64.69208333333333,7.207727160493827,64.69208333333333,203,58.77641666666667,123.10606956458267,311,2330,179,18010.567944444443,176,58.21986111111111
피커 1명 · DD→PD (strict),greedy:count:none:none,2026-07-14,61.15455555555556,176,61.62677777777778,0.16706297348484817,135,64.27955555555556,15.926606172839517,64.27955555555556,181,47.82341666666667,104.57576583880136,311,2330,179,16918.82388888888,139,57.80733333333334
피커 1명 · DD→PD (strict),greedy:count:time_asc:none,2026-07-14,61.154555555555554,176,61.190666666666665,0.1297645202020202,135,63.843444444444444,9.778588888888887,63.843444444444444,166,49.74380555555554,104.60779450078405,311,2330,179,16737.42572222222,168,57.37122222222222
피커 1명 · DD→PD (strict),greedy:count:time_asc:demand_desc,2026-07-14,61.154555555555554,176,61.190666666666665,0.1297645202020202,135,63.843444444444444,9.776564197530861,63.843444444444444,166,49.74380555555554,104.61950979044227,311,2330,179,16737.699055555553,168,57.37122222222222
피커 1명 · DD→PD (strict),greedy:count:time_asc:cells_asc,2026-07-14,61.154555555555554,176,61.190666666666665,0.1297645202020202,135,63.843444444444444,9.778588888888887,63.843444444444444,166,49.74380555555554,104.60779450078405,311,2330,179,16737.42572222222,168,57.37122222222222
피커 1명 · DD→PD (strict),greedy:count:time_asc:qty_desc,2026-07-14,61.154555555555554,176,61.190666666666665,0.1297645202020202,135,63.843444444444444,9.776564197530861,63.843444444444444,166,49.74380555555554,104.61950979044227,311,2330,179,16737.699055555553,168,57.37122222222222
피커 1명 · DD→PD (strict),greedy:count:demand_desc:none,2026-07-14,61.154555555555554,176,61.16011111111111,0.10764520202020202,135,63.812888888888885,50.74673477366255,63.812888888888885,162,49.17094444444443,109.60902490963161,311,2330,179,11957.514972222218,22,57.340666666666664
피커 1명 · DD→PD (strict),greedy:count:demand_desc:time_asc,2026-07-14,61.154555555555554,176,61.190666666666665,0.10764520202020202,135,63.843444444444444,50.825554938271615,63.843444444444444,161,48.67611111111111,109.77776105090403,311,2330,179,11941.70583333333,22,57.37122222222222
피커 1명 · DD→PD (strict),greedy:count:demand_desc:cells_asc,2026-07-14,61.154555555555554,176,61.16011111111111,0.1073929924242424,135,63.812888888888885,50.753397119341564,63.812888888888885,162,49.17094444444443,109.53367527632871,311,2330,179,11961.189166666663,22,57.340666666666664
피커 1명 · DD→PD (strict),greedy:count:demand_desc:qty_desc,2026-07-14,61.154555555555554,176,61.16011111111111,0.10764520202020202,135,63.812888888888885,50.74539526748971,63.812888888888885,162,49.17094444444443,109.63721496528042,311,2330,179,11957.514972222218,22,57.340666666666664
피커 1명 · DD→PD (strict),greedy:count:cells_asc:none,2026-07-14,61.15455555555559,176,61.62677777777781,0.15479924242424242,135,64.27955555555559,9.745612345679017,64.27955555555559,163,46.70663888888891,92.71906870337209,311,2330,179,17252.784888888895,157,57.80733333333336
피커 1명 · DD→PD (strict),greedy:count:cells_asc:time_asc,2026-07-14,61.15455555555555,176,61.62677777777777,0.15379608585858587,135,64.27955555555555,7.336506378600825,64.27955555555555,161,59.9681111111111,97.4140684959448,311,2330,179,17712.217972222214,172,57.807333333333325
피커 1명 · DD→PD (strict),greedy:count:cells_asc:demand_desc,2026-07-14,61.154555555555554,176,61.626777777777775,0.16270186237373743,135,64.27955555555556,10.759630658436214,64.27955555555556,161,59.32330555555556,91.4560578272684,311,2330,179,17017.79780555555,158,57.80733333333333
피커 1명 · DD→PD (strict),greedy:count:cells_asc:qty_desc,2026-07-14,61.154555555555554,176,61.626777777777775,0.16270186237373743,135,64.27955555555556,10.713223045267487,64.27955555555556,161,59.32330555555556,91.95190279957686,311,2330,179,17030.458361111105,158,57.80733333333333
피커 1명 · DD→PD (strict),greedy:count:qty_desc:none,2026-07-14,61.154555555555554,176,61.16011111111111,0.10764520202020202,135,63.812888888888885,50.71873271604939,63.812888888888885,162,49.17094444444443,109.72347888618808,311,2330,179,11963.404972222217,22,57.340666666666664
피커 1명 · DD→PD (strict),greedy:count:qty_desc:time_asc,2026-07-14,61.154555555555554,176,61.190666666666665,0.10764520202020202,135,63.843444444444444,50.798892386831284,63.843444444444444,161,48.67611111111111,109.87355310124941,311,2330,179,11947.59583333333,22,57.37122222222222
피커 1명 · DD→PD (strict),greedy:count:qty_desc:demand_desc,2026-07-14,61.154555555555554,176,61.16011111111111,0.10764520202020202,135,63.812888888888885,50.71873271604939,63.812888888888885,162,49.17094444444443,109.72347888618808,311,2330,179,11963.404972222217,22,57.340666666666664
피커 1명 · DD→PD (strict),greedy:count:qty_desc:cells_asc,2026-07-14,61.154555555555554,176,61.16011111111111,0.1073929924242424,135,63.812888888888885,50.7253950617284,63.812888888888885,162,49.17094444444443,109.66801203518618,311,2330,179,11967.079166666663,22,57.340666666666664
피커 1명 · DD→PD (strict),greedy:count_partial:none:none,2026-07-14,61.15455555555556,176,61.16011111111112,0.1073929924242424,135,63.81288888888889,51.17576481481482,63.81288888888889,159,46.686555555555564,108.15705944114389,311,2330,179,11750.196111111109,17,57.34066666666667
피커 1명 · DD→PD (strict),greedy:count_partial:time_asc:none,2026-07-14,61.15455555555556,176,61.19066666666667,0.1073929924242424,135,63.84344444444445,51.40227695473252,63.84344444444445,159,46.686555555555564,108.51900743311329,311,2330,179,11747.630083333328,17,57.37122222222223
피커 1명 · DD→PD (strict),greedy:count_partial:time_asc:demand_desc,2026-07-14,61.15455555555556,176,61.19066666666667,0.1073929924242424,135,63.84344444444445,51.40227695473252,63.84344444444445,159,46.686555555555564,108.51900743311329,311,2330,179,11747.630083333328,17,57.37122222222223
피커 1명 · DD→PD (strict),greedy:count_partial:time_asc:cells_asc,2026-07-14,61.15455555555556,176,61.19066666666667,0.1073929924242424,135,63.84344444444445,51.40227695473252,63.84344444444445,159,46.686555555555564,108.51900743311329,311,2330,179,11747.630083333328,17,57.37122222222223
피커 1명 · DD→PD (strict),greedy:count_partial:time_asc:qty_desc,2026-07-14,61.15455555555556,176,61.19066666666667,0.1073929924242424,135,63.84344444444445,51.40227695473252,63.84344444444445,159,46.686555555555564,108.51900743311329,311,2330,179,11747.630083333328,17,57.37122222222223
피커 1명 · DD→PD (strict),greedy:count_partial:demand_desc:none,2026-07-14,61.15455555555556,176,61.16011111111112,0.1073929924242424,135,63.81288888888889,51.15689197530866,63.81288888888889,160,51.436916666666676,108.40234426691924,311,2330,179,11756.557472222217,17,57.34066666666667
피커 1명 · DD→PD (strict),greedy:count_partial:demand_desc:time_asc,2026-07-14,61.15455555555556,176,61.19066666666667,0.1073929924242424,135,63.84344444444445,51.23119547325104,63.84344444444445,161,49.953250000000004,108.67782213783369,311,2330,179,11756.383777777774,17,57.37122222222223
피커 1명 · DD→PD (strict),greedy:count_partial:demand_desc:cells_asc,2026-07-14,61.15455555555556,176,61.16011111111112,0.1073929924242424,135,63.81288888888889,51.15689197530866,63.81288888888889,160,51.436916666666676,108.38246148461823,311,2330,179,11756.557472222217,17,57.34066666666667
피커 1명 · DD→PD (strict),greedy:count_partial:demand_desc:qty_desc,2026-07-14,61.15455555555556,176,61.16011111111112,0.1073929924242424,135,63.81288888888889,51.15689197530866,63.81288888888889,160,51.436916666666676,108.40234426691924,311,2330,179,11756.557472222217,17,57.34066666666667
피커 1명 · DD→PD (strict),greedy:count_partial:cells_asc:none,2026-07-14,61.15455555555556,176,61.16011111111112,0.1073929924242424,135,63.81288888888889,51.17576481481482,63.81288888888889,159,46.686555555555564,108.13717665884286,311,2330,179,11750.196111111109,17,57.34066666666667
피커 1명 · DD→PD (strict),greedy:count_partial:cells_asc:time_asc,2026-07-14,61.15455555555556,176,61.19066666666667,0.1073929924242424,135,63.84344444444445,51.40227695473252,63.84344444444445,159,46.686555555555564,108.49913416673772,311,2330,179,11747.630083333328,17,57.37122222222223
피커 1명 · DD→PD (strict),greedy:count_partial:cells_asc:demand_desc,2026-07-14,61.15455555555556,176,61.16011111111112,0.1073929924242424,135,63.81288888888889,51.15689197530866,63.81288888888889,160,51.436916666666676,108.38246148461823,311,2330,179,11756.557472222217,17,57.34066666666667
피커 1명 · DD→PD (strict),greedy:count_partial:cells_asc:qty_desc,2026-07-14,61.15455555555556,176,61.16011111111112,0.1073929924242424,135,63.81288888888889,51.15689197530866,63.81288888888889,160,51.436916666666676,108.38246148461823,311,2330,179,11756.557472222217,17,57.34066666666667
피커 1명 · DD→PD (strict),greedy:count_partial:qty_desc:none,2026-07-14,61.15455555555556,176,61.16011111111112,0.1073929924242424,135,63.81288888888889,51.15689197530866,63.81288888888889,160,51.436916666666676,108.40234426691924,311,2330,179,11756.557472222217,17,57.34066666666667
피커 1명 · DD→PD (strict),greedy:count_partial:qty_desc:time_asc,2026-07-14,61.15455555555556,176,61.19066666666667,0.1073929924242424,135,63.84344444444445,51.23119547325104,63.84344444444445,161,49.953250000000004,108.67782213783369,311,2330,179,11756.383777777774,17,57.37122222222223
피커 1명 · DD→PD (strict),greedy:count_partial:qty_desc:demand_desc,2026-07-14,61.15455555555556,176,61.16011111111112,0.1073929924242424,135,63.81288888888889,51.15689197530866,63.81288888888889,160,51.436916666666676,108.40234426691924,311,2330,179,11756.557472222217,17,57.34066666666667
피커 1명 · DD→PD (strict),greedy:count_partial:qty_desc:cells_asc,2026-07-14,61.15455555555556,176,61.16011111111112,0.1073929924242424,135,63.81288888888889,51.15689197530866,63.81288888888889,160,51.436916666666676,108.40234426691924,311,2330,179,11756.557472222217,17,57.34066666666667
피커 1명 · DD→PD (strict),greedy:count_ddweighted:none:none,2026-07-14,61.15455555555556,176,61.62677777777778,0.1685408775252522,135,64.27955555555556,15.649627160493836,64.27955555555556,181,47.82341666666667,104.6790724024919,311,2330,179,16953.472361111104,139,57.80733333333334
피커 1명 · DD→PD (strict),greedy:count_ddweighted:time_asc:none,2026-07-14,61.154555555555554,176,61.190666666666665,0.12949621212121212,135,63.843444444444444,10.626970987654321,63.843444444444444,166,49.74380555555554,105.21680551905617,311,2330,179,16614.45088888888,168,57.37122222222222
피커 1명 · DD→PD (strict),greedy:count_ddweighted:time_asc:demand_desc,2026-07-14,61.154555555555554,176,61.190666666666665,0.12949621212121212,135,63.843444444444444,10.624946296296297,63.843444444444444,166,49.74380555555554,105.22852080871438,311,2330,179,16614.724222222216,168,57.37122222222222
피커 1명 · DD→PD (strict),greedy:count_ddweighted:time_asc:cells_asc,2026-07-14,61.154555555555554,176,61.190666666666665,0.12949621212121212,135,63.843444444444444,10.626970987654321,63.843444444444444,166,49.74380555555554,105.21680551905617,311,2330,179,16614.45088888888,168,57.37122222222222
피커 1명 · DD→PD (strict),greedy:count_ddweighted:time_asc:qty_desc,2026-07-14,61.154555555555554,176,61.190666666666665,0.12949621212121212,135,63.843444444444444,10.624946296296297,63.843444444444444,166,49.74380555555554,105.22852080871438,311,2330,179,16614.724222222216,168,57.37122222222222
피커 1명 · DD→PD (strict),greedy:count_ddweighted:demand_desc:none,2026-07-14,61.154555555555554,176,61.16011111111111,0.10764520202020202,135,63.812888888888885,50.731564197530865,63.812888888888885,162,49.17094444444443,109.57990200516788,311,2330,179,11955.864249999995,22,57.340666666666664
피커 1명 · DD→PD (strict),greedy:count_ddweighted:demand_desc:time_asc,2026-07-14,61.15455555555556,176,61.19066666666667,0.10764520202020202,135,63.84344444444445,50.816296707818935,63.84344444444445,161,48.67611111111112,109.76720006056482,311,2330,179,11940.078138888884,22,57.37122222222223
피커 1명 · DD→PD (strict),greedy:count_ddweighted:demand_desc:cells_asc,2026-07-14,61.154555555555554,176,61.16011111111111,0.1073929924242424,135,63.812888888888885,50.738226543209876,63.812888888888885,162,49.17094444444443,109.50455237186496,311,2330,179,11959.53844444444,22,57.340666666666664
피커 1명 · DD→PD (strict),greedy:count_ddweighted:demand_desc:qty_desc,2026-07-14,61.154555555555554,176,61.16011111111111,0.10764520202020202,135,63.812888888888885,50.730224691358025,63.812888888888885,162,49.17094444444443,109.60809206081669,311,2330,179,11955.864249999995,22,57.340666666666664
피커 1명 · DD→PD (strict),greedy:count_ddweighted:cells_asc:none,2026-07-14,61.15455555555559,176,61.62677777777781,0.1555383522727273,135,64.27955555555559,9.550871810699594,64.27955555555559,164,46.45805555555558,92.76630335202486,311,2330,179,17289.76630555556,157,57.80733333333336
피커 1명 · DD→PD (strict),greedy:count_ddweighted:cells_asc:time_asc,2026-07-14,61.15455555555555,176,61.62677777777777,0.1532152777777778,135,64.27955555555555,7.484074897119343,64.27955555555555,161,59.9681111111111,96.90410939369006,311,2330,179,17587.608555555547,167,57.807333333333325
피커 1명 · DD→PD (strict),greedy:count_ddweighted:cells_asc:demand_desc,2026-07-14,61.154555555555554,176,61.626777777777775,0.16270186237373743,135,64.27955555555556,10.745018930041152,64.27955555555556,161,59.32330555555556,91.4473078531968,311,2330,179,17016.028888888883,158,57.80733333333333
피커 1명 · DD→PD (strict),greedy:count_ddweighted:cells_asc:qty_desc,2026-07-14,61.154555555555554,176,61.626777777777775,0.16270186237373743,135,64.27955555555556,10.698611316872428,64.27955555555556,161,59.32330555555556,91.94315282550527,311,2330,179,17028.689444444437,158,57.80733333333333
피커 1명 · DD→PD (strict),greedy:count_ddweighted:qty_desc:none,2026-07-14,61.154555555555554,176,61.16011111111111,0.10764520202020202,135,63.812888888888885,50.70356213991769,63.812888888888885,162,49.17094444444443,109.69435598172433,311,2330,179,11961.754249999994,22,57.340666666666664
피커 1명 · DD→PD (strict),greedy:count_ddweighted:qty_desc:time_asc,2026-07-14,61.15455555555556,176,61.19066666666667,0.10764520202020202,135,63.84344444444445,50.789634156378604,63.84344444444445,161,48.67611111111112,109.86299211091018,311,2330,179,11945.968138888884,22,57.37122222222223
피커 1명 · DD→PD (strict),greedy:count_ddweighted:qty_desc:demand_desc,2026-07-14,61.154555555555554,176,61.16011111111111,0.10764520202020202,135,63.812888888888885,50.70356213991769,63.812888888888885,162,49.17094444444443,109.69435598172433,311,2330,179,11961.754249999994,22,57.340666666666664
피커 1명 · DD→PD (strict),greedy:count_ddweighted:qty_desc:cells_asc,2026-07-14,61.154555555555554,176,61.16011111111111,0.1073929924242424,135,63.812888888888885,50.71022448559671,63.812888888888885,162,49.17094444444443,109.63888913072245,311,2330,179,11965.42844444444,22,57.340666666666664
피커 1명 · DD→PD (strict),search:genetic,2026-07-14,61.154555555555554,176,61.16011111111111,0.11859043560606057,135,63.812888888888885,50.56426522633745,63.812888888888885,159,46.68655555555556,109.0461866811999,311,2330,179,11903.282749999997,28,57.340666666666664
피커 1명 · DD→PD (strict),sort:qty_desc,2026-07-15,63.59383333333332,187,63.62438888888888,0.16844919786096255,119,66.08549999999998,47.02773155929037,66.08549999999998,179,58.12397222222222,109.87966556792168,306,2308,185,11286.69836111111,25,59.67438888888888
피커 1명 · DD→PD (strict),sort:qty_asc,2026-07-15,63.59383333333333,187,64.91777777777777,0.3690766488413558,119,67.3788888888889,5.165000466853413,67.3788888888889,205,62.54694444444444,96.76581726884449,306,2308,185,19300.955222222223,184,60.967777777777776
피커 1명 · DD→PD (strict),sort:time_asc,2026-07-15,63.593833333333315,187,64.48830555555554,0.24072860962566878,119,66.94941666666665,6.134869514472454,66.94941666666665,196,57.79694444444443,121.31336967088336,306,2308,185,18803.650694444437,182,60.53830555555554
피커 1명 · DD→PD (strict),sort:demand_desc,2026-07-15,63.59383333333332,187,63.62438888888888,0.16844919786096255,119,66.08549999999998,46.95471381886087,66.08549999999998,179,58.12397222222222,109.92702467090191,306,2308,185,11281.896416666665,25,59.67438888888888
피커 1명 · DD→PD (strict),sort:cells_asc,2026-07-15,63.59383333333333,187,65.00416666666666,0.42948455139631453,119,67.46527777777777,6.15947805788982,67.46527777777777,197,63.032,95.50638641276375,306,2308,185,19265.55275,183,61.05416666666666
피커 1명 · DD→PD (strict),sort:code,2026-07-15,63.59383333333332,187,64.22152777777777,0.23309699940582376,119,66.68263888888887,11.51317740429505,66.68263888888887,201,57.04808333333332,113.53710673484476,306,2308,185,18624.23583333333,175,60.27152777777777
피커 1명 · DD→PD (strict),sort:random,2026-07-15,63.59383333333333,187,63.62716666666666,0.2559777183600712,119,66.08827777777778,9.670876283846873,66.08827777777778,209,60.850694444444436,119.17781981844148,306,2308,185,17666.906361111112,172,59.677166666666665
피커 1명 · DD→PD (strict),greedy:count:none:none,2026-07-15,63.59383333333333,187,64.16605555555556,0.1907366310160428,119,66.62716666666667,17.434447712418294,66.62716666666667,181,45.1856388888889,109.18229551008972,306,2308,185,17588.03213888889,145,60.21605555555555
피커 1명 · DD→PD (strict),greedy:count:time_asc:none,2026-07-15,63.59383333333331,187,64.18827777777776,0.27521256684491996,119,66.64938888888886,15.44931699346404,66.64938888888886,202,58.26730555555554,119.93855115784172,306,2308,185,17449.542249999995,173,60.23827777777775
피커 1명 · DD→PD (strict),greedy:count:time_asc:demand_desc,2026-07-15,63.59383333333331,187,64.18827777777776,0.27521256684491996,119,66.64938888888886,15.44931699346404,66.64938888888886,202,58.26730555555554,119.93855115784172,306,2308,185,17449.542249999995,173,60.23827777777775
피커 1명 · DD→PD (strict),greedy:count:time_asc:cells_asc,2026-07-15,63.59383333333331,187,64.18827777777776,0.27521256684491996,119,66.64938888888886,15.44931699346404,66.64938888888886,202,58.26730555555554,119.93855115784172,306,2308,185,17449.542249999995,173,60.23827777777775
피커 1명 · DD→PD (strict),greedy:count:time_asc:qty_desc,2026-07-15,63.59383333333331,187,64.18827777777776,0.27521256684491996,119,66.64938888888886,15.44931699346404,66.64938888888886,202,58.26730555555554,119.93855115784172,306,2308,185,17449.542249999995,173,60.23827777777775
피커 1명 · DD→PD (strict),greedy:count:demand_desc:none,2026-07-15,63.59383333333332,187,63.62716666666665,0.1740974450386215,119,66.08827777777776,49.07358800186741,66.08827777777776,173,60.76261111111109,106.17218636016304,306,2308,185,11076.954611111112,19,59.67716666666666
피커 1명 · DD→PD (strict),greedy:count:demand_desc:time_asc,2026-07-15,63.59383333333332,187,62.71913888888888,0.1740974450386215,119,65.18024999999999,48.10405532212884,65.18024999999999,171,59.92177777777776,105.79767175554626,306,2308,185,10940.463249999997,19,58.76913888888888
피커 1명 · DD→PD (strict),greedy:count:demand_desc:cells_asc,2026-07-15,63.59383333333332,187,63.62716666666665,0.1740974450386215,119,66.08827777777776,49.07726680672268,66.08827777777776,173,60.76261111111109,106.14054349863692,306,2308,185,11076.954611111112,19,59.67716666666666
피커 1명 · DD→PD (strict),greedy:count:demand_desc:qty_desc,2026-07-15,63.59383333333332,187,63.62716666666665,0.1740974450386215,119,66.08827777777776,49.05845868347339,66.08827777777776,173,60.76261111111109,106.09529215552597,306,2308,185,11075.799972222221,19,59.67716666666666
피커 1명 · DD→PD (strict),greedy:count:cells_asc:none,2026-07-15,63.59383333333334,187,64.16605555555557,0.20759432560903154,119,66.62716666666668,14.347613678804858,66.62716666666668,196,52.22594444444446,102.38885331225417,306,2308,185,18103.01075,161,60.21605555555557
피커 1명 · DD→PD (strict),greedy:count:cells_asc:time_asc,2026-07-15,63.593833333333315,187,64.16605555555553,0.24165418894830676,119,66.62716666666665,12.690593837535001,66.62716666666665,198,56.527222222222214,107.58832650011797,306,2308,185,18075.382222222215,169,60.216055555555535
피커 1명 · DD→PD (strict),greedy:count:cells_asc:demand_desc,2026-07-15,63.593833333333336,187,64.16605555555556,0.210448752228164,119,66.62716666666667,16.731098272642395,66.62716666666667,193,50.24747222222223,105.13511588949784,306,2308,185,17847.750722222223,160,60.21605555555556
피커 1명 · DD→PD (strict),greedy:count:cells_asc:qty_desc,2026-07-15,63.593833333333336,187,64.16605555555556,0.210448752228164,119,66.62716666666667,16.71727194211018,66.62716666666667,193,50.24747222222223,105.0085200481285,306,2308,185,17848.162055555556,160,60.21605555555556
피커 1명 · DD→PD (strict),greedy:count:qty_desc:none,2026-07-15,63.59383333333332,187,63.62716666666665,0.1740974450386215,119,66.08827777777776,49.05154551820728,66.08827777777776,173,60.76261111111109,106.11639692364338,306,2308,185,11076.390861111111,19,59.67716666666666
피커 1명 · DD→PD (strict),greedy:count:qty_desc:time_asc,2026-07-15,63.59383333333332,187,62.71913888888888,0.1740974450386215,119,65.18024999999999,48.07533216619981,65.18024999999999,171,59.92177777777776,105.73453061147954,306,2308,185,10936.45444444444,19,58.76913888888888
피커 1명 · DD→PD (strict),greedy:count:qty_desc:demand_desc,2026-07-15,63.59383333333332,187,63.62716666666665,0.1740974450386215,119,66.08827777777776,49.05154551820728,66.08827777777776,173,60.76261111111109,106.13946035143228,306,2308,185,11076.622638888888,19,59.67716666666666
피커 1명 · DD→PD (strict),greedy:count:qty_desc:cells_asc,2026-07-15,63.59383333333332,187,63.62716666666665,0.1740974450386215,119,66.08827777777776,49.05522432306255,66.08827777777776,173,60.76261111111109,106.10745602052472,306,2308,185,11076.390861111111,19,59.67716666666666
피커 1명 · DD→PD (strict),greedy:count_partial:none:none,2026-07-15,63.593833333333315,187,63.627166666666646,0.14211586452762923,119,66.08827777777776,49.58181676003733,66.08827777777776,173,60.762611111111084,105.98161297725517,306,2308,185,10933.019083333327,19,59.67716666666665
피커 1명 · DD→PD (strict),greedy:count_partial:time_asc:none,2026-07-15,63.593833333333315,187,62.71913888888887,0.14211586452762923,119,65.18024999999999,48.62495658263304,65.18024999999999,171,59.92177777777775,104.93904382249394,306,2308,185,10811.814916666663,19,58.76913888888887
피커 1명 · DD→PD (strict),greedy:count_partial:time_asc:demand_desc,2026-07-15,63.593833333333315,187,62.71913888888887,0.14211586452762923,119,65.18024999999999,48.62495658263304,65.18024999999999,171,59.92177777777775,104.93904382249394,306,2308,185,10811.814916666663,19,58.76913888888887
피커 1명 · DD→PD (strict),greedy:count_partial:time_asc:cells_asc,2026-07-15,63.593833333333315,187,62.71913888888887,0.14211586452762923,119,65.18024999999999,48.62495658263304,65.18024999999999,171,59.92177777777775,104.93904382249394,306,2308,185,10811.814916666663,19,58.76913888888887
피커 1명 · DD→PD (strict),greedy:count_partial:time_asc:qty_desc,2026-07-15,63.593833333333315,187,62.71913888888887,0.14211586452762923,119,65.18024999999999,48.62495658263304,65.18024999999999,171,59.92177777777775,104.93904382249394,306,2308,185,10811.814916666663,19,58.76913888888887
피커 1명 · DD→PD (strict),greedy:count_partial:demand_desc:none,2026-07-15,63.59383333333331,187,63.62716666666664,0.14211586452762923,119,66.08827777777775,49.5665478524743,66.08827777777775,173,60.76261111111108,106.03015621361664,306,2308,185,10932.897527777772,19,59.677166666666636
피커 1명 · DD→PD (strict),greedy:count_partial:demand_desc:time_asc,2026-07-15,63.59383333333331,187,62.719138888888864,0.14211586452762923,119,65.18024999999997,48.62755158730157,65.18024999999997,171,59.92177777777774,105.10352317867248,306,2308,185,10812.590888888886,19,58.76913888888886
피커 1명 · DD→PD (strict),greedy:count_partial:demand_desc:cells_asc,2026-07-15,63.59383333333331,187,63.62716666666664,0.14211586452762923,119,66.08827777777775,49.5665478524743,66.08827777777775,173,60.76261111111108,106.00745425520915,306,2308,185,10932.897527777772,19,59.677166666666636
피커 1명 · DD→PD (strict),greedy:count_partial:demand_desc:qty_desc,2026-07-15,63.59383333333331,187,63.62716666666664,0.14211586452762923,119,66.08827777777775,49.5665478524743,66.08827777777775,173,60.76261111111108,106.03015621361664,306,2308,185,10932.897527777772,19,59.677166666666636
피커 1명 · DD→PD (strict),greedy:count_partial:cells_asc:none,2026-07-15,63.593833333333315,187,63.627166666666646,0.14211586452762923,119,66.08827777777776,49.58181676003733,66.08827777777776,173,60.762611111111084,105.95891101884769,306,2308,185,10933.019083333327,19,59.67716666666665
피커 1명 · DD→PD (strict),greedy:count_partial:cells_asc:time_asc,2026-07-15,63.593833333333315,187,62.71913888888887,0.14211586452762923,119,65.18024999999999,48.62495658263304,65.18024999999999,171,59.92177777777775,104.91602560250655,306,2308,185,10811.814916666663,19,58.76913888888887
피커 1명 · DD→PD (strict),greedy:count_partial:cells_asc:demand_desc,2026-07-15,63.59383333333331,187,63.62716666666664,0.14211586452762923,119,66.08827777777775,49.5665478524743,66.08827777777775,173,60.76261111111108,106.00745425520915,306,2308,185,10932.897527777772,19,59.677166666666636
피커 1명 · DD→PD (strict),greedy:count_partial:cells_asc:qty_desc,2026-07-15,63.59383333333331,187,63.62716666666664,0.14211586452762923,119,66.08827777777775,49.5665478524743,66.08827777777775,173,60.76261111111108,106.00745425520915,306,2308,185,10932.897527777772,19,59.677166666666636
피커 1명 · DD→PD (strict),greedy:count_partial:qty_desc:none,2026-07-15,63.59383333333331,187,63.62716666666664,0.14211586452762923,119,66.08827777777775,49.5665478524743,66.08827777777775,173,60.76261111111108,106.03015621361664,306,2308,185,10932.897527777772,19,59.677166666666636
피커 1명 · DD→PD (strict),greedy:count_partial:qty_desc:time_asc,2026-07-15,63.59383333333331,187,62.719138888888864,0.14211586452762923,119,65.18024999999997,48.62755158730157,65.18024999999997,171,59.92177777777774,105.10352317867248,306,2308,185,10812.590888888886,19,58.76913888888886
피커 1명 · DD→PD (strict),greedy:count_partial:qty_desc:demand_desc,2026-07-15,63.59383333333331,187,63.62716666666664,0.14211586452762923,119,66.08827777777775,49.5665478524743,66.08827777777775,173,60.76261111111108,106.03015621361664,306,2308,185,10932.897527777772,19,59.677166666666636
피커 1명 · DD→PD (strict),greedy:count_partial:qty_desc:cells_asc,2026-07-15,63.59383333333331,187,63.62716666666664,0.14211586452762923,119,66.08827777777775,49.5665478524743,66.08827777777775,173,60.76261111111108,106.03015621361664,306,2308,185,10932.897527777772,19,59.677166666666636
피커 1명 · DD→PD (strict),greedy:count_ddweighted:none:none,2026-07-15,63.59383333333333,187,64.16605555555556,0.1906326500297089,119,66.62716666666667,18.294736694677866,66.62716666666667,180,57.92041666666666,109.1234560643848,306,2308,185,17462.07655555556,144,60.21605555555555
피커 1명 · DD→PD (strict),greedy:count_ddweighted:time_asc:none,2026-07-15,63.593833333333315,187,64.18827777777776,0.208096256684492,119,66.64938888888886,18.42803338001865,66.64938888888886,190,49.80269444444445,118.86256479804348,306,2308,185,17002.822416666662,154,60.23827777777776
피커 1명 · DD→PD (strict),greedy:count_ddweighted:time_asc:demand_desc,2026-07-15,63.593833333333315,187,64.18827777777776,0.208096256684492,119,66.64938888888886,18.42803338001865,66.64938888888886,190,49.80269444444445,118.86256479804348,306,2308,185,17002.822416666662,154,60.23827777777776
피커 1명 · DD→PD (strict),greedy:count_ddweighted:time_asc:cells_asc,2026-07-15,63.593833333333315,187,64.18827777777776,0.208096256684492,119,66.64938888888886,18.42803338001865,66.64938888888886,190,49.80269444444445,118.86256479804348,306,2308,185,17002.822416666662,154,60.23827777777776
피커 1명 · DD→PD (strict),greedy:count_ddweighted:time_asc:qty_desc,2026-07-15,63.593833333333315,187,64.18827777777776,0.208096256684492,119,66.64938888888886,18.42803338001865,66.64938888888886,190,49.80269444444445,118.86256479804348,306,2308,185,17002.822416666662,154,60.23827777777776
피커 1명 · DD→PD (strict),greedy:count_ddweighted:demand_desc:none,2026-07-15,63.593833333333315,187,63.627166666666646,0.1740974450386215,119,66.08827777777776,49.05974789915965,66.08827777777776,173,60.762611111111084,106.14153333630355,306,2308,185,11074.582638888885,19,59.67716666666665
피커 1명 · DD→PD (strict),greedy:count_ddweighted:demand_desc:time_asc,2026-07-15,63.593833333333315,187,62.71913888888887,0.1740974450386215,119,65.18024999999999,48.087370915032665,65.18024999999999,171,59.92177777777775,105.78222058573468,306,2308,185,10938.066388888885,19,58.76913888888887
피커 1명 · DD→PD (strict),greedy:count_ddweighted:demand_desc:cells_asc,2026-07-15,63.593833333333315,187,63.627166666666646,0.1740974450386215,119,66.08827777777776,49.06342670401493,66.08827777777776,173,60.762611111111084,106.10989047477742,306,2308,185,11074.582638888885,19,59.67716666666665
피커 1명 · DD→PD (strict),greedy:count_ddweighted:demand_desc:qty_desc,2026-07-15,63.593833333333315,187,63.627166666666646,0.1740974450386215,119,66.08827777777776,49.04461858076562,66.08827777777776,173,60.762611111111084,106.0646391316665,306,2308,185,11073.427999999994,19,59.67716666666665
피커 1명 · DD→PD (strict),greedy:count_ddweighted:cells_asc:none,2026-07-15,63.59383333333334,187,64.16605555555557,0.20285412953060014,119,66.62716666666668,14.957592203548085,66.62716666666668,184,50.24258333333334,102.10182783299103,306,2308,185,17986.750972222224,157,60.21605555555557
피커 1명 · DD→PD (strict),greedy:count_ddweighted:cells_asc:time_asc,2026-07-15,63.593833333333315,187,64.16605555555553,0.19071806298276883,119,66.62716666666665,14.148977591036399,66.62716666666665,196,49.791916666666665,111.1072752272388,306,2308,185,17841.76913888888,159,60.216055555555535
피커 1명 · DD→PD (strict),greedy:count_ddweighted:cells_asc:demand_desc,2026-07-15,63.593833333333336,187,64.16605555555556,0.210448752228164,119,66.62716666666667,16.69431069094305,66.62716666666667,193,50.24747222222223,105.26771195266528,306,2308,185,17845.509055555558,160,60.21605555555556
피커 1명 · DD→PD (strict),greedy:count_ddweighted:cells_asc:qty_desc,2026-07-15,63.593833333333336,187,64.16605555555556,0.210448752228164,119,66.62716666666667,16.680484360410837,66.62716666666667,193,50.24747222222223,105.14111611129594,306,2308,185,17845.92038888889,160,60.21605555555556
피커 1명 · DD→PD (strict),greedy:count_ddweighted:qty_desc:none,2026-07-15,63.593833333333315,187,63.627166666666646,0.1740974450386215,119,66.08827777777776,49.03770541549952,66.08827777777776,173,60.762611111111084,106.08574389978386,306,2308,185,11074.018888888884,19,59.67716666666665
피커 1명 · DD→PD (strict),greedy:count_ddweighted:qty_desc:time_asc,2026-07-15,63.593833333333315,187,62.71913888888887,0.1740974450386215,119,65.18024999999999,48.05864775910362,65.18024999999999,171,59.92177777777775,105.71907944166794,306,2308,185,10934.05758333333,19,58.76913888888887
피커 1명 · DD→PD (strict),greedy:count_ddweighted:qty_desc:demand_desc,2026-07-15,63.593833333333315,187,63.627166666666646,0.1740974450386215,119,66.08827777777776,49.03770541549952,66.08827777777776,173,60.762611111111084,106.1088073275728,306,2308,185,11074.250666666661,19,59.67716666666665
피커 1명 · DD→PD (strict),greedy:count_ddweighted:qty_desc:cells_asc,2026-07-15,63.593833333333315,187,63.627166666666646,0.1740974450386215,119,66.08827777777776,49.041384220354786,66.08827777777776,173,60.762611111111084,106.07680299666524,306,2308,185,11074.018888888884,19,59.67716666666665
피커 1명 · DD→PD (strict),search:genetic,2026-07-15,63.59383333333331,187,63.62716666666664,0.14223469994058227,119,66.08827777777775,48.89405952380949,66.08827777777775,173,60.76261111111108,106.39988685167734,306,2308,185,11014.047888888885,19,59.677166666666636
피커 1명 · DD→PD (strict),sort:qty_desc,2026-07-16,54.82850000000002,206,54.85350000000002,0.19978425026968716,0,,,54.85350000000002,101,44.90905555555557,56.872585867609,206,1508,161,3448.986944444445,29,50.66461111111113
피커 1명 · DD→PD (strict),sort:qty_asc,2026-07-16,54.82850000000002,206,56.863027777777795,0.5701158306364603,0,,,56.863027777777795,153,52.798055555555564,79.67474716289486,206,1508,161,11002.885138888889,160,52.674138888888905
피커 1명 · DD→PD (strict),sort:time_asc,2026-07-16,54.828500000000034,206,55.89558333333337,0.3266355177993528,0,,,55.89558333333337,154,44.12950000000002,89.66412820333149,206,1508,161,10176.03183333334,149,51.70669444444448
피커 1명 · DD→PD (strict),sort:demand_desc,2026-07-16,54.82850000000002,206,54.85350000000002,0.19978425026968719,0,,,54.85350000000002,101,44.90905555555557,56.76336869013728,206,1508,161,3424.7707777777787,29,50.66461111111113
피커 1명 · DD→PD (strict),sort:cells_asc,2026-07-16,54.82850000000002,206,56.860250000000015,0.5675014832793945,0,,,56.860250000000015,136,53.155027777777796,76.03076841906253,206,1508,161,10937.086333333333,160,52.671361111111125
피커 1명 · DD→PD (strict),sort:code,2026-07-16,54.82850000000001,206,55.691416666666676,0.33238511326860926,0,,,55.691416666666676,132,37.697083333333325,80.21552892401634,206,1508,161,10185.81733333334,154,51.502527777777786
피커 1명 · DD→PD (strict),sort:random,2026-07-16,54.828499999999984,206,54.85349999999998,0.3406516990291262,0,,,54.85349999999998,150,41.27752777777776,89.50138601507248,206,1508,161,10122.422861111107,146,50.6646111111111
피커 1명 · DD→PD (strict),greedy:count:none:none,2026-07-16,54.82849999999999,206,55.52294444444444,0.20728802588996756,0,,,55.52294444444444,112,39.858583333333314,69.80532422532026,206,1508,161,9515.487833333334,141,51.33405555555555
피커 1명 · DD→PD (strict),greedy:count:time_asc:none,2026-07-16,54.82850000000003,206,55.32850000000003,0.19044741100323623,0,,,55.32850000000003,118,34.58436111111113,73.80902046664718,206,1508,161,8928.486111111117,143,51.13961111111114
피커 1명 · DD→PD (strict),greedy:count:time_asc:demand_desc,2026-07-16,54.82850000000003,206,55.32850000000003,0.19044741100323623,0,,,55.32850000000003,118,34.58436111111113,73.80902046664718,206,1508,161,8928.486111111117,143,51.13961111111114
피커 1명 · DD→PD (strict),greedy:count:time_asc:cells_asc,2026-07-16,54.82850000000003,206,55.32850000000003,0.19044741100323623,0,,,55.32850000000003,118,34.58436111111113,73.80902046664718,206,1508,161,8928.486111111117,143,51.13961111111114
피커 1명 · DD→PD (strict),greedy:count:time_asc:qty_desc,2026-07-16,54.82850000000003,206,55.32850000000003,0.19044741100323623,0,,,55.32850000000003,118,34.58436111111113,73.80902046664718,206,1508,161,8928.486111111117,143,51.13961111111114
피커 1명 · DD→PD (strict),greedy:count:demand_desc:none,2026-07-16,54.82850000000002,206,54.85072222222224,0.19968985976267528,0,,,54.85072222222224,81,38.510638888888884,47.4123499842502,206,1508,161,3205.7014444444444,29,50.66183333333335
피커 1명 · DD→PD (strict),greedy:count:demand_desc:time_asc,2026-07-16,54.82850000000002,206,54.845166666666685,0.18642125134843582,0,,,54.845166666666685,83,39.134,47.32722674843221,206,1508,161,3158.7286111111107,30,50.656277777777795
피커 1명 · DD→PD (strict),greedy:count:demand_desc:cells_asc,2026-07-16,54.82850000000002,206,54.85072222222224,0.18642125134843587,0,,,54.85072222222224,81,38.510638888888884,47.253113754199546,206,1508,161,3187.868222222223,30,50.66183333333335
피커 1명 · DD→PD (strict),greedy:count:demand_desc:qty_desc,2026-07-16,54.82850000000002,206,54.85072222222224,0.19968985976267528,0,,,54.85072222222224,81,38.510638888888884,47.40967960515056,206,1508,161,3206.3386666666665,29,50.66183333333335
피커 1명 · DD→PD (strict),greedy:count:cells_asc:none,2026-07-16,54.82850000000001,206,55.58961111111112,0.21321467098166128,0,,,55.58961111111112,117,41.40769444444444,62.58706213091376,206,1508,161,10117.013138888895,153,51.400722222222235
피커 1명 · DD→PD (strict),greedy:count:cells_asc:time_asc,2026-07-16,54.82850000000002,206,55.58961111111113,0.21336299892125135,0,,,55.58961111111113,113,35.304194444444455,70.05321987621588,206,1508,161,10086.268416666675,155,51.40072222222224
피커 1명 · DD→PD (strict),greedy:count:cells_asc:demand_desc,2026-07-16,54.82850000000002,206,55.58961111111113,0.2131202804746494,0,,,55.58961111111113,114,38.54847222222224,61.81130467023716,206,1508,161,10133.79483333334,155,51.40072222222224
피커 1명 · DD→PD (strict),greedy:count:cells_asc:qty_desc,2026-07-16,54.82850000000002,206,55.58961111111113,0.2131202804746494,0,,,55.58961111111113,114,38.54847222222224,61.81939071349265,206,1508,161,10134.113444444452,155,51.40072222222224
피커 1명 · DD→PD (strict),greedy:count:qty_desc:none,2026-07-16,54.82850000000002,206,54.85072222222224,0.19968985976267528,0,,,54.85072222222224,81,38.510638888888884,47.51952622927077,206,1508,161,3230.5548333333336,29,50.66183333333335
피커 1명 · DD→PD (strict),greedy:count:qty_desc:time_asc,2026-07-16,54.82850000000002,206,54.845166666666685,0.18642125134843582,0,,,54.845166666666685,83,39.134,47.339753933548295,206,1508,161,3173.288194444444,30,50.656277777777795
피커 1명 · DD→PD (strict),greedy:count:qty_desc:demand_desc,2026-07-16,54.82850000000002,206,54.85072222222224,0.19968985976267528,0,,,54.85072222222224,81,38.510638888888884,47.44501996833832,206,1508,161,3219.8395555555553,29,50.66183333333335
피커 1명 · DD→PD (strict),greedy:count:qty_desc:cells_asc,2026-07-16,54.82850000000002,206,54.85072222222224,0.18642125134843582,0,,,54.85072222222224,81,38.510638888888884,47.28217799218688,206,1508,161,3201.716916666667,30,50.66183333333335
피커 1명 · DD→PD (strict),greedy:count_partial:none:none,2026-07-16,54.82850000000002,206,54.86461111111113,0.18777170981661273,0,,,54.86461111111113,73,40.448055555555555,41.57995186129898,206,1508,161,2897.551583333333,21,50.67572222222224
피커 1명 · DD→PD (strict),greedy:count_partial:time_asc:none,2026-07-16,54.82850000000002,206,54.86461111111113,0.18777170981661273,0,,,54.86461111111113,73,40.38036111111111,42.15691201472717,206,1508,161,2895.1652222222224,21,50.67572222222224
피커 1명 · DD→PD (strict),greedy:count_partial:time_asc:demand_desc,2026-07-16,54.82850000000002,206,54.86461111111113,0.18777170981661273,0,,,54.86461111111113,73,40.38036111111111,42.15691201472717,206,1508,161,2895.1652222222224,21,50.67572222222224
피커 1명 · DD→PD (strict),greedy:count_partial:time_asc:cells_asc,2026-07-16,54.82850000000002,206,54.86461111111113,0.18777170981661273,0,,,54.86461111111113,73,40.38036111111111,42.15691201472717,206,1508,161,2895.1652222222224,21,50.67572222222224
피커 1명 · DD→PD (strict),greedy:count_partial:time_asc:qty_desc,2026-07-16,54.82850000000002,206,54.86461111111113,0.18777170981661273,0,,,54.86461111111113,73,40.38036111111111,42.15691201472717,206,1508,161,2895.1652222222224,21,50.67572222222224
피커 1명 · DD→PD (strict),greedy:count_partial:demand_desc:none,2026-07-16,54.82850000000002,206,54.86461111111113,0.18777170981661273,0,,,54.86461111111113,73,40.448055555555555,42.25643629824123,206,1508,161,2903.8601666666664,21,50.67572222222224
피커 1명 · DD→PD (strict),greedy:count_partial:demand_desc:time_asc,2026-07-16,54.82850000000002,206,54.86461111111113,0.18777170981661273,0,,,54.86461111111113,73,40.38036111111111,42.0765844811926,206,1508,161,2899.437916666667,21,50.67572222222224
피커 1명 · DD→PD (strict),greedy:count_partial:demand_desc:cells_asc,2026-07-16,54.82850000000002,206,54.86461111111113,0.18777170981661273,0,,,54.86461111111113,73,40.448055555555555,42.24521524196432,206,1508,161,2903.8601666666664,21,50.67572222222224
피커 1명 · DD→PD (strict),greedy:count_partial:demand_desc:qty_desc,2026-07-16,54.82850000000002,206,54.86461111111113,0.18777170981661273,0,,,54.86461111111113,73,40.448055555555555,42.25643629824123,206,1508,161,2903.8601666666664,21,50.67572222222224
피커 1명 · DD→PD (strict),greedy:count_partial:cells_asc:none,2026-07-16,54.82850000000002,206,54.86461111111113,0.18777170981661273,0,,,54.86461111111113,73,40.448055555555555,41.56873080502207,206,1508,161,2897.551583333333,21,50.67572222222224
피커 1명 · DD→PD (strict),greedy:count_partial:cells_asc:time_asc,2026-07-16,54.82850000000002,206,54.86461111111113,0.18777170981661273,0,,,54.86461111111113,73,40.38036111111111,42.13805701509677,206,1508,161,2895.1652222222224,21,50.67572222222224
피커 1명 · DD→PD (strict),greedy:count_partial:cells_asc:demand_desc,2026-07-16,54.82850000000002,206,54.86461111111113,0.18777170981661273,0,,,54.86461111111113,73,40.448055555555555,42.24521524196432,206,1508,161,2903.8601666666664,21,50.67572222222224
피커 1명 · DD→PD (strict),greedy:count_partial:cells_asc:qty_desc,2026-07-16,54.82850000000002,206,54.86461111111113,0.18777170981661273,0,,,54.86461111111113,73,40.448055555555555,42.24521524196432,206,1508,161,2903.8601666666664,21,50.67572222222224
피커 1명 · DD→PD (strict),greedy:count_partial:qty_desc:none,2026-07-16,54.82850000000002,206,54.86461111111113,0.18777170981661273,0,,,54.86461111111113,73,40.448055555555555,42.25643629824123,206,1508,161,2903.8601666666664,21,50.67572222222224
피커 1명 · DD→PD (strict),greedy:count_partial:qty_desc:time_asc,2026-07-16,54.82850000000002,206,54.86461111111113,0.18777170981661273,0,,,54.86461111111113,73,40.38036111111111,42.07771757346114,206,1508,161,2899.437916666667,21,50.67572222222224
피커 1명 · DD→PD (strict),greedy:count_partial:qty_desc:demand_desc,2026-07-16,54.82850000000002,206,54.86461111111113,0.18777170981661273,0,,,54.86461111111113,73,40.448055555555555,42.25643629824123,206,1508,161,2903.8601666666664,21,50.67572222222224
피커 1명 · DD→PD (strict),greedy:count_partial:qty_desc:cells_asc,2026-07-16,54.82850000000002,206,54.86461111111113,0.18777170981661273,0,,,54.86461111111113,73,40.448055555555555,42.24654275220923,206,1508,161,2903.8601666666664,21,50.67572222222224
피커 1명 · DD→PD (strict),greedy:count_ddweighted:none:none,2026-07-16,54.82849999999999,206,55.52294444444444,0.20728802588996756,0,,,55.52294444444444,112,39.858583333333314,69.80532422532026,206,1508,161,9515.487833333334,141,51.33405555555555
피커 1명 · DD→PD (strict),greedy:count_ddweighted:time_asc:none,2026-07-16,54.82850000000003,206,55.32850000000003,0.19044741100323623,0,,,55.32850000000003,118,34.58436111111113,73.80902046664718,206,1508,161,8928.486111111117,143,51.13961111111114
피커 1명 · DD→PD (strict),greedy:count_ddweighted:time_asc:demand_desc,2026-07-16,54.82850000000003,206,55.32850000000003,0.19044741100323623,0,,,55.32850000000003,118,34.58436111111113,73.80902046664718,206,1508,161,8928.486111111117,143,51.13961111111114
피커 1명 · DD→PD (strict),greedy:count_ddweighted:time_asc:cells_asc,2026-07-16,54.82850000000003,206,55.32850000000003,0.19044741100323623,0,,,55.32850000000003,118,34.58436111111113,73.80902046664718,206,1508,161,8928.486111111117,143,51.13961111111114
피커 1명 · DD→PD (strict),greedy:count_ddweighted:time_asc:qty_desc,2026-07-16,54.82850000000003,206,55.32850000000003,0.19044741100323623,0,,,55.32850000000003,118,34.58436111111113,73.80902046664718,206,1508,161,8928.486111111117,143,51.13961111111114
피커 1명 · DD→PD (strict),greedy:count_ddweighted:demand_desc:none,2026-07-16,54.82850000000002,206,54.85072222222224,0.19968985976267528,0,,,54.85072222222224,81,38.510638888888884,47.4123499842502,206,1508,161,3205.7014444444444,29,50.66183333333335
피커 1명 · DD→PD (strict),greedy:count_ddweighted:demand_desc:time_asc,2026-07-16,54.82850000000002,206,54.845166666666685,0.18642125134843582,0,,,54.845166666666685,83,39.134,47.32722674843221,206,1508,161,3158.7286111111107,30,50.656277777777795
피커 1명 · DD→PD (strict),greedy:count_ddweighted:demand_desc:cells_asc,2026-07-16,54.82850000000002,206,54.85072222222224,0.18642125134843587,0,,,54.85072222222224,81,38.510638888888884,47.253113754199546,206,1508,161,3187.868222222223,30,50.66183333333335
피커 1명 · DD→PD (strict),greedy:count_ddweighted:demand_desc:qty_desc,2026-07-16,54.82850000000002,206,54.85072222222224,0.19968985976267528,0,,,54.85072222222224,81,38.510638888888884,47.40967960515056,206,1508,161,3206.3386666666665,29,50.66183333333335
피커 1명 · DD→PD (strict),greedy:count_ddweighted:cells_asc:none,2026-07-16,54.82850000000001,206,55.58961111111112,0.21321467098166128,0,,,55.58961111111112,117,41.40769444444444,62.58706213091376,206,1508,161,10117.013138888895,153,51.400722222222235
피커 1명 · DD→PD (strict),greedy:count_ddweighted:cells_asc:time_asc,2026-07-16,54.82850000000002,206,55.58961111111113,0.21336299892125135,0,,,55.58961111111113,113,35.304194444444455,70.05321987621588,206,1508,161,10086.268416666675,155,51.40072222222224
피커 1명 · DD→PD (strict),greedy:count_ddweighted:cells_asc:demand_desc,2026-07-16,54.82850000000002,206,55.58961111111113,0.2131202804746494,0,,,55.58961111111113,114,38.54847222222224,61.81130467023716,206,1508,161,10133.79483333334,155,51.40072222222224
피커 1명 · DD→PD (strict),greedy:count_ddweighted:cells_asc:qty_desc,2026-07-16,54.82850000000002,206,55.58961111111113,0.2131202804746494,0,,,55.58961111111113,114,38.54847222222224,61.81939071349265,206,1508,161,10134.113444444452,155,51.40072222222224
피커 1명 · DD→PD (strict),greedy:count_ddweighted:qty_desc:none,2026-07-16,54.82850000000002,206,54.85072222222224,0.19968985976267528,0,,,54.85072222222224,81,38.510638888888884,47.51952622927077,206,1508,161,3230.5548333333336,29,50.66183333333335
피커 1명 · DD→PD (strict),greedy:count_ddweighted:qty_desc:time_asc,2026-07-16,54.82850000000002,206,54.845166666666685,0.18642125134843582,0,,,54.845166666666685,83,39.134,47.339753933548295,206,1508,161,3173.288194444444,30,50.656277777777795
피커 1명 · DD→PD (strict),greedy:count_ddweighted:qty_desc:demand_desc,2026-07-16,54.82850000000002,206,54.85072222222224,0.19968985976267528,0,,,54.85072222222224,81,38.510638888888884,47.44501996833832,206,1508,161,3219.8395555555553,29,50.66183333333335
피커 1명 · DD→PD (strict),greedy:count_ddweighted:qty_desc:cells_asc,2026-07-16,54.82850000000002,206,54.85072222222224,0.18642125134843582,0,,,54.85072222222224,81,38.510638888888884,47.28217799218688,206,1508,161,3201.716916666667,30,50.66183333333335
피커 1명 · DD→PD (strict),search:genetic,2026-07-16,54.82850000000002,206,54.85072222222224,0.2579054746494067,0,,,54.85072222222224,73,40.448055555555555,43.2596739838329,206,1508,161,3105.056666666667,34,50.66183333333335
피커 1명 · DD→PD (strict),sort:qty_desc,2026-07-17,57.35286111111112,108,57.375083333333336,0.048739711934156375,0,,,57.375083333333336,112,45.86150000000001,60.60650311328524,108,855,170,2721.658444444444,37,55.000083333333336
피커 1명 · DD→PD (strict),sort:qty_asc,2026-07-17,57.352861111111125,108,58.17230555555557,0.18338477366255146,0,,,58.17230555555557,145,50.55230555555558,81.71432139100173,108,855,170,5864.572972222224,168,55.79730555555557
피커 1명 · DD→PD (strict),sort:time_asc,2026-07-17,57.35286111111113,108,57.47230555555558,0.08369341563786009,0,,,57.47230555555558,140,44.56825000000002,89.79385191804943,108,855,170,5349.181861111114,154,55.09730555555558
피커 1명 · DD→PD (strict),sort:demand_desc,2026-07-17,57.35286111111112,108,57.375083333333336,0.048739711934156375,0,,,57.375083333333336,114,45.65733333333334,61.38188034585281,108,855,170,2713.8769722222223,37,55.000083333333336
피커 1명 · DD→PD (strict),sort:cells_asc,2026-07-17,57.35286111111113,108,58.172305555555575,0.176929012345679,0,,,58.172305555555575,145,55.247666666666696,80.11760321229606,108,855,170,5840.658305555559,167,55.797305555555575
피커 1명 · DD→PD (strict),sort:code,2026-07-17,57.352861111111146,108,57.57508333333337,0.06733539094650207,0,,,57.57508333333337,129,43.99830555555557,71.9683784893446,108,855,170,5217.290472222225,157,55.20008333333337
피커 1명 · DD→PD (strict),sort:random,2026-07-17,57.35286111111112,108,57.377861111111116,0.08734567901234569,0,,,57.377861111111116,135,45.29613888888888,78.26017584211488,108,855,170,5238.340972222222,141,55.002861111111116
피커 1명 · DD→PD (strict),greedy:count:none:none,2026-07-17,57.352861111111125,108,57.61952777777779,0.05689814814814815,0,,,57.61952777777779,110,44.82366666666666,64.55514454734914,108,855,170,4790.228083333333,136,55.24452777777779
피커 1명 · DD→PD (strict),greedy:count:time_asc:none,2026-07-17,57.35286111111113,108,57.37508333333336,0.05756172839506173,0,,,57.37508333333336,131,39.544416666666685,79.85845675363339,108,855,170,5022.785861111112,153,55.00008333333336
피커 1명 · DD→PD (strict),greedy:count:time_asc:demand_desc,2026-07-17,57.35286111111113,108,57.37508333333336,0.05756172839506173,0,,,57.37508333333336,131,39.544416666666685,79.85845675363339,108,855,170,5022.785861111112,153,55.00008333333336
피커 1명 · DD→PD (strict),greedy:count:time_asc:cells_asc,2026-07-17,57.35286111111113,108,57.37508333333336,0.05756172839506173,0,,,57.37508333333336,131,39.544416666666685,79.85845675363339,108,855,170,5022.785861111112,153,55.00008333333336
피커 1명 · DD→PD (strict),greedy:count:time_asc:qty_desc,2026-07-17,57.35286111111113,108,57.37508333333336,0.05756172839506173,0,,,57.37508333333336,131,39.544416666666685,79.85845675363339,108,855,170,5022.785861111112,153,55.00008333333336
피커 1명 · DD→PD (strict),greedy:count:demand_desc:none,2026-07-17,57.35286111111112,108,57.37230555555556,0.048739711934156375,0,,,57.37230555555556,96,42.86147222222221,51.26584835986003,108,855,170,2417.7249444444446,35,54.99730555555556
피커 1명 · DD→PD (strict),greedy:count:demand_desc:time_asc,2026-07-17,57.352861111111125,108,57.37786111111112,0.048739711934156375,0,,,57.37786111111112,92,39.52986111111112,50.251424886582754,108,855,170,2374.313333333334,34,55.00286111111112
피커 1명 · DD→PD (strict),greedy:count:demand_desc:cells_asc,2026-07-17,57.35286111111112,108,57.37230555555556,0.048739711934156375,0,,,57.37230555555556,96,42.86147222222221,51.20586151951943,108,855,170,2412.630277777778,35,54.99730555555556
피커 1명 · DD→PD (strict),greedy:count:demand_desc:qty_desc,2026-07-17,57.35286111111112,108,57.37230555555556,0.048739711934156375,0,,,57.37230555555556,97,43.289555555555545,51.55426955417417,108,855,170,2425.4304444444447,35,54.99730555555556
피커 1명 · DD→PD (strict),greedy:count:cells_asc:none,2026-07-17,57.35286111111113,108,57.6195277777778,0.05689814814814815,0,,,57.6195277777778,115,43.886944444444445,63.8934123896075,108,855,170,5043.468305555557,136,55.2445277777778
피커 1명 · DD→PD (strict),greedy:count:cells_asc:time_asc,2026-07-17,57.35286111111113,108,57.37508333333336,0.04866255144032922,0,,,57.37508333333336,125,41.81205555555557,79.51161290978517,108,855,170,5072.21363888889,152,55.00008333333336
피커 1명 · DD→PD (strict),greedy:count:cells_asc:demand_desc,2026-07-17,57.35286111111111,108,57.37230555555555,0.04828189300411523,0,,,57.37230555555555,100,41.3581111111111,51.869814268692345,108,855,170,3017.1246388888885,80,54.99730555555555
피커 1명 · DD→PD (strict),greedy:count:cells_asc:qty_desc,2026-07-17,57.35286111111111,108,57.37230555555555,0.04828189300411523,0,,,57.37230555555555,101,41.78619444444443,52.18467727605701,108,855,170,3035.5636666666664,80,54.99730555555555
피커 1명 · DD→PD (strict),greedy:count:qty_desc:none,2026-07-17,57.35286111111112,108,57.37230555555556,0.048739711934156375,0,,,57.37230555555556,97,43.289555555555545,51.58122603675893,108,855,170,2428.030388888889,35,54.99730555555556
피커 1명 · DD→PD (strict),greedy:count:qty_desc:time_asc,2026-07-17,57.352861111111125,108,57.37786111111112,0.048739711934156375,0,,,57.37786111111112,93,39.95794444444446,50.29217473057505,108,855,170,2383.9213888888894,34,55.00286111111112
피커 1명 · DD→PD (strict),greedy:count:qty_desc:demand_desc,2026-07-17,57.35286111111112,108,57.37230555555556,0.048739711934156375,0,,,57.37230555555556,97,43.289555555555545,51.568933520480016,108,855,170,2427.721777777778,35,54.99730555555556
피커 1명 · DD→PD (strict),greedy:count:qty_desc:cells_asc,2026-07-17,57.35286111111112,108,57.37230555555556,0.048739711934156375,0,,,57.37230555555556,97,43.289555555555545,51.52123919641833,108,855,170,2422.935722222222,35,54.99730555555556
피커 1명 · DD→PD (strict),greedy:count_partial:none:none,2026-07-17,57.352861111111125,108,57.37786111111112,0.048559670781893,0,,,57.37786111111112,84,40.47208333333336,46.36173069074744,108,855,170,2182.039805555556,35,55.00286111111112
피커 1명 · DD→PD (strict),greedy:count_partial:time_asc:none,2026-07-17,57.352861111111125,108,57.40008333333335,0.048559670781893,0,,,57.40008333333335,87,41.2861388888889,46.650297158879454,108,855,170,2175.267166666667,35,55.02508333333335
피커 1명 · DD→PD (strict),greedy:count_partial:time_asc:demand_desc,2026-07-17,57.352861111111125,108,57.40008333333335,0.048559670781893,0,,,57.40008333333335,87,41.2861388888889,46.650297158879454,108,855,170,2175.267166666667,35,55.02508333333335
피커 1명 · DD→PD (strict),greedy:count_partial:time_asc:cells_asc,2026-07-17,57.352861111111125,108,57.40008333333335,0.048559670781893,0,,,57.40008333333335,87,41.2861388888889,46.650297158879454,108,855,170,2175.267166666667,35,55.02508333333335
피커 1명 · DD→PD (strict),greedy:count_partial:time_asc:qty_desc,2026-07-17,57.352861111111125,108,57.40008333333335,0.048559670781893,0,,,57.40008333333335,87,41.2861388888889,46.650297158879454,108,855,170,2175.267166666667,35,55.02508333333335
피커 1명 · DD→PD (strict),greedy:count_partial:demand_desc:none,2026-07-17,57.352861111111125,108,57.37786111111112,0.048559670781893,0,,,57.37786111111112,84,40.47208333333336,46.2722638377268,108,855,170,2183.2817500000006,35,55.00286111111112
피커 1명 · DD→PD (strict),greedy:count_partial:demand_desc:time_asc,2026-07-17,57.352861111111125,108,57.40008333333335,0.048559670781893,0,,,57.40008333333335,84,40.47208333333336,46.28073759087651,108,855,170,2180.0595833333336,35,55.02508333333335
피커 1명 · DD→PD (strict),greedy:count_partial:demand_desc:cells_asc,2026-07-17,57.352861111111125,108,57.37786111111112,0.048559670781893,0,,,57.37786111111112,84,40.47208333333336,46.2722638377268,108,855,170,2183.2817500000006,35,55.00286111111112
피커 1명 · DD→PD (strict),greedy:count_partial:demand_desc:qty_desc,2026-07-17,57.352861111111125,108,57.37786111111112,0.048559670781893,0,,,57.37786111111112,84,40.47208333333336,46.27421484186458,108,855,170,2183.2817500000006,35,55.00286111111112
피커 1명 · DD→PD (strict),greedy:count_partial:cells_asc:none,2026-07-17,57.352861111111125,108,57.37786111111112,0.048559670781893,0,,,57.37786111111112,84,40.47208333333336,46.36173069074744,108,855,170,2182.039805555556,35,55.00286111111112
피커 1명 · DD→PD (strict),greedy:count_partial:cells_asc:time_asc,2026-07-17,57.352861111111125,108,57.40008333333335,0.048559670781893,0,,,57.40008333333335,87,41.2861388888889,46.650297158879454,108,855,170,2175.267166666667,35,55.02508333333335
피커 1명 · DD→PD (strict),greedy:count_partial:cells_asc:demand_desc,2026-07-17,57.352861111111125,108,57.37786111111112,0.048559670781893,0,,,57.37786111111112,84,40.47208333333336,46.2722638377268,108,855,170,2183.2817500000006,35,55.00286111111112
피커 1명 · DD→PD (strict),greedy:count_partial:cells_asc:qty_desc,2026-07-17,57.352861111111125,108,57.37786111111112,0.048559670781893,0,,,57.37786111111112,84,40.47208333333336,46.27421484186458,108,855,170,2183.2817500000006,35,55.00286111111112
피커 1명 · DD→PD (strict),greedy:count_partial:qty_desc:none,2026-07-17,57.352861111111125,108,57.37786111111112,0.048559670781893,0,,,57.37786111111112,84,40.47208333333336,46.27421484186458,108,855,170,2183.2817500000006,35,55.00286111111112
피커 1명 · DD→PD (strict),greedy:count_partial:qty_desc:time_asc,2026-07-17,57.352861111111125,108,57.40008333333335,0.048559670781893,0,,,57.40008333333335,84,40.47208333333336,46.22263227453697,108,855,170,2179.6967500000005,35,55.02508333333335
피커 1명 · DD→PD (strict),greedy:count_partial:qty_desc:demand_desc,2026-07-17,57.352861111111125,108,57.37786111111112,0.048559670781893,0,,,57.37786111111112,84,40.47208333333336,46.27421484186458,108,855,170,2183.2817500000006,35,55.00286111111112
피커 1명 · DD→PD (strict),greedy:count_partial:qty_desc:cells_asc,2026-07-17,57.352861111111125,108,57.37786111111112,0.048559670781893,0,,,57.37786111111112,84,40.47208333333336,46.27421484186458,108,855,170,2183.2817500000006,35,55.00286111111112
피커 1명 · DD→PD (strict),greedy:count_ddweighted:none:none,2026-07-17,57.352861111111125,108,57.61952777777779,0.05689814814814815,0,,,57.61952777777779,110,44.82366666666666,64.55514454734914,108,855,170,4790.228083333333,136,55.24452777777779
피커 1명 · DD→PD (strict),greedy:count_ddweighted:time_asc:none,2026-07-17,57.35286111111113,108,57.37508333333336,0.05756172839506173,0,,,57.37508333333336,131,39.544416666666685,79.85845675363339,108,855,170,5022.785861111112,153,55.00008333333336
피커 1명 · DD→PD (strict),greedy:count_ddweighted:time_asc:demand_desc,2026-07-17,57.35286111111113,108,57.37508333333336,0.05756172839506173,0,,,57.37508333333336,131,39.544416666666685,79.85845675363339,108,855,170,5022.785861111112,153,55.00008333333336
피커 1명 · DD→PD (strict),greedy:count_ddweighted:time_asc:cells_asc,2026-07-17,57.35286111111113,108,57.37508333333336,0.05756172839506173,0,,,57.37508333333336,131,39.544416666666685,79.85845675363339,108,855,170,5022.785861111112,153,55.00008333333336
피커 1명 · DD→PD (strict),greedy:count_ddweighted:time_asc:qty_desc,2026-07-17,57.35286111111113,108,57.37508333333336,0.05756172839506173,0,,,57.37508333333336,131,39.544416666666685,79.85845675363339,108,855,170,5022.785861111112,153,55.00008333333336
피커 1명 · DD→PD (strict),greedy:count_ddweighted:demand_desc:none,2026-07-17,57.35286111111112,108,57.37230555555556,0.048739711934156375,0,,,57.37230555555556,96,42.86147222222221,51.26584835986003,108,855,170,2417.7249444444446,35,54.99730555555556
피커 1명 · DD→PD (strict),greedy:count_ddweighted:demand_desc:time_asc,2026-07-17,57.352861111111125,108,57.37786111111112,0.048739711934156375,0,,,57.37786111111112,92,39.52986111111112,50.251424886582754,108,855,170,2374.313333333334,34,55.00286111111112
피커 1명 · DD→PD (strict),greedy:count_ddweighted:demand_desc:cells_asc,2026-07-17,57.35286111111112,108,57.37230555555556,0.048739711934156375,0,,,57.37230555555556,96,42.86147222222221,51.20586151951943,108,855,170,2412.630277777778,35,54.99730555555556
피커 1명 · DD→PD (strict),greedy:count_ddweighted:demand_desc:qty_desc,2026-07-17,57.35286111111112,108,57.37230555555556,0.048739711934156375,0,,,57.37230555555556,97,43.289555555555545,51.55426955417417,108,855,170,2425.4304444444447,35,54.99730555555556
피커 1명 · DD→PD (strict),greedy:count_ddweighted:cells_asc:none,2026-07-17,57.35286111111113,108,57.6195277777778,0.05689814814814815,0,,,57.6195277777778,115,43.886944444444445,63.8934123896075,108,855,170,5043.468305555557,136,55.2445277777778
피커 1명 · DD→PD (strict),greedy:count_ddweighted:cells_asc:time_asc,2026-07-17,57.35286111111113,108,57.37508333333336,0.04866255144032922,0,,,57.37508333333336,125,41.81205555555557,79.51161290978517,108,855,170,5072.21363888889,152,55.00008333333336
피커 1명 · DD→PD (strict),greedy:count_ddweighted:cells_asc:demand_desc,2026-07-17,57.35286111111111,108,57.37230555555555,0.04828189300411523,0,,,57.37230555555555,100,41.3581111111111,51.869814268692345,108,855,170,3017.1246388888885,80,54.99730555555555
피커 1명 · DD→PD (strict),greedy:count_ddweighted:cells_asc:qty_desc,2026-07-17,57.35286111111111,108,57.37230555555555,0.04828189300411523,0,,,57.37230555555555,101,41.78619444444443,52.18467727605701,108,855,170,3035.5636666666664,80,54.99730555555555
피커 1명 · DD→PD (strict),greedy:count_ddweighted:qty_desc:none,2026-07-17,57.35286111111112,108,57.37230555555556,0.048739711934156375,0,,,57.37230555555556,97,43.289555555555545,51.58122603675893,108,855,170,2428.030388888889,35,54.99730555555556
피커 1명 · DD→PD (strict),greedy:count_ddweighted:qty_desc:time_asc,2026-07-17,57.352861111111125,108,57.37786111111112,0.048739711934156375,0,,,57.37786111111112,93,39.95794444444446,50.29217473057505,108,855,170,2383.9213888888894,34,55.00286111111112
피커 1명 · DD→PD (strict),greedy:count_ddweighted:qty_desc:demand_desc,2026-07-17,57.35286111111112,108,57.37230555555556,0.048739711934156375,0,,,57.37230555555556,97,43.289555555555545,51.568933520480016,108,855,170,2427.721777777778,35,54.99730555555556
피커 1명 · DD→PD (strict),greedy:count_ddweighted:qty_desc:cells_asc,2026-07-17,57.35286111111112,108,57.37230555555556,0.048739711934156375,0,,,57.37230555555556,97,43.289555555555545,51.52123919641833,108,855,170,2422.935722222222,35,54.99730555555556
피커 1명 · DD→PD (strict),search:genetic,2026-07-17,57.352861111111125,108,57.37786111111112,0.048559670781893,0,,,57.37786111111112,84,40.47208333333336,46.36173069074744,108,855,170,2182.039805555556,35,55.00286111111112
피커 1명 · DD→PD (strict),sort:qty_desc,2026-07-19,64.24394444444447,343,64.27450000000003,0.2992063492063492,0,,,64.27450000000003,125,49.75722222222224,73.52827110457665,343,2546,186,6415.404611111113,26,57.2022777777778
피커 1명 · DD→PD (strict),sort:qty_asc,2026-07-19,64.24394444444445,343,67.66000000000001,0.977573048266925,0,,,67.66000000000001,193,61.02508333333335,94.7844808191283,343,2546,186,21324.85163888889,185,60.58777777777779
피커 1명 · DD→PD (strict),sort:time_asc,2026-07-19,64.24394444444445,343,65.9522777777778,0.5996101392938133,0,,,65.9522777777778,210,55.10975000000002,117.35141823928245,343,2546,186,20688.173055555555,182,58.880055555555565
피커 1명 · DD→PD (strict),sort:demand_desc,2026-07-19,64.24394444444447,343,64.27450000000003,0.2992063492063492,0,,,64.27450000000003,125,49.75722222222224,73.11888722069666,343,2546,186,6408.836861111112,26,57.2022777777778
피커 1명 · DD→PD (strict),sort:cells_asc,2026-07-19,64.24394444444442,343,67.72902777777776,1.0054591026886937,0,,,67.72902777777776,196,61.95955555555554,93.88795383564818,343,2546,186,21428.24225,184,60.65680555555553
피커 1명 · DD→PD (strict),sort:code,2026-07-19,64.24394444444445,343,66.42947222222223,0.7543117103984456,0,,,66.42947222222223,180,56.70527777777779,108.47574725241182,343,2546,186,19233.245361111116,182,59.35725000000001
피커 1명 · DD→PD (strict),sort:random,2026-07-19,64.24394444444447,343,65.63433333333334,0.601397311305475,0,,,65.63433333333334,201,57.20833333333334,116.35649321408681,343,2546,186,18726.930111111116,177,58.56211111111113
피커 1명 · DD→PD (strict),greedy:count:none:none,2026-07-19,64.24394444444447,343,65.07172222222223,0.37086200194363467,0,,,65.07172222222223,148,42.56125000000001,92.45954293168823,343,2546,186,16149.348250000005,121,57.99950000000002
피커 1명 · DD→PD (strict),greedy:count:time_asc:none,2026-07-19,64.24394444444447,343,65.12727777777779,0.3383560090702948,0,,,65.12727777777779,171,47.09308333333334,104.24095510415077,343,2546,186,17433.327361111114,148,58.055055555555576
피커 1명 · DD→PD (strict),greedy:count:time_asc:demand_desc,2026-07-19,64.24394444444447,343,65.12727777777779,0.3383560090702948,0,,,65.12727777777779,171,47.09308333333334,104.24095510415077,343,2546,186,17433.327361111114,148,58.055055555555576
피커 1명 · DD→PD (strict),greedy:count:time_asc:cells_asc,2026-07-19,64.24394444444447,343,65.12727777777779,0.3383560090702948,0,,,65.12727777777779,171,47.09308333333334,104.24095510415077,343,2546,186,17433.327361111114,148,58.055055555555576
피커 1명 · DD→PD (strict),greedy:count:time_asc:qty_desc,2026-07-19,64.24394444444447,343,65.12727777777779,0.3383560090702948,0,,,65.12727777777779,171,47.09308333333334,104.24095510415077,343,2546,186,17433.327361111114,148,58.055055555555576
피커 1명 · DD→PD (strict),greedy:count:demand_desc:none,2026-07-19,64.24394444444444,343,64.3245,0.29808066083576296,0,,,64.3245,102,42.95880555555555,64.317146309381,343,2546,186,5865.946472222223,26,57.25227777777777
피커 1명 · DD→PD (strict),greedy:count:demand_desc:time_asc,2026-07-19,64.24394444444444,343,64.26338888888888,0.29802397149335924,0,,,64.26338888888888,107,47.436166666666665,65.07776589573639,343,2546,186,5869.734972222221,26,57.19116666666666
피커 1명 · DD→PD (strict),greedy:count:demand_desc:cells_asc,2026-07-19,64.24394444444445,343,64.3245,0.2980806608357629,0,,,64.3245,102,42.95880555555556,64.31671274380507,343,2546,186,5865.946472222223,26,57.25227777777778
피커 1명 · DD→PD (strict),greedy:count:demand_desc:qty_desc,2026-07-19,64.24394444444444,343,64.3245,0.2980806608357629,0,,,64.3245,102,42.95880555555555,64.39087059449442,343,2546,186,5880.471833333333,26,57.25227777777777
피커 1명 · DD→PD (strict),greedy:count:cells_asc:none,2026-07-19,64.24394444444444,343,65.12727777777778,0.3609925494007126,0,,,65.12727777777778,163,49.21705555555556,89.715902450842,343,2546,186,18421.71086111111,150,58.05505555555555
피커 1명 · DD→PD (strict),greedy:count:cells_asc:time_asc,2026-07-19,64.24394444444445,343,65.28916666666667,0.38449635568513085,0,,,65.28916666666667,161,52.68111111111113,96.85114979939672,343,2546,186,19397.020111111113,174,58.216944444444444
피커 1명 · DD→PD (strict),greedy:count:cells_asc:demand_desc,2026-07-19,64.24394444444444,343,65.12727777777778,0.4403811143505021,0,,,65.12727777777778,147,41.895472222222224,86.64349636736952,343,2546,186,16935.81622222222,142,58.05505555555555
피커 1명 · DD→PD (strict),greedy:count:cells_asc:qty_desc,2026-07-19,64.24394444444444,343,65.12727777777778,0.4405045351473923,0,,,65.12727777777778,147,41.895472222222224,86.76833226562346,343,2546,186,16957.46833333333,142,58.05505555555555
피커 1명 · DD→PD (strict),greedy:count:qty_desc:none,2026-07-19,64.24394444444445,343,64.32450000000001,0.2980806608357629,0,,,64.32450000000001,102,42.958805555555564,64.4504962253021,343,2546,186,5876.366472222222,26,57.25227777777779
피커 1명 · DD→PD (strict),greedy:count:qty_desc:time_asc,2026-07-19,64.24394444444445,343,64.28005555555556,0.29802397149335924,0,,,64.28005555555556,107,47.43616666666667,65.33600451496535,343,2546,186,5869.251194444443,26,57.20783333333333
피커 1명 · DD→PD (strict),greedy:count:qty_desc:demand_desc,2026-07-19,64.24394444444444,343,64.3245,0.2980806608357629,0,,,64.3245,102,42.95880555555555,64.36207216707648,343,2546,186,5880.471833333333,26,57.25227777777777
피커 1명 · DD→PD (strict),greedy:count:qty_desc:cells_asc,2026-07-19,64.24394444444445,343,64.32450000000001,0.2980806608357629,0,,,64.32450000000001,102,42.958805555555564,64.45006265972617,343,2546,186,5876.366472222222,26,57.25227777777779
피커 1명 · DD→PD (strict),greedy:count_partial:none:none,2026-07-19,64.24394444444447,343,64.28005555555558,0.29802397149335924,0,,,64.28005555555558,116,49.71547222222225,67.3759577231922,343,2546,186,5787.956972222224,22,57.207833333333355
피커 1명 · DD→PD (strict),greedy:count_partial:time_asc:none,2026-07-19,64.24394444444447,343,64.28005555555558,0.29802397149335924,0,,,64.28005555555558,116,51.22438888888891,66.79961427468864,343,2546,186,5777.19988888889,22,57.207833333333355
피커 1명 · DD→PD (strict),greedy:count_partial:time_asc:demand_desc,2026-07-19,64.24394444444447,343,64.28005555555558,0.29802397149335924,0,,,64.28005555555558,116,51.22438888888891,66.79961427468864,343,2546,186,5777.19988888889,22,57.207833333333355
피커 1명 · DD→PD (strict),greedy:count_partial:time_asc:cells_asc,2026-07-19,64.24394444444447,343,64.28005555555558,0.29802397149335924,0,,,64.28005555555558,116,51.22438888888891,66.79961427468864,343,2546,186,5777.19988888889,22,57.207833333333355
피커 1명 · DD→PD (strict),greedy:count_partial:time_asc:qty_desc,2026-07-19,64.24394444444447,343,64.28005555555558,0.29802397149335924,0,,,64.28005555555558,116,51.22438888888891,66.79961427468864,343,2546,186,5777.19988888889,22,57.207833333333355
피커 1명 · DD→PD (strict),greedy:count_partial:demand_desc:none,2026-07-19,64.24394444444447,343,64.28005555555558,0.29802397149335924,0,,,64.28005555555558,116,49.71547222222225,67.4467447566681,343,2546,186,5789.22638888889,22,57.207833333333355
피커 1명 · DD→PD (strict),greedy:count_partial:demand_desc:time_asc,2026-07-19,64.24394444444447,343,64.28005555555558,0.29802397149335924,0,,,64.28005555555558,116,49.49819444444447,66.81714649696944,343,2546,186,5779.020416666668,22,57.207833333333355
피커 1명 · DD→PD (strict),greedy:count_partial:demand_desc:cells_asc,2026-07-19,64.24394444444447,343,64.28005555555558,0.29802397149335924,0,,,64.28005555555558,116,49.71547222222225,67.4467447566681,343,2546,186,5789.22638888889,22,57.207833333333355
피커 1명 · DD→PD (strict),greedy:count_partial:demand_desc:qty_desc,2026-07-19,64.24394444444447,343,64.28005555555558,0.29802397149335924,0,,,64.28005555555558,116,49.71547222222225,67.44460524735081,343,2546,186,5789.22638888889,22,57.207833333333355
피커 1명 · DD→PD (strict),greedy:count_partial:cells_asc:none,2026-07-19,64.24394444444447,343,64.28005555555558,0.29802397149335924,0,,,64.28005555555558,116,49.71547222222225,67.3759577231922,343,2546,186,5787.956972222224,22,57.207833333333355
피커 1명 · DD→PD (strict),greedy:count_partial:cells_asc:time_asc,2026-07-19,64.24394444444447,343,64.28005555555558,0.29802397149335924,0,,,64.28005555555558,116,51.22438888888891,66.79961427468864,343,2546,186,5777.19988888889,22,57.207833333333355
피커 1명 · DD→PD (strict),greedy:count_partial:cells_asc:demand_desc,2026-07-19,64.24394444444447,343,64.28005555555558,0.29802397149335924,0,,,64.28005555555558,116,49.71547222222225,67.4467447566681,343,2546,186,5789.22638888889,22,57.207833333333355
피커 1명 · DD→PD (strict),greedy:count_partial:cells_asc:qty_desc,2026-07-19,64.24394444444447,343,64.28005555555558,0.29802397149335924,0,,,64.28005555555558,116,49.71547222222225,67.44460524735081,343,2546,186,5789.22638888889,22,57.207833333333355
피커 1명 · DD→PD (strict),greedy:count_partial:qty_desc:none,2026-07-19,64.24394444444447,343,64.28005555555558,0.29802397149335924,0,,,64.28005555555558,116,49.71547222222225,67.44460524735081,343,2546,186,5789.22638888889,22,57.207833333333355
피커 1명 · DD→PD (strict),greedy:count_partial:qty_desc:time_asc,2026-07-19,64.24394444444447,343,64.28005555555558,0.29802397149335924,0,,,64.28005555555558,116,49.49819444444447,67.11216629315643,343,2546,186,5779.132833333335,22,57.207833333333355
피커 1명 · DD→PD (strict),greedy:count_partial:qty_desc:demand_desc,2026-07-19,64.24394444444447,343,64.28005555555558,0.29802397149335924,0,,,64.28005555555558,116,49.71547222222225,67.44460524735081,343,2546,186,5789.22638888889,22,57.207833333333355
피커 1명 · DD→PD (strict),greedy:count_partial:qty_desc:cells_asc,2026-07-19,64.24394444444447,343,64.28005555555558,0.29802397149335924,0,,,64.28005555555558,116,49.71547222222225,67.44460524735081,343,2546,186,5789.22638888889,22,57.207833333333355
피커 1명 · DD→PD (strict),greedy:count_ddweighted:none:none,2026-07-19,64.24394444444447,343,65.07172222222223,0.37086200194363467,0,,,65.07172222222223,148,42.56125000000001,92.45954293168823,343,2546,186,16149.348250000005,121,57.99950000000002
피커 1명 · DD→PD (strict),greedy:count_ddweighted:time_asc:none,2026-07-19,64.24394444444447,343,65.12727777777779,0.3383560090702948,0,,,65.12727777777779,171,47.09308333333334,104.24095510415077,343,2546,186,17433.327361111114,148,58.055055555555576
피커 1명 · DD→PD (strict),greedy:count_ddweighted:time_asc:demand_desc,2026-07-19,64.24394444444447,343,65.12727777777779,0.3383560090702948,0,,,65.12727777777779,171,47.09308333333334,104.24095510415077,343,2546,186,17433.327361111114,148,58.055055555555576
피커 1명 · DD→PD (strict),greedy:count_ddweighted:time_asc:cells_asc,2026-07-19,64.24394444444447,343,65.12727777777779,0.3383560090702948,0,,,65.12727777777779,171,47.09308333333334,104.24095510415077,343,2546,186,17433.327361111114,148,58.055055555555576
피커 1명 · DD→PD (strict),greedy:count_ddweighted:time_asc:qty_desc,2026-07-19,64.24394444444447,343,65.12727777777779,0.3383560090702948,0,,,65.12727777777779,171,47.09308333333334,104.24095510415077,343,2546,186,17433.327361111114,148,58.055055555555576
피커 1명 · DD→PD (strict),greedy:count_ddweighted:demand_desc:none,2026-07-19,64.24394444444444,343,64.3245,0.29808066083576296,0,,,64.3245,102,42.95880555555555,64.317146309381,343,2546,186,5865.946472222223,26,57.25227777777777
피커 1명 · DD→PD (strict),greedy:count_ddweighted:demand_desc:time_asc,2026-07-19,64.24394444444444,343,64.26338888888888,0.29802397149335924,0,,,64.26338888888888,107,47.436166666666665,65.07776589573639,343,2546,186,5869.734972222221,26,57.19116666666666
피커 1명 · DD→PD (strict),greedy:count_ddweighted:demand_desc:cells_asc,2026-07-19,64.24394444444445,343,64.3245,0.2980806608357629,0,,,64.3245,102,42.95880555555556,64.31671274380507,343,2546,186,5865.946472222223,26,57.25227777777778
피커 1명 · DD→PD (strict),greedy:count_ddweighted:demand_desc:qty_desc,2026-07-19,64.24394444444444,343,64.3245,0.2980806608357629,0,,,64.3245,102,42.95880555555555,64.39087059449442,343,2546,186,5880.471833333333,26,57.25227777777777
피커 1명 · DD→PD (strict),greedy:count_ddweighted:cells_asc:none,2026-07-19,64.24394444444444,343,65.12727777777778,0.3609925494007126,0,,,65.12727777777778,163,49.21705555555556,89.715902450842,343,2546,186,18421.71086111111,150,58.05505555555555
피커 1명 · DD→PD (strict),greedy:count_ddweighted:cells_asc:time_asc,2026-07-19,64.24394444444445,343,65.28916666666667,0.38449635568513085,0,,,65.28916666666667,161,52.68111111111113,96.85114979939672,343,2546,186,19397.020111111113,174,58.216944444444444
피커 1명 · DD→PD (strict),greedy:count_ddweighted:cells_asc:demand_desc,2026-07-19,64.24394444444444,343,65.12727777777778,0.4403811143505021,0,,,65.12727777777778,147,41.895472222222224,86.64349636736952,343,2546,186,16935.81622222222,142,58.05505555555555
피커 1명 · DD→PD (strict),greedy:count_ddweighted:cells_asc:qty_desc,2026-07-19,64.24394444444444,343,65.12727777777778,0.4405045351473923,0,,,65.12727777777778,147,41.895472222222224,86.76833226562346,343,2546,186,16957.46833333333,142,58.05505555555555
피커 1명 · DD→PD (strict),greedy:count_ddweighted:qty_desc:none,2026-07-19,64.24394444444445,343,64.32450000000001,0.2980806608357629,0,,,64.32450000000001,102,42.958805555555564,64.4504962253021,343,2546,186,5876.366472222222,26,57.25227777777779
피커 1명 · DD→PD (strict),greedy:count_ddweighted:qty_desc:time_asc,2026-07-19,64.24394444444445,343,64.28005555555556,0.29802397149335924,0,,,64.28005555555556,107,47.43616666666667,65.33600451496535,343,2546,186,5869.251194444443,26,57.20783333333333
피커 1명 · DD→PD (strict),greedy:count_ddweighted:qty_desc:demand_desc,2026-07-19,64.24394444444444,343,64.3245,0.2980806608357629,0,,,64.3245,102,42.95880555555555,64.36207216707648,343,2546,186,5880.471833333333,26,57.25227777777777
피커 1명 · DD→PD (strict),greedy:count_ddweighted:qty_desc:cells_asc,2026-07-19,64.24394444444445,343,64.32450000000001,0.2980806608357629,0,,,64.32450000000001,102,42.958805555555564,64.45006265972617,343,2546,186,5876.366472222222,26,57.25227777777779
피커 1명 · DD→PD (strict),search:genetic,2026-07-19,64.24394444444444,343,64.3245,0.29808066083576296,0,,,64.3245,102,42.95880555555555,64.317146309381,343,2546,186,5865.946472222223,26,57.25227777777777
피커 1명 · DD→PD (strict),sort:qty_desc,2026-07-20,68.19,321,67.02986111111112,0.40187227414330234,202,71.52708333333334,43.5106846809681,71.52708333333334,220,65.56194444444445,140.97375935688697,523,4121,195,20042.329777777784,34,60.07986111111112
피커 1명 · DD→PD (strict),sort:qty_asc,2026-07-20,68.19,321,72.07183333333333,1.2050420560747668,202,76.56905555555555,9.059844884488449,76.56905555555555,299,68.19,120.61782755290612,523,4121,195,36501.34041666667,194,65.12183333333333
피커 1명 · DD→PD (strict),sort:time_asc,2026-07-20,68.19000000000003,321,71.50455555555558,1.0652332987192799,202,76.0017777777778,9.391794554455446,76.0017777777778,299,66.46844444444447,166.66489636207342,523,4121,195,36295.97241666667,192,64.55455555555558
피커 1명 · DD→PD (strict),sort:demand_desc,2026-07-20,68.19,321,67.02986111111112,0.40187227414330234,202,71.52708333333334,43.51394183168317,71.52708333333334,220,65.56194444444445,140.97668676394917,523,4121,195,20041.671833333337,34,60.07986111111112
피커 1명 · DD→PD (strict),sort:cells_asc,2026-07-20,68.19,321,72.07183333333333,1.20058826583593,202,76.56905555555555,9.085543179317924,76.56905555555555,299,68.19,118.2193016761195,523,4121,195,36518.1591388889,194,65.12183333333333
피커 1명 · DD→PD (strict),sort:code,2026-07-20,68.19000000000003,321,69.45738888888891,0.43828721010730387,202,73.95461111111113,15.282336083608365,73.95461111111113,271,64.53988888888891,169.29654262411705,523,4121,195,32836.11461111112,169,62.50738888888891
피커 1명 · DD→PD (strict),sort:random,2026-07-20,68.19000000000003,321,70.43722222222225,0.5627737106265144,202,74.93444444444448,10.714874724972514,74.93444444444448,290,65.13244444444446,168.444017363325,523,4121,195,34957.38055555556,188,63.48722222222226
피커 1명 · DD→PD (strict),greedy:count:none:none,2026-07-20,68.19000000000003,321,69.0927777777778,0.35077120110764964,202,73.59000000000003,23.25350288778879,73.59000000000003,241,68.19000000000003,162.0242363847745,523,4121,195,30024.437472222227,138,62.14277777777781
피커 1명 · DD→PD (strict),greedy:count:time_asc:none,2026-07-20,68.19000000000001,321,68.95755555555557,0.39644539633090997,202,73.45477777777779,18.85042312981299,73.45477777777779,261,51.13230555555556,165.6025317164151,523,4121,195,31982.036722222234,166,62.00755555555558
피커 1명 · DD→PD (strict),greedy:count:time_asc:demand_desc,2026-07-20,68.19000000000001,321,68.95755555555557,0.39644539633090997,202,73.45477777777779,18.85042312981299,73.45477777777779,261,51.13230555555556,165.6025317164151,523,4121,195,31982.036722222234,166,62.00755555555558
피커 1명 · DD→PD (strict),greedy:count:time_asc:cells_asc,2026-07-20,68.19000000000001,321,68.95755555555557,0.39644539633090997,202,73.45477777777779,18.85042312981299,73.45477777777779,261,51.13230555555556,165.6025317164151,523,4121,195,31982.036722222234,166,62.00755555555558
피커 1명 · DD→PD (strict),greedy:count:time_asc:qty_desc,2026-07-20,68.19000000000001,321,68.95755555555557,0.39644539633090997,202,73.45477777777779,18.85042312981299,73.45477777777779,261,51.13230555555556,165.6025317164151,523,4121,195,31982.036722222234,166,62.00755555555558
피커 1명 · DD→PD (strict),greedy:count:demand_desc:none,2026-07-20,68.19000000000003,321,68.22888888888892,0.38951393215645547,202,72.72611111111114,45.80737059955999,72.72611111111114,223,68.19000000000003,140.6581267617469,523,4121,195,20071.393944444444,33,61.278888888888915
피커 1명 · DD→PD (strict),greedy:count:demand_desc:time_asc,2026-07-20,68.19000000000003,321,68.22888888888892,0.367075372101073,202,72.72611111111114,45.895800192519275,72.72611111111114,223,68.19000000000003,140.83939208751252,523,4121,195,20063.501472222226,33,61.278888888888915
피커 1명 · DD→PD (strict),greedy:count:demand_desc:cells_asc,2026-07-20,68.19000000000003,321,68.22888888888892,0.3670840256143994,202,72.72611111111114,45.91253272827285,72.72611111111114,223,68.19000000000003,140.30979321197495,523,4121,195,20037.73816666667,33,61.278888888888915
피커 1명 · DD→PD (strict),greedy:count:demand_desc:qty_desc,2026-07-20,68.19000000000003,321,68.22888888888892,0.38951393215645547,202,72.72611111111114,45.80737059955999,72.72611111111114,223,68.19000000000003,140.6581267617469,523,4121,195,20071.393944444444,33,61.278888888888915
피커 1명 · DD→PD (strict),greedy:count:cells_asc:none,2026-07-20,68.18999999999998,321,69.09277777777775,0.42388741779162303,202,73.58999999999999,13.281037678767863,73.58999999999999,271,62.425916666666666,135.41799610454314,523,4121,195,33670.86816666666,178,62.14277777777776
피커 1명 · DD→PD (strict),greedy:count:cells_asc:time_asc,2026-07-20,68.19000000000001,321,69.52180555555557,0.4823512461059187,202,74.0190277777778,14.228760176017595,74.0190277777778,276,61.15097222222226,154.5536053980114,523,4121,195,33855.136083333346,179,62.57180555555557
피커 1명 · DD→PD (strict),greedy:count:cells_asc:demand_desc,2026-07-20,68.19000000000001,321,69.0927777777778,0.41270387677396986,202,73.59000000000002,17.572759625962597,73.59000000000002,272,65.79936111111112,151.28509421569962,523,4121,195,32713.327722222235,173,62.142777777777795
피커 1명 · DD→PD (strict),greedy:count:cells_asc:qty_desc,2026-07-20,68.19000000000001,321,69.0927777777778,0.41270387677396986,202,73.59000000000002,17.569502475247525,73.59000000000002,272,65.79936111111112,151.26447358487715,523,4121,195,32713.656694444457,173,62.142777777777795
피커 1명 · DD→PD (strict),greedy:count:qty_desc:none,2026-07-20,68.19000000000003,321,68.22888888888892,0.38951393215645547,202,72.72611111111114,45.80737059955999,72.72611111111114,223,68.19000000000003,140.65230201593496,523,4121,195,20071.393944444444,33,61.278888888888915
피커 1명 · DD→PD (strict),greedy:count:qty_desc:time_asc,2026-07-20,68.19000000000003,321,68.22888888888892,0.367075372101073,202,72.72611111111114,45.895800192519275,72.72611111111114,223,68.19000000000003,140.83356734170061,523,4121,195,20063.501472222226,33,61.278888888888915
피커 1명 · DD→PD (strict),greedy:count:qty_desc:demand_desc,2026-07-20,68.19000000000003,321,68.22888888888892,0.38951393215645547,202,72.72611111111114,45.80737059955999,72.72611111111114,223,68.19000000000003,140.6581267617469,523,4121,195,20071.393944444444,33,61.278888888888915
피커 1명 · DD→PD (strict),greedy:count:qty_desc:cells_asc,2026-07-20,68.19000000000003,321,68.22888888888892,0.3670840256143994,202,72.72611111111114,45.91253272827285,72.72611111111114,223,68.19000000000003,140.30396846616298,523,4121,195,20037.73816666667,33,61.278888888888915
피커 1명 · DD→PD (strict),greedy:count_partial:none:none,2026-07-20,68.19000000000003,321,67.02986111111115,0.31938698511595703,202,71.52708333333337,45.36985231023104,71.52708333333337,220,66.98263888888891,136.11125311896234,523,4121,195,19421.422444444448,28,60.07986111111114
피커 1명 · DD→PD (strict),greedy:count_partial:time_asc:none,2026-07-20,68.19000000000003,321,67.75891666666669,0.31938698511595703,202,72.25613888888891,46.16376031353138,72.25613888888891,223,65.44852777777781,137.40065722981632,523,4121,195,19560.799944444458,28,60.80891666666669
피커 1명 · DD→PD (strict),greedy:count_partial:time_asc:demand_desc,2026-07-20,68.19000000000003,321,67.75891666666669,0.31938698511595703,202,72.25613888888891,46.16376031353138,72.25613888888891,223,65.44852777777781,137.40065722981632,523,4121,195,19560.799944444458,28,60.80891666666669
피커 1명 · DD→PD (strict),greedy:count_partial:time_asc:cells_asc,2026-07-20,68.19000000000003,321,67.75891666666669,0.31938698511595703,202,72.25613888888891,46.16376031353138,72.25613888888891,223,65.44852777777781,137.40065722981632,523,4121,195,19560.799944444458,28,60.80891666666669
피커 1명 · DD→PD (strict),greedy:count_partial:time_asc:qty_desc,2026-07-20,68.19000000000003,321,67.75891666666669,0.31938698511595703,202,72.25613888888891,46.16376031353138,72.25613888888891,223,65.44852777777781,137.40065722981632,523,4121,195,19560.799944444458,28,60.80891666666669
피커 1명 · DD→PD (strict),greedy:count_partial:demand_desc:none,2026-07-20,68.19000000000003,321,67.02986111111115,0.31938698511595703,202,71.52708333333337,45.411972909791004,71.52708333333337,220,65.56194444444448,136.16852435460538,523,4121,195,19429.479055555563,28,60.07986111111114
피커 1명 · DD→PD (strict),greedy:count_partial:demand_desc:time_asc,2026-07-20,68.19000000000003,321,67.75891666666669,0.31938698511595703,202,72.25613888888891,46.20046768426845,72.25613888888891,223,65.44852777777781,137.2646022771614,523,4121,195,19578.770833333343,28,60.80891666666669
피커 1명 · DD→PD (strict),greedy:count_partial:demand_desc:cells_asc,2026-07-20,68.19000000000003,321,67.02986111111115,0.31938698511595703,202,71.52708333333337,45.411972909791004,71.52708333333337,220,65.56194444444448,136.16852435460538,523,4121,195,19429.479055555563,28,60.07986111111114
피커 1명 · DD→PD (strict),greedy:count_partial:demand_desc:qty_desc,2026-07-20,68.19000000000003,321,67.02986111111115,0.31938698511595703,202,71.52708333333337,45.411972909791004,71.52708333333337,220,65.56194444444448,136.16852435460538,523,4121,195,19429.479055555563,28,60.07986111111114
피커 1명 · DD→PD (strict),greedy:count_partial:cells_asc:none,2026-07-20,68.19000000000003,321,67.02986111111115,0.31938698511595703,202,71.52708333333337,45.36985231023104,71.52708333333337,220,66.98263888888891,136.11125311896234,523,4121,195,19421.422444444448,28,60.07986111111114
피커 1명 · DD→PD (strict),greedy:count_partial:cells_asc:time_asc,2026-07-20,68.19000000000003,321,67.75891666666669,0.31938698511595703,202,72.25613888888891,46.16376031353138,72.25613888888891,223,65.44852777777781,137.40065722981632,523,4121,195,19560.799944444458,28,60.80891666666669
피커 1명 · DD→PD (strict),greedy:count_partial:cells_asc:demand_desc,2026-07-20,68.19000000000003,321,67.02986111111115,0.31938698511595703,202,71.52708333333337,45.411972909791004,71.52708333333337,220,65.56194444444448,136.16852435460538,523,4121,195,19429.479055555563,28,60.07986111111114
피커 1명 · DD→PD (strict),greedy:count_partial:cells_asc:qty_desc,2026-07-20,68.19000000000003,321,67.02986111111115,0.31938698511595703,202,71.52708333333337,45.411972909791004,71.52708333333337,220,65.56194444444448,136.16852435460538,523,4121,195,19429.479055555563,28,60.07986111111114
피커 1명 · DD→PD (strict),greedy:count_partial:qty_desc:none,2026-07-20,68.19000000000003,321,67.02986111111115,0.31938698511595703,202,71.52708333333337,45.411972909791004,71.52708333333337,220,65.56194444444448,136.16852435460538,523,4121,195,19429.479055555563,28,60.07986111111114
피커 1명 · DD→PD (strict),greedy:count_partial:qty_desc:time_asc,2026-07-20,68.19000000000003,321,67.75891666666669,0.31938698511595703,202,72.25613888888891,46.20046768426845,72.25613888888891,223,65.44852777777781,137.2646022771614,523,4121,195,19578.770833333343,28,60.80891666666669
피커 1명 · DD→PD (strict),greedy:count_partial:qty_desc:demand_desc,2026-07-20,68.19000000000003,321,67.02986111111115,0.31938698511595703,202,71.52708333333337,45.411972909791004,71.52708333333337,220,65.56194444444448,136.16852435460538,523,4121,195,19429.479055555563,28,60.07986111111114
피커 1명 · DD→PD (strict),greedy:count_partial:qty_desc:cells_asc,2026-07-20,68.19000000000003,321,67.02986111111115,0.31938698511595703,202,71.52708333333337,45.411972909791004,71.52708333333337,220,65.56194444444448,136.16852435460538,523,4121,195,19429.479055555563,28,60.07986111111114
피커 1명 · DD→PD (strict),greedy:count_ddweighted:none:none,2026-07-20,68.19000000000003,321,69.0927777777778,0.41074524056767003,202,73.59000000000003,21.712437431243142,73.59000000000003,253,55.799555555555564,164.28789011188115,523,4121,195,30567.201333333338,148,62.14277777777781
피커 1명 · DD→PD (strict),greedy:count_ddweighted:time_asc:none,2026-07-20,68.19000000000003,321,68.95755555555559,0.39909934233298683,202,73.45477777777779,17.042200632563258,73.45477777777779,260,66.72977777777781,165.550589327069,523,4121,195,32157.093305555572,161,62.00755555555558
피커 1명 · DD→PD (strict),greedy:count_ddweighted:time_asc:demand_desc,2026-07-20,68.19000000000003,321,68.95755555555559,0.39909934233298683,202,73.45477777777779,17.042200632563258,73.45477777777779,260,66.72977777777781,165.550589327069,523,4121,195,32157.093305555572,161,62.00755555555558
피커 1명 · DD→PD (strict),greedy:count_ddweighted:time_asc:cells_asc,2026-07-20,68.19000000000003,321,68.95755555555559,0.39909934233298683,202,73.45477777777779,17.042200632563258,73.45477777777779,260,66.72977777777781,165.550589327069,523,4121,195,32157.093305555572,161,62.00755555555558
피커 1명 · DD→PD (strict),greedy:count_ddweighted:time_asc:qty_desc,2026-07-20,68.19000000000003,321,68.95755555555559,0.39909934233298683,202,73.45477777777779,17.042200632563258,73.45477777777779,260,66.72977777777781,165.550589327069,523,4121,195,32157.093305555572,161,62.00755555555558
피커 1명 · DD→PD (strict),greedy:count_ddweighted:demand_desc:none,2026-07-20,68.19000000000003,321,68.22888888888892,0.38923701973001035,202,72.72611111111114,45.39396534653468,72.72611111111114,223,68.19000000000003,139.99094051502212,523,4121,195,20022.704083333334,33,61.278888888888915
피커 1명 · DD→PD (strict),greedy:count_ddweighted:demand_desc:time_asc,2026-07-20,68.19000000000003,321,68.22888888888892,0.3668071131879542,202,72.72611111111114,45.44770998349838,72.72611111111114,223,68.19000000000003,139.94821170754813,523,4121,195,20009.17591666667,33,61.278888888888915
피커 1명 · DD→PD (strict),greedy:count_ddweighted:demand_desc:cells_asc,2026-07-20,68.19000000000003,321,68.22888888888892,0.3668071131879542,202,72.72611111111114,45.49912747524755,72.72611111111114,223,68.19000000000003,139.64260696525014,523,4121,195,19989.048305555556,33,61.278888888888915
피커 1명 · DD→PD (strict),greedy:count_ddweighted:demand_desc:qty_desc,2026-07-20,68.19000000000003,321,68.22888888888892,0.38923701973001035,202,72.72611111111114,45.39396534653468,72.72611111111114,223,68.19000000000003,139.99094051502212,523,4121,195,20022.704083333334,33,61.278888888888915
피커 1명 · DD→PD (strict),greedy:count_ddweighted:cells_asc:none,2026-07-20,68.18999999999998,321,69.09277777777775,0.3475585842852198,202,73.58999999999999,14.057107260726067,73.58999999999999,272,55.25663888888888,135.2303147317721,523,4121,195,32805.56558333333,168,62.14277777777776
피커 1명 · DD→PD (strict),greedy:count_ddweighted:cells_asc:time_asc,2026-07-20,68.19000000000001,321,69.52180555555557,0.46647646244375174,202,74.0190277777778,13.519031628162812,74.0190277777778,277,60.091611111111135,153.29729930554643,523,4121,195,33806.34297222223,182,62.57180555555557
피커 1명 · DD→PD (strict),greedy:count_ddweighted:cells_asc:demand_desc,2026-07-20,68.19000000000001,321,69.0927777777778,0.4113970231914153,202,73.59000000000002,18.00656903190319,73.59000000000002,272,65.79936111111112,151.84499177122495,523,4121,195,32410.215277777785,173,62.142777777777795
피커 1명 · DD→PD (strict),greedy:count_ddweighted:cells_asc:qty_desc,2026-07-20,68.19000000000001,321,69.0927777777778,0.4113970231914153,202,73.59000000000002,18.003311881188118,73.59000000000002,272,65.79936111111112,151.82437114040252,523,4121,195,32410.544250000006,173,62.142777777777795
피커 1명 · DD→PD (strict),greedy:count_ddweighted:qty_desc:none,2026-07-20,68.19000000000003,321,68.22888888888892,0.38923701973001035,202,72.72611111111114,45.39396534653468,72.72611111111114,223,68.19000000000003,139.9851157692102,523,4121,195,20022.704083333334,33,61.278888888888915
피커 1명 · DD→PD (strict),greedy:count_ddweighted:qty_desc:time_asc,2026-07-20,68.19000000000003,321,68.22888888888892,0.3668071131879542,202,72.72611111111114,45.44770998349838,72.72611111111114,223,68.19000000000003,139.94238696173622,523,4121,195,20009.17591666667,33,61.278888888888915
피커 1명 · DD→PD (strict),greedy:count_ddweighted:qty_desc:demand_desc,2026-07-20,68.19000000000003,321,68.22888888888892,0.38923701973001035,202,72.72611111111114,45.39396534653468,72.72611111111114,223,68.19000000000003,139.99094051502212,523,4121,195,20022.704083333334,33,61.278888888888915
피커 1명 · DD→PD (strict),greedy:count_ddweighted:qty_desc:cells_asc,2026-07-20,68.19000000000003,321,68.22888888888892,0.3668071131879542,202,72.72611111111114,45.49912747524755,72.72611111111114,223,68.19000000000003,139.63678221943823,523,4121,195,19989.048305555556,33,61.278888888888915
피커 1명 · DD→PD (strict),search:genetic,2026-07-20,68.19,321,67.02986111111112,0.40187227414330234,202,71.52708333333334,43.5106846809681,71.52708333333334,220,65.56194444444445,140.97375935688697,523,4121,195,20042.329777777784,34,60.07986111111112
피커 1명 · DD→PD (strict),sort:qty_desc,2026-07-21,63.230333333333334,186,63.25255555555556,0.12610513739545998,144,66.047,48.142273919753094,66.047,177,59.87566666666667,111.19740277546464,330,2401,184,13205.820083333334,26,59.37755555555556
피커 1명 · DD→PD (strict),sort:qty_asc,2026-07-21,63.230333333333306,186,64.47058333333331,0.4889686379928312,144,67.26502777777775,5.080131944444444,67.26502777777775,195,62.267805555555526,94.13881780238289,330,2401,184,20683.408833333324,182,60.5955833333333
피커 1명 · DD→PD (strict),sort:time_asc,2026-07-21,63.23033333333331,186,63.924777777777756,0.1787335722819594,144,66.7192222222222,6.0285023148148165,66.7192222222222,212,52.47211111111108,125.28608363739919,330,2401,184,20130.882888888882,178,60.049777777777756
피커 1명 · DD→PD (strict),sort:demand_desc,2026-07-21,63.230333333333334,186,63.25255555555556,0.12610513739545998,144,66.047,48.10078279320988,66.047,177,59.87566666666667,111.1544409452528,330,2401,184,13203.978972222223,26,59.37755555555556
피커 1명 · DD→PD (strict),sort:cells_asc,2026-07-21,63.23033333333332,186,64.93849999999999,0.5772459677419352,144,67.73294444444443,5.0199211033950615,67.73294444444443,204,63.23033333333332,93.23632722628821,330,2401,184,20779.13194444444,183,61.06349999999998
피커 1명 · DD→PD (strict),sort:code,2026-07-21,63.230333333333306,186,63.62199999999997,0.1547147550776583,144,66.41644444444441,11.692127121913572,66.41644444444441,197,54.89683333333331,121.20835494221645,330,2401,184,19014.43858333332,159,59.74699999999997
피커 1명 · DD→PD (strict),sort:random,2026-07-21,63.230333333333306,186,63.24144444444442,0.22182258064516105,144,66.03588888888886,9.931744020061728,66.03588888888886,199,52.372944444444414,122.28259128453719,330,2401,184,19408.259833333323,167,59.36644444444442
피커 1명 · DD→PD (strict),greedy:count:none:none,2026-07-21,63.2303333333333,186,63.60255555555552,0.1329318996415771,144,66.39699999999996,26.652485146604917,66.39699999999996,175,60.49216666666664,115.01931897860177,330,2401,184,17095.618722222214,107,59.72755555555552
피커 1명 · DD→PD (strict),greedy:count:time_asc:none,2026-07-21,63.230333333333306,186,63.255333333333304,0.13353882915173237,144,66.04977777777775,15.016161458333322,66.04977777777775,188,51.11416666666665,123.22629944082576,330,2401,184,18550.793416666656,156,59.380333333333304
피커 1명 · DD→PD (strict),greedy:count:time_asc:demand_desc,2026-07-21,63.230333333333306,186,63.255333333333304,0.13353882915173237,144,66.04977777777775,15.016161458333322,66.04977777777775,188,51.11416666666665,123.23053277999084,330,2401,184,18550.793416666656,156,59.380333333333304
피커 1명 · DD→PD (strict),greedy:count:time_asc:cells_asc,2026-07-21,63.230333333333306,186,63.255333333333304,0.13353882915173237,144,66.04977777777775,15.016161458333322,66.04977777777775,188,51.11416666666665,123.22629944082576,330,2401,184,18550.793416666656,156,59.380333333333304
피커 1명 · DD→PD (strict),greedy:count:time_asc:qty_desc,2026-07-21,63.230333333333306,186,63.255333333333304,0.13353882915173237,144,66.04977777777775,15.016161458333322,66.04977777777775,188,51.11416666666665,123.23053277999084,330,2401,184,18550.793416666656,156,59.380333333333304
피커 1명 · DD→PD (strict),greedy:count:demand_desc:none,2026-07-21,63.23033333333329,186,63.25533333333329,0.12510454002389487,144,66.04977777777773,48.53801986882712,66.04977777777773,174,63.23033333333329,107.98505714545257,330,2401,184,12981.669777777766,25,59.38033333333329
피커 1명 · DD→PD (strict),greedy:count:demand_desc:time_asc,2026-07-21,63.230333333333306,186,63.255333333333304,0.12510454002389487,144,66.04977777777775,48.60611940586418,66.04977777777775,174,63.230333333333306,108.26896675571287,330,2401,184,12945.666611111104,25,59.380333333333304
피커 1명 · DD→PD (strict),greedy:count:demand_desc:cells_asc,2026-07-21,63.23033333333329,186,63.25533333333329,0.12510454002389487,144,66.04977777777773,48.53801986882712,66.04977777777773,174,63.23033333333329,107.98064506903881,330,2401,184,12981.669777777766,25,59.38033333333329
피커 1명 · DD→PD (strict),greedy:count:demand_desc:qty_desc,2026-07-21,63.23033333333329,186,63.25533333333329,0.12510454002389487,144,66.04977777777773,48.53801986882712,66.04977777777773,174,63.23033333333329,107.98505714545257,330,2401,184,12981.669777777766,25,59.38033333333329
피커 1명 · DD→PD (strict),greedy:count:cells_asc:none,2026-07-21,63.23033333333331,186,63.60255555555553,0.13699611708482673,144,66.39699999999998,11.381014467592582,66.39699999999998,192,57.24558333333332,103.71602046946562,330,2401,184,19066.535972222213,166,59.72755555555553
피커 1명 · DD→PD (strict),greedy:count:cells_asc:time_asc,2026-07-21,63.23033333333329,186,63.2914444444444,0.1330346475507766,144,66.08588888888885,13.842075810185174,66.08588888888885,189,54.86611111111108,115.52002949024246,330,2401,184,18838.45791666665,155,59.4164444444444
피커 1명 · DD→PD (strict),greedy:count:cells_asc:demand_desc,2026-07-21,63.23033333333332,186,63.25533333333332,0.13857780764635605,144,66.04977777777776,25.37287866512345,66.04977777777776,183,60.318277777777766,109.37207375582052,330,2401,184,17764.622444444445,126,59.38033333333332
피커 1명 · DD→PD (strict),greedy:count:cells_asc:qty_desc,2026-07-21,63.23033333333331,186,63.25533333333331,0.13293264635603347,144,66.04977777777776,25.46021199845678,66.04977777777776,183,60.31827777777776,109.35920215056656,330,2401,184,17700.087361111106,127,59.38033333333331
피커 1명 · DD→PD (strict),greedy:count:qty_desc:none,2026-07-21,63.23033333333329,186,63.25533333333329,0.12510454002389487,144,66.04977777777773,48.53801986882712,66.04977777777773,174,63.23033333333329,107.98505714545257,330,2401,184,12981.669777777766,25,59.38033333333329
피커 1명 · DD→PD (strict),greedy:count:qty_desc:time_asc,2026-07-21,63.230333333333306,186,63.255333333333304,0.12510454002389487,144,66.04977777777775,48.61026716820985,66.04977777777775,174,63.230333333333306,108.27461989946974,330,2401,184,12945.890499999992,25,59.380333333333304
피커 1명 · DD→PD (strict),greedy:count:qty_desc:demand_desc,2026-07-21,63.23033333333329,186,63.25533333333329,0.12510454002389487,144,66.04977777777773,48.53801986882712,66.04977777777773,174,63.23033333333329,107.98505714545257,330,2401,184,12981.669777777766,25,59.38033333333329
피커 1명 · DD→PD (strict),greedy:count:qty_desc:cells_asc,2026-07-21,63.23033333333329,186,63.25533333333329,0.12510454002389487,144,66.04977777777773,48.53801986882712,66.04977777777773,174,63.23033333333329,107.98064506903881,330,2401,184,12981.669777777766,25,59.38033333333329
피커 1명 · DD→PD (strict),greedy:count_partial:none:none,2026-07-21,63.23033333333331,186,63.25533333333331,0.10013440860215055,144,66.04977777777776,50.0438740354938,66.04977777777776,174,63.23033333333331,109.47501547654294,330,2401,184,12917.93844444444,25,59.38033333333331
피커 1명 · DD→PD (strict),greedy:count_partial:time_asc:none,2026-07-21,63.23033333333331,186,63.25533333333331,0.10013440860215055,144,66.04977777777776,50.12373013117282,66.04977777777776,174,63.23033333333331,109.58087418916374,330,2401,184,12913.414611111108,25,59.38033333333331
피커 1명 · DD→PD (strict),greedy:count_partial:time_asc:demand_desc,2026-07-21,63.23033333333331,186,63.25533333333331,0.10013440860215055,144,66.04977777777776,50.12373013117282,66.04977777777776,174,63.23033333333331,109.58087418916374,330,2401,184,12913.414611111108,25,59.38033333333331
피커 1명 · DD→PD (strict),greedy:count_partial:time_asc:cells_asc,2026-07-21,63.23033333333331,186,63.25533333333331,0.10013440860215055,144,66.04977777777776,50.12373013117282,66.04977777777776,174,63.23033333333331,109.58087418916374,330,2401,184,12913.414611111108,25,59.38033333333331
피커 1명 · DD→PD (strict),greedy:count_partial:time_asc:qty_desc,2026-07-21,63.23033333333331,186,63.25533333333331,0.10013440860215055,144,66.04977777777776,50.12373013117282,66.04977777777776,174,63.23033333333331,109.58087418916374,330,2401,184,12913.414611111108,25,59.38033333333331
피커 1명 · DD→PD (strict),greedy:count_partial:demand_desc:none,2026-07-21,63.23033333333331,186,63.25533333333331,0.10013440860215055,144,66.04977777777776,50.04529764660491,66.04977777777776,174,63.23033333333331,109.51990123610476,330,2401,184,12918.522749999995,25,59.38033333333331
피커 1명 · DD→PD (strict),greedy:count_partial:demand_desc:time_asc,2026-07-21,63.23033333333331,186,63.25533333333331,0.10013440860215055,144,66.04977777777776,50.09842746913578,66.04977777777776,174,63.23033333333331,109.54892648305656,330,2401,184,12914.560305555551,25,59.38033333333331
피커 1명 · DD→PD (strict),greedy:count_partial:demand_desc:cells_asc,2026-07-21,63.23033333333331,186,63.25533333333331,0.10013440860215055,144,66.04977777777776,50.04529764660491,66.04977777777776,174,63.23033333333331,109.51990123610476,330,2401,184,12918.522749999995,25,59.38033333333331
피커 1명 · DD→PD (strict),greedy:count_partial:demand_desc:qty_desc,2026-07-21,63.23033333333331,186,63.25533333333331,0.10013440860215055,144,66.04977777777776,50.04529764660491,66.04977777777776,174,63.23033333333331,109.51990123610476,330,2401,184,12918.522749999995,25,59.38033333333331
피커 1명 · DD→PD (strict),greedy:count_partial:cells_asc:none,2026-07-21,63.23033333333331,186,63.25533333333331,0.10013440860215055,144,66.04977777777776,50.0438740354938,66.04977777777776,174,63.23033333333331,109.47501547654294,330,2401,184,12917.93844444444,25,59.38033333333331
피커 1명 · DD→PD (strict),greedy:count_partial:cells_asc:time_asc,2026-07-21,63.23033333333331,186,63.25533333333331,0.10013440860215055,144,66.04977777777776,50.12373013117282,66.04977777777776,174,63.23033333333331,109.58087418916374,330,2401,184,12913.414611111108,25,59.38033333333331
피커 1명 · DD→PD (strict),greedy:count_partial:cells_asc:demand_desc,2026-07-21,63.23033333333331,186,63.25533333333331,0.10013440860215055,144,66.04977777777776,50.04529764660491,66.04977777777776,174,63.23033333333331,109.51990123610476,330,2401,184,12918.522749999995,25,59.38033333333331
피커 1명 · DD→PD (strict),greedy:count_partial:cells_asc:qty_desc,2026-07-21,63.23033333333331,186,63.25533333333331,0.10013440860215055,144,66.04977777777776,50.04529764660491,66.04977777777776,174,63.23033333333331,109.51990123610476,330,2401,184,12918.522749999995,25,59.38033333333331
피커 1명 · DD→PD (strict),greedy:count_partial:qty_desc:none,2026-07-21,63.23033333333331,186,63.25533333333331,0.10013440860215055,144,66.04977777777776,50.04529764660491,66.04977777777776,174,63.23033333333331,109.51990123610476,330,2401,184,12918.522749999995,25,59.38033333333331
피커 1명 · DD→PD (strict),greedy:count_partial:qty_desc:time_asc,2026-07-21,63.23033333333331,186,63.25533333333331,0.10013440860215055,144,66.04977777777776,50.09842746913578,66.04977777777776,174,63.23033333333331,109.54892648305656,330,2401,184,12914.560305555551,25,59.38033333333331
피커 1명 · DD→PD (strict),greedy:count_partial:qty_desc:demand_desc,2026-07-21,63.23033333333331,186,63.25533333333331,0.10013440860215055,144,66.04977777777776,50.04529764660491,66.04977777777776,174,63.23033333333331,109.51990123610476,330,2401,184,12918.522749999995,25,59.38033333333331
피커 1명 · DD→PD (strict),greedy:count_partial:qty_desc:cells_asc,2026-07-21,63.23033333333331,186,63.25533333333331,0.10013440860215055,144,66.04977777777776,50.04529764660491,66.04977777777776,174,63.23033333333331,109.51990123610476,330,2401,184,12918.522749999995,25,59.38033333333331
피커 1명 · DD→PD (strict),greedy:count_ddweighted:none:none,2026-07-21,63.2303333333333,186,63.60255555555552,0.13296998207885305,144,66.39699999999996,26.41125250771603,66.39699999999996,175,51.29666666666663,114.86670122311415,330,2401,184,17133.47297222221,107,59.72755555555552
피커 1명 · DD→PD (strict),greedy:count_ddweighted:time_asc:none,2026-07-21,63.2303333333333,186,63.2553333333333,0.13348521505376346,144,66.04977777777773,17.65403896604937,66.04977777777773,185,54.615249999999975,122.55913637525903,330,2401,184,18197.5273611111,143,59.3803333333333
피커 1명 · DD→PD (strict),greedy:count_ddweighted:time_asc:demand_desc,2026-07-21,63.2303333333333,186,63.2553333333333,0.13348521505376346,144,66.04977777777773,17.65403896604937,66.04977777777773,185,54.615249999999975,122.56336971442411,330,2401,184,18197.5273611111,143,59.3803333333333
피커 1명 · DD→PD (strict),greedy:count_ddweighted:time_asc:cells_asc,2026-07-21,63.2303333333333,186,63.2553333333333,0.13348521505376346,144,66.04977777777773,17.65403896604937,66.04977777777773,185,54.615249999999975,122.55913637525903,330,2401,184,18197.5273611111,143,59.3803333333333
피커 1명 · DD→PD (strict),greedy:count_ddweighted:time_asc:qty_desc,2026-07-21,63.2303333333333,186,63.2553333333333,0.13348521505376346,144,66.04977777777773,17.65403896604937,66.04977777777773,185,54.615249999999975,122.56336971442411,330,2401,184,18197.5273611111,143,59.3803333333333
피커 1명 · DD→PD (strict),greedy:count_ddweighted:demand_desc:none,2026-07-21,63.23033333333329,186,63.25533333333329,0.12510454002389487,144,66.04977777777773,48.41459664351847,66.04977777777773,174,63.23033333333329,107.60934051422495,330,2401,184,12967.206777777767,25,59.38033333333329
피커 1명 · DD→PD (strict),greedy:count_ddweighted:demand_desc:time_asc,2026-07-21,63.2303333333333,186,63.2553333333333,0.12510454002389487,144,66.04977777777773,48.48225501543207,66.04977777777773,174,63.2303333333333,107.90245614418752,330,2401,184,12931.08902777777,25,59.3803333333333
피커 1명 · DD→PD (strict),greedy:count_ddweighted:demand_desc:cells_asc,2026-07-21,63.23033333333329,186,63.25533333333329,0.12510454002389487,144,66.04977777777773,48.41459664351847,66.04977777777773,174,63.23033333333329,107.6049284378112,330,2401,184,12967.206777777767,25,59.38033333333329
피커 1명 · DD→PD (strict),greedy:count_ddweighted:demand_desc:qty_desc,2026-07-21,63.23033333333329,186,63.25533333333329,0.12510454002389487,144,66.04977777777773,48.41459664351847,66.04977777777773,174,63.23033333333329,107.60934051422495,330,2401,184,12967.206777777767,25,59.38033333333329
피커 1명 · DD→PD (strict),greedy:count_ddweighted:cells_asc:none,2026-07-21,63.23033333333331,186,63.60255555555553,0.13502508960573475,144,66.39699999999998,13.361079282407392,66.39699999999998,184,58.079583333333325,103.86375221102692,330,2401,184,18763.049638888886,152,59.72755555555553
피커 1명 · DD→PD (strict),greedy:count_ddweighted:cells_asc:time_asc,2026-07-21,63.23033333333329,186,63.2914444444444,0.13288530465949822,144,66.08588888888885,13.648379243827149,66.08588888888885,193,55.579222222222185,116.13443406139818,330,2401,184,18849.29955555554,155,59.4164444444444
피커 1명 · DD→PD (strict),greedy:count_ddweighted:cells_asc:demand_desc,2026-07-21,63.23033333333332,186,63.25533333333332,0.13927792712066905,144,66.04977777777776,25.571960455246902,66.04977777777776,183,60.318277777777766,109.32794752442601,330,2401,184,17727.604583333334,126,59.38033333333332
피커 1명 · DD→PD (strict),greedy:count_ddweighted:cells_asc:qty_desc,2026-07-21,63.23033333333331,186,63.25533333333331,0.13927792712066905,144,66.04977777777776,25.61275462962962,66.04977777777776,183,60.31827777777776,109.29080592415146,330,2401,184,17687.615611111105,127,59.38033333333331
피커 1명 · DD→PD (strict),greedy:count_ddweighted:qty_desc:none,2026-07-21,63.23033333333329,186,63.25533333333329,0.12510454002389487,144,66.04977777777773,48.41459664351847,66.04977777777773,174,63.23033333333329,107.60934051422495,330,2401,184,12967.206777777767,25,59.38033333333329
피커 1명 · DD→PD (strict),greedy:count_ddweighted:qty_desc:time_asc,2026-07-21,63.2303333333333,186,63.2553333333333,0.12510454002389487,144,66.04977777777773,48.486402777777755,66.04977777777773,174,63.2303333333333,107.90810928794444,330,2401,184,12931.31291666666,25,59.3803333333333
피커 1명 · DD→PD (strict),greedy:count_ddweighted:qty_desc:demand_desc,2026-07-21,63.23033333333329,186,63.25533333333329,0.12510454002389487,144,66.04977777777773,48.41459664351847,66.04977777777773,174,63.23033333333329,107.60934051422495,330,2401,184,12967.206777777767,25,59.38033333333329
피커 1명 · DD→PD (strict),greedy:count_ddweighted:qty_desc:cells_asc,2026-07-21,63.23033333333329,186,63.25533333333329,0.12510454002389487,144,66.04977777777773,48.41459664351847,66.04977777777773,174,63.23033333333329,107.6049284378112,330,2401,184,12967.206777777767,25,59.38033333333329
피커 1명 · DD→PD (strict),search:genetic,2026-07-21,63.23033333333328,186,63.25533333333328,0.12852449223416965,144,66.04977777777772,48.01445698302464,66.04977777777772,174,63.23033333333328,107.97668088714234,330,2401,184,13090.063027777767,25,59.38033333333328
피커 1명 · DD→PD (strict),sort:qty_desc,2026-07-22,65.69169444444444,204,63.465972222222206,0.16345315904139432,107,65.6944722222222,43.23228686396676,65.6944722222222,165,59.84841666666666,102.59396592221312,311,2271,194,10914.15922222222,28,59.38613888888887
피커 1명 · DD→PD (strict),sort:qty_asc,2026-07-22,65.69169444444445,204,66.47502777777778,0.43260035403050007,107,68.51669444444445,8.50188940809969,68.51669444444445,211,62.35105555555556,99.82355800553067,311,2271,194,20058.586583333337,189,62.208361111111124
피커 1명 · DD→PD (strict),sort:time_asc,2026-07-22,65.69169444444445,204,66.65086111111111,0.2529193899782135,107,68.69252777777778,9.718907320872272,68.69252777777778,215,54.04433333333334,130.14338572325713,311,2271,194,19384.947972222228,187,62.38419444444445
피커 1명 · DD→PD (strict),sort:demand_desc,2026-07-22,65.69169444444444,204,63.465972222222206,0.16345315904139432,107,65.6944722222222,43.249010643821386,65.6944722222222,165,59.84841666666666,102.59372110202065,311,2271,194,10915.478916666667,28,59.38613888888887
피커 1명 · DD→PD (strict),sort:cells_asc,2026-07-22,65.69169444444445,204,67.39944444444446,0.5427314814814804,107,69.44111111111111,6.7162380581516095,69.44111111111111,212,63.404138888888895,99.78600132806376,311,2271,194,20233.031333333336,193,63.13277777777778
피커 1명 · DD→PD (strict),sort:code,2026-07-22,65.69169444444442,204,65.7444722222222,0.18731590413943355,107,67.78613888888887,12.725578400830738,67.78613888888887,199,55.21394444444442,121.5382086062334,311,2271,194,18102.548249999996,162,61.477805555555534
피커 1명 · DD→PD (strict),sort:random,2026-07-22,65.6916944444444,204,66.17322222222218,0.25917306644880184,107,68.21488888888884,13.366342419522317,68.21488888888884,195,61.265777777777735,121.67191180159428,311,2271,194,19010.720027777767,162,61.90655555555551
피커 1명 · DD→PD (strict),greedy:count:none:none,2026-07-22,65.69169444444442,204,66.1305833333333,0.17847562636165581,107,68.17224999999998,26.109221962616818,68.17224999999998,166,65.06836111111109,110.93899236452108,311,2271,194,16711.96016666666,128,61.86391666666665
피커 1명 · DD→PD (strict),greedy:count:time_asc:none,2026-07-22,65.69169444444442,204,65.7194722222222,0.16626157407407408,107,67.76113888888887,20.08625986500517,67.76113888888887,198,55.11866666666667,120.19804247026215,311,2271,194,17405.97613888889,170,61.452805555555535
피커 1명 · DD→PD (strict),greedy:count:time_asc:demand_desc,2026-07-22,65.69169444444442,204,65.7194722222222,0.16626157407407408,107,67.76113888888887,20.08625986500517,67.76113888888887,198,55.11866666666667,120.20203689348327,311,2271,194,17405.97613888889,170,61.452805555555535
피커 1명 · DD→PD (strict),greedy:count:time_asc:cells_asc,2026-07-22,65.69169444444442,204,65.7194722222222,0.16626157407407408,107,67.76113888888887,20.08625986500517,67.76113888888887,198,55.11866666666667,120.19804247026215,311,2271,194,17405.97613888889,170,61.452805555555535
피커 1명 · DD→PD (strict),greedy:count:time_asc:qty_desc,2026-07-22,65.69169444444442,204,65.7194722222222,0.16626157407407408,107,67.76113888888887,20.08625986500517,67.76113888888887,198,55.11866666666667,120.20203689348327,311,2271,194,17405.97613888889,170,61.452805555555535
피커 1명 · DD→PD (strict),greedy:count:demand_desc:none,2026-07-22,65.69169444444444,204,64.92216666666664,0.13316993464052287,107,66.96383333333331,48.82154101765315,66.96383333333331,161,62.19736111111109,101.58110804422616,311,2271,194,11467.12158333333,31,60.65549999999998
피커 1명 · DD→PD (strict),greedy:count:demand_desc:time_asc,2026-07-22,65.69169444444444,204,64.92494444444442,0.13316993464052287,107,66.96661111111109,48.92489148494286,66.96661111111109,166,61.235972222222216,102.51387175532747,311,2271,194,11449.552583333332,31,60.658277777777755
피커 1명 · DD→PD (strict),greedy:count:demand_desc:cells_asc,2026-07-22,65.69169444444444,204,64.92216666666664,0.13316993464052287,107,66.96383333333331,48.82154101765315,66.96383333333331,161,62.19736111111109,101.52635294839915,311,2271,194,11467.12158333333,31,60.65549999999998
피커 1명 · DD→PD (strict),greedy:count:demand_desc:qty_desc,2026-07-22,65.69169444444444,204,64.92216666666664,0.13316993464052287,107,66.96383333333331,48.82154101765315,66.96383333333331,161,62.19736111111109,101.58056338869487,311,2271,194,11467.158055555554,31,60.65549999999998
피커 1명 · DD→PD (strict),greedy:count:cells_asc:none,2026-07-22,65.69169444444442,204,66.1305833333333,0.20197017973856235,107,68.17224999999998,14.9378652647975,68.17224999999998,194,57.22574999999998,101.94383182143598,311,2271,194,18967.237999999994,175,61.86391666666665
피커 1명 · DD→PD (strict),greedy:count:cells_asc:time_asc,2026-07-22,65.69169444444445,204,66.08891666666668,0.17556535947712418,107,68.13058333333335,17.09039693665628,68.13058333333335,199,57.44388888888891,116.68783231221417,311,2271,194,18921.687638888896,173,61.82225000000001
피커 1명 · DD→PD (strict),greedy:count:cells_asc:demand_desc,2026-07-22,65.69169444444441,204,64.66247222222219,0.20669035947712444,107,66.70413888888885,17.74662149532709,66.70413888888885,185,63.14197222222219,105.69405779834581,311,2271,194,17643.640944444433,166,60.39580555555552
피커 1명 · DD→PD (strict),greedy:count:cells_asc:qty_desc,2026-07-22,65.69169444444441,204,64.66247222222219,0.20669035947712444,107,66.70413888888885,17.74662149532709,66.70413888888885,185,63.14197222222219,105.69405779834581,311,2271,194,17643.640944444433,166,60.39580555555552
피커 1명 · DD→PD (strict),greedy:count:qty_desc:none,2026-07-22,65.69169444444444,204,64.92216666666664,0.13316993464052287,107,66.96383333333331,48.82154101765315,66.96383333333331,161,62.19736111111109,101.57977606485755,311,2271,194,11467.158055555554,31,60.65549999999998
피커 1명 · DD→PD (strict),greedy:count:qty_desc:time_asc,2026-07-22,65.69169444444444,204,64.92494444444442,0.13316993464052287,107,66.96661111111109,48.92489148494286,66.96661111111109,166,61.235972222222216,102.51231293538484,311,2271,194,11449.577166666666,31,60.658277777777755
피커 1명 · DD→PD (strict),greedy:count:qty_desc:demand_desc,2026-07-22,65.69169444444444,204,64.92216666666664,0.13316993464052287,107,66.96383333333331,48.82154101765315,66.96383333333331,161,62.19736111111109,101.58056338869487,311,2271,194,11467.158055555554,31,60.65549999999998
피커 1명 · DD→PD (strict),greedy:count:qty_desc:cells_asc,2026-07-22,65.69169444444444,204,64.92216666666664,0.13316993464052287,107,66.96383333333331,48.82154101765315,66.96383333333331,161,62.19736111111109,101.5250209690305,311,2271,194,11467.158055555554,31,60.65549999999998
피커 1명 · DD→PD (strict),greedy:count_partial:none:none,2026-07-22,65.69169444444442,204,64.93327777777775,0.1315631808278867,107,66.97494444444442,46.498178868120426,66.97494444444442,159,64.89438888888886,100.8079078494528,311,2271,194,10708.993972222219,24,60.66661111111108
피커 1명 · DD→PD (strict),greedy:count_partial:time_asc:none,2026-07-22,65.69169444444442,204,64.93327777777775,0.1315631808278867,107,66.97494444444442,46.9017107995846,66.97494444444442,162,61.30424999999998,101.26269649761227,311,2271,194,10715.89569444444,24,60.66661111111108
피커 1명 · DD→PD (strict),greedy:count_partial:time_asc:demand_desc,2026-07-22,65.69169444444442,204,64.93327777777775,0.1315631808278867,107,66.97494444444442,46.9017107995846,66.97494444444442,162,61.30424999999998,101.26269649761227,311,2271,194,10715.89569444444,24,60.66661111111108
피커 1명 · DD→PD (strict),greedy:count_partial:time_asc:cells_asc,2026-07-22,65.69169444444442,204,64.93327777777775,0.1315631808278867,107,66.97494444444442,46.9017107995846,66.97494444444442,162,61.30424999999998,101.26269649761227,311,2271,194,10715.89569444444,24,60.66661111111108
피커 1명 · DD→PD (strict),greedy:count_partial:time_asc:qty_desc,2026-07-22,65.69169444444442,204,64.93327777777775,0.1315631808278867,107,66.97494444444442,46.9017107995846,66.97494444444442,162,61.30424999999998,101.26269649761227,311,2271,194,10715.89569444444,24,60.66661111111108
피커 1명 · DD→PD (strict),greedy:count_partial:demand_desc:none,2026-07-22,65.69169444444442,204,64.93327777777775,0.1315631808278867,107,66.97494444444442,46.35706879543092,66.97494444444442,161,54.63636111111109,101.39257383980242,311,2271,194,10718.941027777775,24,60.66661111111108
피커 1명 · DD→PD (strict),greedy:count_partial:demand_desc:time_asc,2026-07-22,65.69169444444442,204,64.93327777777775,0.1315631808278867,107,66.97494444444442,46.532315420560714,66.97494444444442,161,54.63636111111109,101.48648623987907,311,2271,194,10718.714055555554,24,60.66661111111108
피커 1명 · DD→PD (strict),greedy:count_partial:demand_desc:cells_asc,2026-07-22,65.69169444444442,204,64.93327777777775,0.1315631808278867,107,66.97494444444442,46.35706879543092,66.97494444444442,161,54.63636111111109,101.37523402200986,311,2271,194,10718.941027777775,24,60.66661111111108
피커 1명 · DD→PD (strict),greedy:count_partial:demand_desc:qty_desc,2026-07-22,65.69169444444442,204,64.93327777777775,0.1315631808278867,107,66.97494444444442,46.35706879543092,66.97494444444442,161,54.63636111111109,101.39257383980242,311,2271,194,10718.941027777775,24,60.66661111111108
피커 1명 · DD→PD (strict),greedy:count_partial:cells_asc:none,2026-07-22,65.69169444444442,204,64.93327777777775,0.1315631808278867,107,66.97494444444442,46.498178868120426,66.97494444444442,159,64.89438888888886,100.79056803166024,311,2271,194,10708.993972222219,24,60.66661111111108
피커 1명 · DD→PD (strict),greedy:count_partial:cells_asc:time_asc,2026-07-22,65.69169444444442,204,64.93327777777775,0.1315631808278867,107,66.97494444444442,46.9017107995846,66.97494444444442,162,61.30424999999998,101.24679502865497,311,2271,194,10715.89569444444,24,60.66661111111108
피커 1명 · DD→PD (strict),greedy:count_partial:cells_asc:demand_desc,2026-07-22,65.69169444444442,204,64.93327777777775,0.1315631808278867,107,66.97494444444442,46.35706879543092,66.97494444444442,161,54.63636111111109,101.37523402200986,311,2271,194,10718.941027777775,24,60.66661111111108
피커 1명 · DD→PD (strict),greedy:count_partial:cells_asc:qty_desc,2026-07-22,65.69169444444442,204,64.93327777777775,0.1315631808278867,107,66.97494444444442,46.35706879543092,66.97494444444442,161,54.63636111111109,101.37523402200986,311,2271,194,10718.941027777775,24,60.66661111111108
피커 1명 · DD→PD (strict),greedy:count_partial:qty_desc:none,2026-07-22,65.69169444444442,204,64.93327777777775,0.1315631808278867,107,66.97494444444442,46.35706879543092,66.97494444444442,161,54.63636111111109,101.39257383980242,311,2271,194,10718.941027777775,24,60.66661111111108
피커 1명 · DD→PD (strict),greedy:count_partial:qty_desc:time_asc,2026-07-22,65.69169444444442,204,64.93327777777775,0.1315631808278867,107,66.97494444444442,46.532315420560714,66.97494444444442,161,54.63636111111109,101.48648623987907,311,2271,194,10718.714055555554,24,60.66661111111108
피커 1명 · DD→PD (strict),greedy:count_partial:qty_desc:demand_desc,2026-07-22,65.69169444444442,204,64.93327777777775,0.1315631808278867,107,66.97494444444442,46.35706879543092,66.97494444444442,161,54.63636111111109,101.39257383980242,311,2271,194,10718.941027777775,24,60.66661111111108
피커 1명 · DD→PD (strict),greedy:count_partial:qty_desc:cells_asc,2026-07-22,65.69169444444442,204,64.93327777777775,0.1315631808278867,107,66.97494444444442,46.35706879543092,66.97494444444442,161,54.63636111111109,101.37523402200986,311,2271,194,10718.941027777775,24,60.66661111111108
피커 1명 · DD→PD (strict),greedy:count_ddweighted:none:none,2026-07-22,65.69169444444442,204,66.1305833333333,0.17795057189542487,107,68.17224999999998,25.95641770508826,68.17224999999998,166,65.06836111111109,110.93240080987661,311,2271,194,16754.197416666662,128,61.86391666666665
피커 1명 · DD→PD (strict),greedy:count_ddweighted:time_asc:none,2026-07-22,65.69169444444442,204,65.7194722222222,0.16626157407407408,107,67.76113888888887,19.978918224299044,67.76113888888887,198,55.11866666666667,119.76344233686875,311,2271,194,17376.265083333332,170,61.452805555555535
피커 1명 · DD→PD (strict),greedy:count_ddweighted:time_asc:demand_desc,2026-07-22,65.69169444444442,204,65.7194722222222,0.16626157407407408,107,67.76113888888887,19.978918224299044,67.76113888888887,198,55.11866666666667,119.76743676008985,311,2271,194,17376.265083333332,170,61.452805555555535
피커 1명 · DD→PD (strict),greedy:count_ddweighted:time_asc:cells_asc,2026-07-22,65.69169444444442,204,65.7194722222222,0.16626157407407408,107,67.76113888888887,19.978918224299044,67.76113888888887,198,55.11866666666667,119.76344233686875,311,2271,194,17376.265083333332,170,61.452805555555535
피커 1명 · DD→PD (strict),greedy:count_ddweighted:time_asc:qty_desc,2026-07-22,65.69169444444442,204,65.7194722222222,0.16626157407407408,107,67.76113888888887,19.978918224299044,67.76113888888887,198,55.11866666666667,119.76743676008985,311,2271,194,17376.265083333332,170,61.452805555555535
피커 1명 · DD→PD (strict),greedy:count_ddweighted:demand_desc:none,2026-07-22,65.69169444444444,204,64.92216666666664,0.13316993464052287,107,66.96383333333331,48.78878868120455,66.96383333333331,161,62.19736111111109,101.49378395800716,311,2271,194,11463.760999999999,31,60.65549999999998
피커 1명 · DD→PD (strict),greedy:count_ddweighted:demand_desc:time_asc,2026-07-22,65.69169444444444,204,64.92494444444442,0.13316993464052287,107,66.96661111111109,48.89949350986498,66.96661111111109,166,61.235972222222216,102.43873024616742,311,2271,194,11447.067805555555,31,60.658277777777755
피커 1명 · DD→PD (strict),greedy:count_ddweighted:demand_desc:cells_asc,2026-07-22,65.69169444444444,204,64.92216666666664,0.13316993464052287,107,66.96383333333331,48.78878868120455,66.96383333333331,161,62.19736111111109,101.43902886218012,311,2271,194,11463.760999999999,31,60.65549999999998
피커 1명 · DD→PD (strict),greedy:count_ddweighted:demand_desc:qty_desc,2026-07-22,65.69169444444444,204,64.92216666666664,0.13316993464052287,107,66.96383333333331,48.78878868120455,66.96383333333331,161,62.19736111111109,101.49323930247584,311,2271,194,11463.797472222219,31,60.65549999999998
피커 1명 · DD→PD (strict),greedy:count_ddweighted:cells_asc:none,2026-07-22,65.69169444444442,204,66.1305833333333,0.17833088235294114,107,68.17224999999998,14.508744807892004,68.17224999999998,192,55.55505555555553,100.8550440652579,311,2271,194,18804.582527777773,179,61.86391666666665
피커 1명 · DD→PD (strict),greedy:count_ddweighted:cells_asc:time_asc,2026-07-22,65.69169444444445,204,66.08891666666668,0.17405419389978213,107,68.13058333333335,16.73956074766354,68.13058333333335,200,57.73408333333335,116.82840183128722,311,2271,194,18912.6903888889,174,61.82225000000001
피커 1명 · DD→PD (strict),greedy:count_ddweighted:cells_asc:demand_desc,2026-07-22,65.69169444444441,204,64.66247222222218,0.20763357843137284,107,66.70413888888885,17.69669522326063,66.70413888888885,185,63.141972222222186,105.68360242513683,311,2271,194,17638.613749999986,166,60.39580555555551
피커 1명 · DD→PD (strict),greedy:count_ddweighted:cells_asc:qty_desc,2026-07-22,65.69169444444441,204,64.66247222222218,0.20763357843137284,107,66.70413888888885,17.69669522326063,66.70413888888885,185,63.141972222222186,105.68360242513683,311,2271,194,17638.613749999986,166,60.39580555555551
피커 1명 · DD→PD (strict),greedy:count_ddweighted:qty_desc:none,2026-07-22,65.69169444444444,204,64.92216666666664,0.13316993464052287,107,66.96383333333331,48.78878868120455,66.96383333333331,161,62.19736111111109,101.49245197863853,311,2271,194,11463.797472222219,31,60.65549999999998
피커 1명 · DD→PD (strict),greedy:count_ddweighted:qty_desc:time_asc,2026-07-22,65.69169444444444,204,64.92494444444442,0.13316993464052287,107,66.96661111111109,48.89949350986498,66.96661111111109,166,61.235972222222216,102.4371714262248,311,2271,194,11447.092388888886,31,60.658277777777755
피커 1명 · DD→PD (strict),greedy:count_ddweighted:qty_desc:demand_desc,2026-07-22,65.69169444444444,204,64.92216666666664,0.13316993464052287,107,66.96383333333331,48.78878868120455,66.96383333333331,161,62.19736111111109,101.49323930247584,311,2271,194,11463.797472222219,31,60.65549999999998
피커 1명 · DD→PD (strict),greedy:count_ddweighted:qty_desc:cells_asc,2026-07-22,65.69169444444444,204,64.92216666666664,0.13316993464052287,107,66.96383333333331,48.78878868120455,66.96383333333331,161,62.19736111111109,101.4376968828115,311,2271,194,11463.797472222219,31,60.65549999999998
피커 1명 · DD→PD (strict),search:genetic,2026-07-22,65.69169444444441,204,64.93327777777775,0.1317538126361656,107,66.9749444444444,46.34820534787121,66.9749444444444,159,64.89438888888886,100.97104721583277,311,2271,194,10804.630805555551,24,60.666611111111074
피커 1명 · DD→PD (strict),sort:qty_desc,2026-07-23,61.967027777777766,228,62.01424999999999,0.20748294346978557,120,64.23369444444444,44.62810787037036,64.23369444444444,156,57.742222222222196,98.65494399140638,348,2415,177,11539.91288888889,26,57.5253611111111
피커 1명 · DD→PD (strict),sort:qty_asc,2026-07-23,61.96702777777781,228,64.44469444444448,0.8413508771929833,120,66.66413888888891,6.7847090277777795,66.66413888888891,207,61.22525000000003,96.80018700709071,348,2415,177,21594.260361111115,175,59.955805555555585
피커 1명 · DD→PD (strict),sort:time_asc,2026-07-23,61.967027777777766,228,63.38427777777776,0.39528752436646925,120,65.6037222222222,5.54508935185185,65.6037222222222,215,58.32077777777776,127.29154214657535,348,2415,177,21147.031749999995,175,58.895388888888874
피커 1명 · DD→PD (strict),sort:demand_desc,2026-07-23,61.967027777777766,228,62.01424999999999,0.20748294346978557,120,64.23369444444444,44.63106944444443,64.23369444444444,156,57.742222222222196,98.65566315359757,348,2415,177,11538.846722222223,26,57.5253611111111
피커 1명 · DD→PD (strict),sort:cells_asc,2026-07-23,61.967027777777794,228,63.875361111111125,0.5120614035087719,120,66.09480555555557,7.24646643518519,66.09480555555557,199,60.40580555555556,92.0798886111827,348,2415,177,21318.476666666666,175,59.38647222222224
피커 1명 · DD→PD (strict),sort:code,2026-07-23,61.967027777777794,228,62.473250000000014,0.2895462962962961,120,64.69269444444446,9.747262037037043,64.69269444444446,200,55.44016666666668,115.02067037450995,348,2415,177,20074.43252777778,167,57.98436111111112
피커 1명 · DD→PD (strict),sort:random,2026-07-23,61.96702777777782,228,62.05036111111116,0.23742336744639378,120,64.2698055555556,13.791231250000019,64.2698055555556,185,52.92427777777781,112.44404470217354,348,2415,177,19079.83816666668,149,57.56147222222227
피커 1명 · DD→PD (strict),greedy:count:none:none,2026-07-23,61.96702777777778,228,62.16411111111112,0.247609283625731,120,64.38355555555556,15.103072916666669,64.38355555555556,166,54.35930555555556,107.37440633564127,348,2415,177,18202.05636111111,126,57.675222222222224
피커 1명 · DD→PD (strict),greedy:count:time_asc:none,2026-07-23,61.967027777777744,228,62.775361111111074,0.2440654239766082,120,64.99480555555552,17.169176388888875,64.99480555555552,163,61.967027777777744,110.71833090935044,348,2415,177,17700.699999999993,123,58.28647222222219
피커 1명 · DD→PD (strict),greedy:count:time_asc:demand_desc,2026-07-23,61.967027777777744,228,62.775361111111074,0.2440654239766082,120,64.99480555555552,17.169176388888875,64.99480555555552,163,61.967027777777744,110.71833090935044,348,2415,177,17700.699999999993,123,58.28647222222219
피커 1명 · DD→PD (strict),greedy:count:time_asc:cells_asc,2026-07-23,61.967027777777744,228,62.775361111111074,0.2440654239766082,120,64.99480555555552,17.169176388888875,64.99480555555552,163,61.967027777777744,110.71833090935044,348,2415,177,17700.699999999993,123,58.28647222222219
피커 1명 · DD→PD (strict),greedy:count:time_asc:qty_desc,2026-07-23,61.967027777777744,228,62.775361111111074,0.2440654239766082,120,64.99480555555552,17.169176388888875,64.99480555555552,163,61.967027777777744,110.71833090935044,348,2415,177,17700.699999999993,123,58.28647222222219
피커 1명 · DD→PD (strict),greedy:count:demand_desc:none,2026-07-23,61.96702777777776,228,61.0877222222222,0.1960891812865497,120,63.30716666666664,45.457840740740714,63.30716666666664,152,61.04049999999997,94.85481808712196,348,2415,177,11229.493666666662,27,56.5988333333333
피커 1명 · DD→PD (strict),greedy:count:demand_desc:time_asc,2026-07-23,61.96702777777776,228,61.262638888888866,0.1960891812865497,120,63.48208333333331,45.72428657407405,63.48208333333331,154,61.21541666666664,95.11632984809799,348,2415,177,11222.017388888888,27,56.77374999999998
피커 1명 · DD→PD (strict),greedy:count:demand_desc:cells_asc,2026-07-23,61.96702777777776,228,61.0877222222222,0.1960891812865497,120,63.30716666666664,45.502756944444414,63.30716666666664,152,61.04049999999997,94.72199478907513,348,2415,177,11215.811499999993,27,56.5988333333333
피커 1명 · DD→PD (strict),greedy:count:demand_desc:qty_desc,2026-07-23,61.96702777777776,228,61.0877222222222,0.1960891812865497,120,63.30716666666664,45.45191759259257,63.30716666666664,152,61.04049999999997,94.85345348823942,348,2415,177,11230.55983333333,27,56.5988333333333
피커 1명 · DD→PD (strict),greedy:count:cells_asc:none,2026-07-23,61.967027777777794,228,62.775361111111124,0.24562987329434696,120,64.99480555555557,10.774469675925934,64.99480555555557,169,50.734611111111114,96.46059962911568,348,2415,177,19466.394944444448,150,58.28647222222224
피커 1명 · DD→PD (strict),greedy:count:cells_asc:time_asc,2026-07-23,61.96702777777778,228,62.77536111111112,0.25412573099415203,120,64.99480555555556,9.21768217592593,64.99480555555556,171,54.068888888888885,100.92772157433093,348,2415,177,19853.75175,166,58.28647222222223
피커 1명 · DD→PD (strict),greedy:count:cells_asc:demand_desc,2026-07-23,61.967027777777794,228,62.775361111111124,0.2584042397660819,120,64.99480555555557,13.051203240740746,64.99480555555557,164,61.019472222222234,93.29746736170799,348,2415,177,19029.390972222227,139,58.28647222222224
피커 1명 · DD→PD (strict),greedy:count:cells_asc:qty_desc,2026-07-23,61.967027777777794,228,62.775361111111124,0.2584042397660819,120,64.99480555555557,13.045280092592602,64.99480555555557,164,61.019472222222234,93.26886635812352,348,2415,177,19030.812527777784,139,58.28647222222224
피커 1명 · DD→PD (strict),greedy:count:qty_desc:none,2026-07-23,61.96702777777776,228,61.0877222222222,0.1960891812865497,120,63.30716666666664,45.45191759259257,63.30716666666664,152,61.04049999999997,94.85535866134164,348,2415,177,11230.55983333333,27,56.5988333333333
피커 1명 · DD→PD (strict),greedy:count:qty_desc:time_asc,2026-07-23,61.96702777777776,228,61.262638888888866,0.1960891812865497,120,63.48208333333331,45.709478703703674,63.48208333333331,154,61.21541666666664,95.1418396704232,348,2415,177,11225.926666666666,27,56.77374999999998
피커 1명 · DD→PD (strict),greedy:count:qty_desc:demand_desc,2026-07-23,61.96702777777776,228,61.0877222222222,0.1960891812865497,120,63.30716666666664,45.45191759259257,63.30716666666664,152,61.04049999999997,94.85345348823942,348,2415,177,11230.55983333333,27,56.5988333333333
피커 1명 · DD→PD (strict),greedy:count:qty_desc:cells_asc,2026-07-23,61.96702777777776,228,61.0877222222222,0.1960891812865497,120,63.30716666666664,45.49683379629627,63.30716666666664,152,61.04049999999997,94.72253536329482,348,2415,177,11216.877666666662,27,56.5988333333333
피커 1명 · DD→PD (strict),greedy:count_partial:none:none,2026-07-23,61.967027777777766,228,60.12483333333331,0.1975019493177388,120,62.344277777777755,44.76194768518517,62.344277777777755,149,60.07761111111108,93.21897536707012,348,2415,177,10888.729916666662,27,55.63594444444442
피커 1명 · DD→PD (strict),greedy:count_partial:time_asc:none,2026-07-23,61.967027777777766,228,61.05136111111109,0.1975019493177388,120,63.27080555555554,45.716334259259256,63.27080555555554,153,61.00413888888887,94.20008086931439,348,2415,177,10999.45794444444,27,56.562472222222205
피커 1명 · DD→PD (strict),greedy:count_partial:time_asc:demand_desc,2026-07-23,61.967027777777766,228,61.05136111111109,0.1975019493177388,120,63.27080555555554,45.716334259259256,63.27080555555554,153,61.00413888888887,94.20008086931439,348,2415,177,10999.45794444444,27,56.562472222222205
피커 1명 · DD→PD (strict),greedy:count_partial:time_asc:cells_asc,2026-07-23,61.967027777777766,228,61.05136111111109,0.1975019493177388,120,63.27080555555554,45.716334259259256,63.27080555555554,153,61.00413888888887,94.20008086931439,348,2415,177,10999.45794444444,27,56.562472222222205
피커 1명 · DD→PD (strict),greedy:count_partial:time_asc:qty_desc,2026-07-23,61.967027777777766,228,61.05136111111109,0.1975019493177388,120,63.27080555555554,45.716334259259256,63.27080555555554,153,61.00413888888887,94.20008086931439,348,2415,177,10999.45794444444,27,56.562472222222205
피커 1명 · DD→PD (strict),greedy:count_partial:demand_desc:none,2026-07-23,61.967027777777766,228,60.12483333333331,0.1975019493177388,120,62.344277777777755,44.75739259259258,62.344277777777755,149,60.07761111111108,93.21147757479301,348,2415,177,10888.491444444438,27,55.63594444444442
피커 1명 · DD→PD (strict),greedy:count_partial:demand_desc:time_asc,2026-07-23,61.967027777777766,228,61.05136111111109,0.1975019493177388,120,63.27080555555554,45.722730092592585,63.27080555555554,153,61.00413888888887,94.21800251037318,348,2415,177,11000.70719444444,27,56.562472222222205
피커 1명 · DD→PD (strict),greedy:count_partial:demand_desc:cells_asc,2026-07-23,61.967027777777766,228,60.12483333333331,0.1975019493177388,120,62.344277777777755,44.75739259259258,62.344277777777755,149,60.07761111111108,93.17720106184564,348,2415,177,10888.491444444438,27,55.63594444444442
피커 1명 · DD→PD (strict),greedy:count_partial:demand_desc:qty_desc,2026-07-23,61.967027777777766,228,60.12483333333331,0.1975019493177388,120,62.344277777777755,44.75739259259258,62.344277777777755,149,60.07761111111108,93.21147757479301,348,2415,177,10888.491444444438,27,55.63594444444442
피커 1명 · DD→PD (strict),greedy:count_partial:cells_asc:none,2026-07-23,61.967027777777766,228,60.12483333333331,0.1975019493177388,120,62.344277777777755,44.76194768518517,62.344277777777755,149,60.07761111111108,93.18469885412274,348,2415,177,10888.729916666662,27,55.63594444444442
피커 1명 · DD→PD (strict),greedy:count_partial:cells_asc:time_asc,2026-07-23,61.967027777777766,228,61.05136111111109,0.1975019493177388,120,63.27080555555554,45.716334259259256,63.27080555555554,153,61.00413888888887,94.15710071654077,348,2415,177,10999.45794444444,27,56.562472222222205
피커 1명 · DD→PD (strict),greedy:count_partial:cells_asc:demand_desc,2026-07-23,61.967027777777766,228,60.12483333333331,0.1975019493177388,120,62.344277777777755,44.75739259259258,62.344277777777755,149,60.07761111111108,93.17720106184564,348,2415,177,10888.491444444438,27,55.63594444444442
피커 1명 · DD→PD (strict),greedy:count_partial:cells_asc:qty_desc,2026-07-23,61.967027777777766,228,60.12483333333331,0.1975019493177388,120,62.344277777777755,44.75739259259258,62.344277777777755,149,60.07761111111108,93.17720106184564,348,2415,177,10888.491444444438,27,55.63594444444442
피커 1명 · DD→PD (strict),greedy:count_partial:qty_desc:none,2026-07-23,61.967027777777766,228,60.12483333333331,0.1975019493177388,120,62.344277777777755,44.75739259259258,62.344277777777755,149,60.07761111111108,93.21147757479301,348,2415,177,10888.491444444438,27,55.63594444444442
피커 1명 · DD→PD (strict),greedy:count_partial:qty_desc:time_asc,2026-07-23,61.967027777777766,228,61.05136111111109,0.1975019493177388,120,63.27080555555554,45.722730092592585,63.27080555555554,153,61.00413888888887,94.21800251037318,348,2415,177,11000.70719444444,27,56.562472222222205
피커 1명 · DD→PD (strict),greedy:count_partial:qty_desc:demand_desc,2026-07-23,61.967027777777766,228,60.12483333333331,0.1975019493177388,120,62.344277777777755,44.75739259259258,62.344277777777755,149,60.07761111111108,93.21147757479301,348,2415,177,10888.491444444438,27,55.63594444444442
피커 1명 · DD→PD (strict),greedy:count_partial:qty_desc:cells_asc,2026-07-23,61.967027777777766,228,60.12483333333331,0.1975019493177388,120,62.344277777777755,44.75739259259258,62.344277777777755,149,60.07761111111108,93.17720106184564,348,2415,177,10888.491444444438,27,55.63594444444442
피커 1명 · DD→PD (strict),greedy:count_ddweighted:none:none,2026-07-23,61.96702777777778,228,62.16411111111112,0.247609283625731,120,64.38355555555556,15.095660879629632,64.38355555555556,166,54.35930555555556,107.35762151135903,348,2415,177,18199.834694444446,126,57.675222222222224
피커 1명 · DD→PD (strict),greedy:count_ddweighted:time_asc:none,2026-07-23,61.967027777777744,228,62.775361111111074,0.2440654239766082,120,64.99480555555552,17.040293287037024,64.99480555555552,163,61.967027777777744,110.34239659323201,348,2415,177,17684.66438888888,123,58.28647222222219
피커 1명 · DD→PD (strict),greedy:count_ddweighted:time_asc:demand_desc,2026-07-23,61.967027777777744,228,62.775361111111074,0.2440654239766082,120,64.99480555555552,17.040293287037024,64.99480555555552,163,61.967027777777744,110.34239659323201,348,2415,177,17684.66438888888,123,58.28647222222219
피커 1명 · DD→PD (strict),greedy:count_ddweighted:time_asc:cells_asc,2026-07-23,61.967027777777744,228,62.775361111111074,0.2440654239766082,120,64.99480555555552,17.040293287037024,64.99480555555552,163,61.967027777777744,110.34239659323201,348,2415,177,17684.66438888888,123,58.28647222222219
피커 1명 · DD→PD (strict),greedy:count_ddweighted:time_asc:qty_desc,2026-07-23,61.967027777777744,228,62.775361111111074,0.2440654239766082,120,64.99480555555552,17.040293287037024,64.99480555555552,163,61.967027777777744,110.34239659323201,348,2415,177,17684.66438888888,123,58.28647222222219
피커 1명 · DD→PD (strict),greedy:count_ddweighted:demand_desc:none,2026-07-23,61.96702777777776,228,61.0877222222222,0.1960891812865497,120,63.30716666666664,45.451495138888866,63.30716666666664,152,61.04049999999997,94.82483552415076,348,2415,177,11228.357027777773,27,56.5988333333333
피커 1명 · DD→PD (strict),greedy:count_ddweighted:demand_desc:time_asc,2026-07-23,61.96702777777776,228,61.262638888888866,0.1960891812865497,120,63.48208333333331,45.72221504629628,63.48208333333331,154,61.21541666666664,95.10853937353276,348,2415,177,11221.771416666665,27,56.77374999999998
피커 1명 · DD→PD (strict),greedy:count_ddweighted:demand_desc:cells_asc,2026-07-23,61.96702777777776,228,61.0877222222222,0.1960891812865497,120,63.30716666666664,45.49641134259256,63.30716666666664,152,61.04049999999997,94.69201222610394,348,2415,177,11214.674861111107,27,56.5988333333333
피커 1명 · DD→PD (strict),greedy:count_ddweighted:demand_desc:qty_desc,2026-07-23,61.96702777777776,228,61.0877222222222,0.1960891812865497,120,63.30716666666664,45.44557199074071,63.30716666666664,152,61.04049999999997,94.82347092526824,348,2415,177,11229.42319444444,27,56.5988333333333
피커 1명 · DD→PD (strict),greedy:count_ddweighted:cells_asc:none,2026-07-23,61.967027777777794,228,62.775361111111124,0.24599829434697856,120,64.99480555555557,10.787712037037045,64.99480555555557,167,50.73838888888889,96.4766068912345,348,2415,177,19443.107277777784,149,58.28647222222224
피커 1명 · DD→PD (strict),greedy:count_ddweighted:cells_asc:time_asc,2026-07-23,61.96702777777778,228,62.77536111111112,0.25394298245614033,120,64.99480555555556,9.212251620370372,64.99480555555556,171,54.068888888888885,100.9146517264414,348,2415,177,19717.92191666667,165,58.28647222222223
피커 1명 · DD→PD (strict),greedy:count_ddweighted:cells_asc:demand_desc,2026-07-23,61.967027777777794,228,62.775361111111124,0.2598909600389864,120,64.99480555555557,13.049116435185192,64.99480555555557,164,61.019472222222234,93.33648458231492,348,2415,177,19029.390972222227,139,58.28647222222224
피커 1명 · DD→PD (strict),greedy:count_ddweighted:cells_asc:qty_desc,2026-07-23,61.967027777777794,228,62.775361111111124,0.2598909600389864,120,64.99480555555557,13.043193287037045,64.99480555555557,164,61.019472222222234,93.30788357873044,348,2415,177,19030.812527777784,139,58.28647222222224
피커 1명 · DD→PD (strict),greedy:count_ddweighted:qty_desc:none,2026-07-23,61.96702777777776,228,61.0877222222222,0.1960891812865497,120,63.30716666666664,45.44557199074071,63.30716666666664,152,61.04049999999997,94.82537609837046,348,2415,177,11229.42319444444,27,56.5988333333333
피커 1명 · DD→PD (strict),greedy:count_ddweighted:qty_desc:time_asc,2026-07-23,61.96702777777776,228,61.262638888888866,0.1960891812865497,120,63.48208333333331,45.7074071759259,63.48208333333331,154,61.21541666666664,95.13404919585795,348,2415,177,11225.680694444445,27,56.77374999999998
피커 1명 · DD→PD (strict),greedy:count_ddweighted:qty_desc:demand_desc,2026-07-23,61.96702777777776,228,61.0877222222222,0.1960891812865497,120,63.30716666666664,45.44557199074071,63.30716666666664,152,61.04049999999997,94.82347092526824,348,2415,177,11229.42319444444,27,56.5988333333333
피커 1명 · DD→PD (strict),greedy:count_ddweighted:qty_desc:cells_asc,2026-07-23,61.96702777777776,228,61.0877222222222,0.1960891812865497,120,63.30716666666664,45.49048819444442,63.30716666666664,152,61.04049999999997,94.69255280032364,348,2415,177,11215.741027777774,27,56.5988333333333
피커 1명 · DD→PD (strict),search:genetic,2026-07-23,61.96702777777775,228,60.12483333333329,0.2066423001949318,120,62.344277777777734,40.98101249999996,62.344277777777734,149,60.07761111111107,97.80970453494348,348,2415,177,11822.077305555551,33,55.635944444444405
피커 1명 · DD→PD (strict),sort:qty_desc,2026-07-24,62.720333333333315,132,62.74533333333331,0.05010521885521885,55,63.89533333333331,38.52072626262625,63.89533333333331,159,55.374611111111086,89.45040674158084,187,1444,184,7207.230638888886,39,59.8842222222222
피커 1명 · DD→PD (strict),sort:qty_asc,2026-07-24,62.72033333333336,132,63.67311111111114,0.22194318181818157,55,64.82311111111113,3.5076570707070713,64.82311111111113,178,60.12069444444447,92.65404742478677,187,1444,184,11440.96083333334,182,60.812000000000026
피커 1명 · DD→PD (strict),sort:time_asc,2026-07-24,62.72033333333331,132,63.239777777777746,0.11016414141414141,55,64.38977777777775,7.863945454545443,64.38977777777775,175,58.238611111111084,111.2741799940639,187,1444,184,10867.206138888885,174,60.37866666666664
피커 1명 · DD→PD (strict),sort:demand_desc,2026-07-24,62.720333333333315,132,62.74533333333331,0.05010521885521885,55,63.89533333333331,38.52072626262625,63.89533333333331,159,55.374611111111086,89.4582620361772,187,1444,184,7207.230638888886,39,59.8842222222222
피커 1명 · DD→PD (strict),sort:cells_asc,2026-07-24,62.720333333333336,132,63.67311111111111,0.19539141414141414,55,64.82311111111112,5.218708080808075,64.82311111111112,178,60.22472222222223,91.16415013164027,187,1444,184,11296.470638888888,179,60.812000000000005
피커 1명 · DD→PD (strict),sort:code,2026-07-24,62.72033333333332,132,62.90088888888888,0.07564604377104371,55,64.05088888888888,8.682547474747478,64.05088888888888,168,57.12488888888888,97.1499289627345,187,1444,184,10600.669277777775,168,60.039777777777765
피커 1명 · DD→PD (strict),sort:random,2026-07-24,62.72033333333336,132,62.74533333333336,0.0737584175084175,55,63.89533333333336,14.661512626262635,63.89533333333336,171,59.39436111111114,97.19680623519714,187,1444,184,10542.559916666673,158,59.88422222222225
피커 1명 · DD→PD (strict),greedy:count:none:none,2026-07-24,62.72033333333333,132,63.07866666666666,0.06148989898989899,55,64.22866666666665,11.113468686868679,64.22866666666665,149,50.81847222222222,91.63327079635607,187,1444,184,9869.59638888889,162,60.21755555555555
피커 1명 · DD→PD (strict),greedy:count:time_asc:none,2026-07-24,62.72033333333333,132,62.14494444444444,0.06348905723905723,55,63.29494444444444,12.237516161616153,63.29494444444444,153,51.599000000000004,102.63091619569406,187,1444,184,9666.70302777778,147,59.28383333333333
피커 1명 · DD→PD (strict),greedy:count:time_asc:demand_desc,2026-07-24,62.72033333333333,132,62.14494444444444,0.06348905723905723,55,63.29494444444444,12.237516161616153,63.29494444444444,153,51.599000000000004,102.63091619569406,187,1444,184,9666.70302777778,147,59.28383333333333
피커 1명 · DD→PD (strict),greedy:count:time_asc:cells_asc,2026-07-24,62.72033333333333,132,62.14494444444444,0.06348905723905723,55,63.29494444444444,12.237516161616153,63.29494444444444,153,51.599000000000004,102.63091619569406,187,1444,184,9666.70302777778,147,59.28383333333333
피커 1명 · DD→PD (strict),greedy:count:time_asc:qty_desc,2026-07-24,62.72033333333333,132,62.14494444444444,0.06348905723905723,55,63.29494444444444,12.237516161616153,63.29494444444444,153,51.599000000000004,102.63091619569406,187,1444,184,9666.70302777778,147,59.28383333333333
피커 1명 · DD→PD (strict),greedy:count:demand_desc:none,2026-07-24,62.72033333333334,132,62.74533333333334,0.047664141414141416,55,63.89533333333335,39.51747323232324,63.89533333333335,149,56.543722222222236,87.54012421355759,187,1444,184,6850.021611111111,40,59.884222222222235
피커 1명 · DD→PD (strict),greedy:count:demand_desc:time_asc,2026-07-24,62.72033333333334,132,62.734222222222236,0.047664141414141416,55,63.884222222222235,39.440832828282836,63.884222222222235,149,56.446055555555574,88.1715534004223,187,1444,184,6844.677388888889,40,59.87311111111112
피커 1명 · DD→PD (strict),greedy:count:demand_desc:cells_asc,2026-07-24,62.72033333333334,132,62.74533333333334,0.047664141414141416,55,63.89533333333335,39.51747323232324,63.89533333333335,149,56.543722222222236,87.51131842353293,187,1444,184,6850.021611111111,40,59.884222222222235
피커 1명 · DD→PD (strict),greedy:count:demand_desc:qty_desc,2026-07-24,62.72033333333334,132,62.74533333333334,0.047664141414141416,55,63.89533333333335,39.51007828282829,63.89533333333335,149,56.543722222222236,87.54091761178873,187,1444,184,6850.835055555555,40,59.884222222222235
피커 1명 · DD→PD (strict),greedy:count:cells_asc:none,2026-07-24,62.72033333333333,132,63.07866666666666,0.06276094276094277,55,64.22866666666665,11.12541919191918,64.22866666666665,154,52.73702777777778,87.36655923800032,187,1444,184,10387.841666666667,164,60.21755555555555
피커 1명 · DD→PD (strict),greedy:count:cells_asc:time_asc,2026-07-24,62.72033333333332,132,63.078666666666656,0.06353114478114479,55,64.22866666666665,12.042467171717163,64.22866666666665,150,52.243249999999996,97.314988720855,187,1444,184,10035.69836111111,157,60.21755555555554
피커 1명 · DD→PD (strict),greedy:count:cells_asc:demand_desc,2026-07-24,62.720333333333336,132,63.07866666666667,0.06755050505050506,55,64.22866666666667,27.872586363636362,64.22866666666667,150,50.784416666666665,88.78993889886482,187,1444,184,9569.865861111111,131,60.217555555555556
피커 1명 · DD→PD (strict),greedy:count:cells_asc:qty_desc,2026-07-24,62.720333333333336,132,63.07866666666667,0.06755050505050506,55,64.22866666666667,27.79124191919192,64.22866666666667,150,50.784416666666665,88.76189154029527,187,1444,184,9571.899472222223,131,60.217555555555556
피커 1명 · DD→PD (strict),greedy:count:qty_desc:none,2026-07-24,62.72033333333334,132,62.74533333333334,0.047664141414141416,55,63.89533333333335,39.50268333333334,63.89533333333335,149,56.543722222222236,87.52261858803809,187,1444,184,6852.868666666666,40,59.884222222222235
피커 1명 · DD→PD (strict),greedy:count:qty_desc:time_asc,2026-07-24,62.72033333333334,132,62.734222222222236,0.047664141414141416,55,63.884222222222235,39.433437878787885,63.884222222222235,149,56.446055555555574,88.16803792624853,187,1444,184,6848.337888888888,40,59.87311111111112
피커 1명 · DD→PD (strict),greedy:count:qty_desc:demand_desc,2026-07-24,62.72033333333334,132,62.74533333333334,0.047664141414141416,55,63.89533333333335,39.51007828282829,63.89533333333335,149,56.543722222222236,87.54091761178873,187,1444,184,6850.835055555555,40,59.884222222222235
피커 1명 · DD→PD (strict),greedy:count:qty_desc:cells_asc,2026-07-24,62.72033333333334,132,62.74533333333334,0.047664141414141416,55,63.89533333333335,39.50268333333334,63.89533333333335,149,56.543722222222236,87.49381279801342,187,1444,184,6852.868666666666,40,59.884222222222235
피커 1명 · DD→PD (strict),greedy:count_partial:none:none,2026-07-24,62.72033333333332,132,62.74533333333332,0.047664141414141416,55,63.89533333333332,40.82546919191918,63.89533333333332,151,54.87199999999999,86.98870548709868,187,1444,184,6760.317527777776,37,59.884222222222206
피커 1명 · DD→PD (strict),greedy:count_partial:time_asc:none,2026-07-24,62.72033333333332,132,62.73422222222221,0.047664141414141416,55,63.884222222222206,40.79826212121211,63.884222222222206,150,54.382666666666665,86.91767746513658,187,1444,184,6753.593111111111,37,59.8731111111111
피커 1명 · DD→PD (strict),greedy:count_partial:time_asc:demand_desc,2026-07-24,62.72033333333332,132,62.73422222222221,0.047664141414141416,55,63.884222222222206,40.79826212121211,63.884222222222206,150,54.382666666666665,86.91767746513658,187,1444,184,6753.593111111111,37,59.8731111111111
피커 1명 · DD→PD (strict),greedy:count_partial:time_asc:cells_asc,2026-07-24,62.72033333333332,132,62.73422222222221,0.047664141414141416,55,63.884222222222206,40.79826212121211,63.884222222222206,150,54.382666666666665,86.91767746513658,187,1444,184,6753.593111111111,37,59.8731111111111
피커 1명 · DD→PD (strict),greedy:count_partial:time_asc:qty_desc,2026-07-24,62.72033333333332,132,62.73422222222221,0.047664141414141416,55,63.884222222222206,40.79826212121211,63.884222222222206,150,54.382666666666665,86.91767746513658,187,1444,184,6753.593111111111,37,59.8731111111111
피커 1명 · DD→PD (strict),greedy:count_partial:demand_desc:none,2026-07-24,62.72033333333332,132,62.74533333333332,0.047664141414141416,55,63.89533333333332,40.8136505050505,63.89533333333332,150,54.23311111111111,87.01435724744286,187,1444,184,6759.2195277777755,37,59.884222222222206
피커 1명 · DD→PD (strict),greedy:count_partial:demand_desc:time_asc,2026-07-24,62.72033333333332,132,62.73422222222221,0.047664141414141416,55,63.884222222222206,40.79941515151514,63.884222222222206,150,54.135444444444445,86.92906003568955,187,1444,184,6757.681333333332,37,59.8731111111111
피커 1명 · DD→PD (strict),greedy:count_partial:demand_desc:cells_asc,2026-07-24,62.72033333333332,132,62.74533333333332,0.047664141414141416,55,63.89533333333332,40.8136505050505,63.89533333333332,150,54.23311111111111,86.99683031972425,187,1444,184,6759.2195277777755,37,59.884222222222206
피커 1명 · DD→PD (strict),greedy:count_partial:demand_desc:qty_desc,2026-07-24,62.72033333333332,132,62.74533333333332,0.047664141414141416,55,63.89533333333332,40.8136505050505,63.89533333333332,150,54.23311111111111,87.01435724744286,187,1444,184,6759.2195277777755,37,59.884222222222206
피커 1명 · DD→PD (strict),greedy:count_partial:cells_asc:none,2026-07-24,62.72033333333332,132,62.74533333333332,0.047664141414141416,55,63.89533333333332,40.82546919191918,63.89533333333332,151,54.87199999999999,86.97117855938009,187,1444,184,6760.317527777776,37,59.884222222222206
피커 1명 · DD→PD (strict),greedy:count_partial:cells_asc:time_asc,2026-07-24,62.72033333333332,132,62.73422222222221,0.047664141414141416,55,63.884222222222206,40.79826212121211,63.884222222222206,150,54.382666666666665,86.90014748903397,187,1444,184,6753.593111111111,37,59.8731111111111
피커 1명 · DD→PD (strict),greedy:count_partial:cells_asc:demand_desc,2026-07-24,62.72033333333332,132,62.74533333333332,0.047664141414141416,55,63.89533333333332,40.8136505050505,63.89533333333332,150,54.23311111111111,86.99683031972425,187,1444,184,6759.2195277777755,37,59.884222222222206
피커 1명 · DD→PD (strict),greedy:count_partial:cells_asc:qty_desc,2026-07-24,62.72033333333332,132,62.74533333333332,0.047664141414141416,55,63.89533333333332,40.8136505050505,63.89533333333332,150,54.23311111111111,86.99683031972425,187,1444,184,6759.2195277777755,37,59.884222222222206
피커 1명 · DD→PD (strict),greedy:count_partial:qty_desc:none,2026-07-24,62.72033333333332,132,62.74533333333332,0.047664141414141416,55,63.89533333333332,40.8136505050505,63.89533333333332,150,54.23311111111111,87.01435724744286,187,1444,184,6759.2195277777755,37,59.884222222222206
피커 1명 · DD→PD (strict),greedy:count_partial:qty_desc:time_asc,2026-07-24,62.72033333333332,132,62.73422222222221,0.047664141414141416,55,63.884222222222206,40.79941515151514,63.884222222222206,150,54.135444444444445,86.92906003568955,187,1444,184,6757.681333333332,37,59.8731111111111
피커 1명 · DD→PD (strict),greedy:count_partial:qty_desc:demand_desc,2026-07-24,62.72033333333332,132,62.74533333333332,0.047664141414141416,55,63.89533333333332,40.8136505050505,63.89533333333332,150,54.23311111111111,87.01435724744286,187,1444,184,6759.2195277777755,37,59.884222222222206
피커 1명 · DD→PD (strict),greedy:count_partial:qty_desc:cells_asc,2026-07-24,62.72033333333332,132,62.74533333333332,0.047664141414141416,55,63.89533333333332,40.8136505050505,63.89533333333332,150,54.23311111111111,86.99683031972425,187,1444,184,6759.2195277777755,37,59.884222222222206
피커 1명 · DD→PD (strict),greedy:count_ddweighted:none:none,2026-07-24,62.72033333333333,132,63.07866666666666,0.06109006734006734,55,64.22866666666665,10.874673232323218,64.22866666666665,148,49.09941666666667,91.44079443585247,187,1444,184,9839.676000000001,162,60.21755555555555
피커 1명 · DD→PD (strict),greedy:count_ddweighted:time_asc:none,2026-07-24,62.72033333333333,132,62.14494444444444,0.06348905723905723,55,63.29494444444444,12.06802272727272,63.29494444444444,154,52.04408333333333,102.57019210767228,187,1444,184,9639.080694444447,146,59.28383333333333
피커 1명 · DD→PD (strict),greedy:count_ddweighted:time_asc:demand_desc,2026-07-24,62.72033333333333,132,62.14494444444444,0.06348905723905723,55,63.29494444444444,12.06802272727272,63.29494444444444,154,52.04408333333333,102.57019210767228,187,1444,184,9639.080694444447,146,59.28383333333333
피커 1명 · DD→PD (strict),greedy:count_ddweighted:time_asc:cells_asc,2026-07-24,62.72033333333333,132,62.14494444444444,0.06348905723905723,55,63.29494444444444,12.06802272727272,63.29494444444444,154,52.04408333333333,102.57019210767228,187,1444,184,9639.080694444447,146,59.28383333333333
피커 1명 · DD→PD (strict),greedy:count_ddweighted:time_asc:qty_desc,2026-07-24,62.72033333333333,132,62.14494444444444,0.06348905723905723,55,63.29494444444444,12.06802272727272,63.29494444444444,154,52.04408333333333,102.57019210767228,187,1444,184,9639.080694444447,146,59.28383333333333
피커 1명 · DD→PD (strict),greedy:count_ddweighted:demand_desc:none,2026-07-24,62.72033333333334,132,62.74533333333334,0.047664141414141416,55,63.89533333333335,39.463924747474756,63.89533333333335,149,56.543722222222236,87.49884576860075,187,1444,184,6846.704722222222,40,59.884222222222235
피커 1명 · DD→PD (strict),greedy:count_ddweighted:demand_desc:time_asc,2026-07-24,62.72033333333334,132,62.734222222222236,0.047664141414141416,55,63.884222222222235,39.406274242424246,63.884222222222235,149,56.446055555555574,88.13270578024829,187,1444,184,6842.441333333332,40,59.87311111111112
피커 1명 · DD→PD (strict),greedy:count_ddweighted:demand_desc:cells_asc,2026-07-24,62.72033333333334,132,62.74533333333334,0.047664141414141416,55,63.89533333333335,39.463924747474756,63.89533333333335,149,56.543722222222236,87.4700399785761,187,1444,184,6846.704722222222,40,59.884222222222235
피커 1명 · DD→PD (strict),greedy:count_ddweighted:demand_desc:qty_desc,2026-07-24,62.72033333333334,132,62.74533333333334,0.047664141414141416,55,63.89533333333335,39.456529797979805,63.89533333333335,149,56.543722222222236,87.49963916683187,187,1444,184,6847.518166666666,40,59.884222222222235
피커 1명 · DD→PD (strict),greedy:count_ddweighted:cells_asc:none,2026-07-24,62.72033333333333,132,63.07866666666666,0.06121632996632997,55,64.22866666666665,11.071940909090902,64.22866666666665,153,52.271861111111114,87.59613222202616,187,1444,184,10342.474444444444,160,60.21755555555555
피커 1명 · DD→PD (strict),greedy:count_ddweighted:cells_asc:time_asc,2026-07-24,62.72033333333332,132,63.078666666666656,0.06951872895622893,55,64.22866666666665,11.54045909090908,64.22866666666665,151,48.86677777777778,97.91157634701015,187,1444,184,10033.782611111108,157,60.21755555555554
피커 1명 · DD→PD (strict),greedy:count_ddweighted:cells_asc:demand_desc,2026-07-24,62.72033333333333,132,63.07866666666666,0.06755050505050506,55,64.22866666666665,27.83318939393939,64.22866666666665,150,50.78441666666666,88.74777314733123,187,1444,184,9559.969444444445,131,60.21755555555555
피커 1명 · DD→PD (strict),greedy:count_ddweighted:cells_asc:qty_desc,2026-07-24,62.720333333333336,132,63.07866666666667,0.06755050505050506,55,64.22866666666667,27.751844949494945,64.22866666666667,150,50.784416666666665,88.71972578876166,187,1444,184,9562.003055555555,131,60.217555555555556
피커 1명 · DD→PD (strict),greedy:count_ddweighted:qty_desc:none,2026-07-24,62.72033333333334,132,62.74533333333334,0.047664141414141416,55,63.89533333333335,39.44913484848485,63.89533333333335,149,56.543722222222236,87.48134014308123,187,1444,184,6849.551777777778,40,59.884222222222235
피커 1명 · DD→PD (strict),greedy:count_ddweighted:qty_desc:time_asc,2026-07-24,62.72033333333334,132,62.734222222222236,0.047664141414141416,55,63.884222222222235,39.398879292929294,63.884222222222235,149,56.446055555555574,88.12919030607453,187,1444,184,6846.101833333334,40,59.87311111111112
피커 1명 · DD→PD (strict),greedy:count_ddweighted:qty_desc:demand_desc,2026-07-24,62.72033333333334,132,62.74533333333334,0.047664141414141416,55,63.89533333333335,39.456529797979805,63.89533333333335,149,56.543722222222236,87.49963916683187,187,1444,184,6847.518166666666,40,59.884222222222235
피커 1명 · DD→PD (strict),greedy:count_ddweighted:qty_desc:cells_asc,2026-07-24,62.72033333333334,132,62.74533333333334,0.047664141414141416,55,63.89533333333335,39.44913484848485,63.89533333333335,149,56.543722222222236,87.45253435305656,187,1444,184,6849.551777777778,40,59.884222222222235
피커 1명 · DD→PD (strict),search:genetic,2026-07-24,62.720333333333315,132,62.74533333333331,0.04829545454545454,55,63.89533333333331,38.75456515151513,63.89533333333331,149,56.54372222222221,87.81179898375466,187,1444,184,7052.238499999996,39,59.8842222222222
피커 1명 · DD→PD (strict),sort:qty_desc,2026-07-26,64.84397222222219,351,64.87730555555552,0.3073567584678696,0,,,64.87730555555552,134,52.42274999999998,78.02990431082945,351,2652,187,6563.795888888888,26,57.51063888888886
피커 1명 · DD→PD (strict),sort:qty_asc,2026-07-26,64.84397222222222,351,69.0551111111111,1.3785241373852493,0,,,69.0551111111111,200,63.58011111111111,96.59119205916046,351,2652,187,22518.71263888888,186,61.68844444444444
피커 1명 · DD→PD (strict),sort:time_asc,2026-07-26,64.8439722222222,351,67.67363888888886,0.9591437163659382,0,,,67.67363888888886,214,58.21844444444443,127.27421394593574,351,2652,187,21947.235361111107,184,60.3069722222222
피커 1명 · DD→PD (strict),sort:demand_desc,2026-07-26,64.84397222222219,351,64.87730555555552,0.3073567584678696,0,,,64.87730555555552,134,52.42274999999998,78.02786970105538,351,2652,187,6563.795888888888,26,57.51063888888886
피커 1명 · DD→PD (strict),sort:cells_asc,2026-07-26,64.84397222222218,351,68.56252777777775,1.1093518518518544,0,,,68.56252777777775,196,61.716638888888845,95.09558549758512,351,2652,187,22429.38863888888,186,61.19586111111107
피커 1명 · DD→PD (strict),sort:code,2026-07-26,64.84397222222219,351,66.19438888888887,0.6172870370370365,0,,,66.19438888888887,191,52.09024999999998,116.51741671625403,351,2652,187,19996.312027777767,179,58.82772222222219
피커 1명 · DD→PD (strict),sort:random,2026-07-26,64.84397222222222,351,65.81083333333333,0.5942043368154484,0,,,65.81083333333333,199,49.8117777777778,111.98574787163545,351,2652,187,19450.006083333334,155,58.44416666666667
피커 1명 · DD→PD (strict),greedy:count:none:none,2026-07-26,64.8439722222222,351,65.8763611111111,0.4313339664450784,0,,,65.8763611111111,166,47.893027777777775,99.89708835870563,351,2652,187,18238.62652777777,169,58.50969444444443
피커 1명 · DD→PD (strict),greedy:count:time_asc:none,2026-07-26,64.84397222222219,351,66.43563888888886,0.4719317822095599,0,,,66.43563888888886,184,48.38038888888889,107.77138567276684,351,2652,187,19119.89572222222,159,59.06897222222219
피커 1명 · DD→PD (strict),greedy:count:time_asc:demand_desc,2026-07-26,64.84397222222219,351,66.43563888888886,0.4719317822095599,0,,,66.43563888888886,184,48.38038888888889,107.77138567276684,351,2652,187,19119.89572222222,159,59.06897222222219
피커 1명 · DD→PD (strict),greedy:count:time_asc:cells_asc,2026-07-26,64.84397222222219,351,66.43563888888886,0.4719317822095599,0,,,66.43563888888886,184,48.38038888888889,107.77138567276684,351,2652,187,19119.89572222222,159,59.06897222222219
피커 1명 · DD→PD (strict),greedy:count:time_asc:qty_desc,2026-07-26,64.84397222222219,351,66.43563888888886,0.4719317822095599,0,,,66.43563888888886,184,48.38038888888889,107.77138567276684,351,2652,187,19119.89572222222,159,59.06897222222219
피커 1명 · DD→PD (strict),greedy:count:demand_desc:none,2026-07-26,64.84397222222219,351,64.87174999999998,0.3033110161443494,0,,,64.87174999999998,118,50.01027777777776,70.40552620276844,351,2652,187,6284.145611111111,27,57.5050833333333
피커 1명 · DD→PD (strict),greedy:count:demand_desc:time_asc,2026-07-26,64.84397222222219,351,64.8800833333333,0.30158198797087676,0,,,64.8800833333333,118,50.924944444444414,70.85852532214345,351,2652,187,6247.565722222221,26,57.51341666666663
피커 1명 · DD→PD (strict),greedy:count:demand_desc:cells_asc,2026-07-26,64.84397222222219,351,64.87174999999998,0.3015028490028489,0,,,64.87174999999998,118,50.01027777777776,70.30025695999328,351,2652,187,6272.013194444445,26,57.5050833333333
피커 1명 · DD→PD (strict),greedy:count:demand_desc:qty_desc,2026-07-26,64.84397222222219,351,64.87174999999998,0.3033110161443494,0,,,64.87174999999998,118,50.01027777777776,70.4075609867846,351,2652,187,6284.145611111111,27,57.5050833333333
피커 1명 · DD→PD (strict),greedy:count:cells_asc:none,2026-07-26,64.84397222222219,351,66.43563888888886,0.4123817663817664,0,,,66.43563888888886,175,49.05777777777775,90.26409979917905,351,2652,187,19546.848055555543,160,59.068972222222186
피커 1명 · DD→PD (strict),greedy:count:cells_asc:time_asc,2026-07-26,64.84397222222219,351,66.51124999999996,0.48803877809433455,0,,,66.51124999999996,171,50.53591666666663,95.02340163840283,351,2652,187,20055.317166666657,172,59.1445833333333
피커 1명 · DD→PD (strict),greedy:count:cells_asc:demand_desc,2026-07-26,64.84397222222219,351,66.43563888888886,0.4094786324786324,0,,,66.43563888888886,160,45.040722222222186,87.04988453737387,351,2652,187,18942.68499999999,165,59.068972222222186
피커 1명 · DD→PD (strict),greedy:count:cells_asc:qty_desc,2026-07-26,64.84397222222219,351,66.43563888888886,0.4094786324786324,0,,,66.43563888888886,160,45.040722222222186,87.0518714227596,351,2652,187,18942.68499999999,165,59.068972222222186
피커 1명 · DD→PD (strict),greedy:count:qty_desc:none,2026-07-26,64.84397222222219,351,64.87174999999998,0.3033110161443494,0,,,64.87174999999998,118,50.01027777777776,70.4075609867846,351,2652,187,6284.145611111111,27,57.5050833333333
피커 1명 · DD→PD (strict),greedy:count:qty_desc:time_asc,2026-07-26,64.84397222222219,351,64.8800833333333,0.30158198797087676,0,,,64.8800833333333,118,50.924944444444414,70.85756800045212,351,2652,187,6247.565722222221,26,57.51341666666663
피커 1명 · DD→PD (strict),greedy:count:qty_desc:demand_desc,2026-07-26,64.84397222222219,351,64.87174999999998,0.3033110161443494,0,,,64.87174999999998,118,50.01027777777776,70.4075609867846,351,2652,187,6284.145611111111,27,57.5050833333333
피커 1명 · DD→PD (strict),greedy:count:qty_desc:cells_asc,2026-07-26,64.84397222222219,351,64.87174999999998,0.3015028490028489,0,,,64.87174999999998,118,50.01027777777776,70.30229174400944,351,2652,187,6272.013194444445,26,57.5050833333333
피커 1명 · DD→PD (strict),greedy:count_partial:none:none,2026-07-26,64.8439722222222,351,64.87174999999998,0.301440329218107,0,,,64.87174999999998,121,47.95016666666667,71.16665574768676,351,2652,187,6053.643694444445,22,57.50508333333332
피커 1명 · DD→PD (strict),greedy:count_partial:time_asc:none,2026-07-26,64.8439722222222,351,64.88008333333332,0.301440329218107,0,,,64.88008333333332,122,51.95916666666664,70.85077726729183,351,2652,187,6048.637166666667,22,57.51341666666665
피커 1명 · DD→PD (strict),greedy:count_partial:time_asc:demand_desc,2026-07-26,64.8439722222222,351,64.88008333333332,0.301440329218107,0,,,64.88008333333332,122,51.95916666666664,70.85077726729183,351,2652,187,6048.637166666667,22,57.51341666666665
피커 1명 · DD→PD (strict),greedy:count_partial:time_asc:cells_asc,2026-07-26,64.8439722222222,351,64.88008333333332,0.301440329218107,0,,,64.88008333333332,122,51.95916666666664,70.85077726729183,351,2652,187,6048.637166666667,22,57.51341666666665
피커 1명 · DD→PD (strict),greedy:count_partial:time_asc:qty_desc,2026-07-26,64.8439722222222,351,64.88008333333332,0.301440329218107,0,,,64.88008333333332,122,51.95916666666664,70.85077726729183,351,2652,187,6048.637166666667,22,57.51341666666665
피커 1명 · DD→PD (strict),greedy:count_partial:demand_desc:none,2026-07-26,64.8439722222222,351,64.87174999999998,0.301440329218107,0,,,64.87174999999998,122,51.67880555555554,71.18944258821786,351,2652,187,6055.264361111111,22,57.50508333333332
피커 1명 · DD→PD (strict),greedy:count_partial:demand_desc:time_asc,2026-07-26,64.8439722222222,351,64.88008333333332,0.30154320987654326,0,,,64.88008333333332,123,52.326083333333315,70.79672840877807,351,2652,187,6052.54925,22,57.51341666666665
피커 1명 · DD→PD (strict),greedy:count_partial:demand_desc:cells_asc,2026-07-26,64.8439722222222,351,64.87174999999998,0.301440329218107,0,,,64.87174999999998,122,51.67880555555554,71.18944258821786,351,2652,187,6055.264361111111,22,57.50508333333332
피커 1명 · DD→PD (strict),greedy:count_partial:demand_desc:qty_desc,2026-07-26,64.8439722222222,351,64.87174999999998,0.301440329218107,0,,,64.87174999999998,122,51.67880555555554,71.18944258821786,351,2652,187,6055.264361111111,22,57.50508333333332
피커 1명 · DD→PD (strict),greedy:count_partial:cells_asc:none,2026-07-26,64.8439722222222,351,64.87174999999998,0.301440329218107,0,,,64.87174999999998,121,47.95016666666667,71.16665574768676,351,2652,187,6053.643694444445,22,57.50508333333332
피커 1명 · DD→PD (strict),greedy:count_partial:cells_asc:time_asc,2026-07-26,64.8439722222222,351,64.88008333333332,0.301440329218107,0,,,64.88008333333332,122,51.95916666666664,70.8344544186861,351,2652,187,6048.637166666667,22,57.51341666666665
피커 1명 · DD→PD (strict),greedy:count_partial:cells_asc:demand_desc,2026-07-26,64.8439722222222,351,64.87174999999998,0.301440329218107,0,,,64.87174999999998,122,51.67880555555554,71.18944258821786,351,2652,187,6055.264361111111,22,57.50508333333332
피커 1명 · DD→PD (strict),greedy:count_partial:cells_asc:qty_desc,2026-07-26,64.8439722222222,351,64.87174999999998,0.301440329218107,0,,,64.87174999999998,122,51.67880555555554,71.18944258821786,351,2652,187,6055.264361111111,22,57.50508333333332
피커 1명 · DD→PD (strict),greedy:count_partial:qty_desc:none,2026-07-26,64.8439722222222,351,64.87174999999998,0.301440329218107,0,,,64.87174999999998,122,51.67880555555554,71.18944258821786,351,2652,187,6055.264361111111,22,57.50508333333332
피커 1명 · DD→PD (strict),greedy:count_partial:qty_desc:time_asc,2026-07-26,64.8439722222222,351,64.88008333333332,0.30154320987654326,0,,,64.88008333333332,123,52.326083333333315,70.79672840877807,351,2652,187,6052.54925,22,57.51341666666665
피커 1명 · DD→PD (strict),greedy:count_partial:qty_desc:demand_desc,2026-07-26,64.8439722222222,351,64.87174999999998,0.301440329218107,0,,,64.87174999999998,122,51.67880555555554,71.18944258821786,351,2652,187,6055.264361111111,22,57.50508333333332
피커 1명 · DD→PD (strict),greedy:count_partial:qty_desc:cells_asc,2026-07-26,64.8439722222222,351,64.87174999999998,0.301440329218107,0,,,64.87174999999998,122,51.67880555555554,71.18944258821786,351,2652,187,6055.264361111111,22,57.50508333333332
피커 1명 · DD→PD (strict),greedy:count_ddweighted:none:none,2026-07-26,64.8439722222222,351,65.8763611111111,0.4313339664450784,0,,,65.8763611111111,166,47.893027777777775,99.89708835870563,351,2652,187,18238.62652777777,169,58.50969444444443
피커 1명 · DD→PD (strict),greedy:count_ddweighted:time_asc:none,2026-07-26,64.84397222222219,351,66.43563888888886,0.4719317822095599,0,,,66.43563888888886,184,48.38038888888889,107.77138567276684,351,2652,187,19119.89572222222,159,59.06897222222219
피커 1명 · DD→PD (strict),greedy:count_ddweighted:time_asc:demand_desc,2026-07-26,64.84397222222219,351,66.43563888888886,0.4719317822095599,0,,,66.43563888888886,184,48.38038888888889,107.77138567276684,351,2652,187,19119.89572222222,159,59.06897222222219
피커 1명 · DD→PD (strict),greedy:count_ddweighted:time_asc:cells_asc,2026-07-26,64.84397222222219,351,66.43563888888886,0.4719317822095599,0,,,66.43563888888886,184,48.38038888888889,107.77138567276684,351,2652,187,19119.89572222222,159,59.06897222222219
피커 1명 · DD→PD (strict),greedy:count_ddweighted:time_asc:qty_desc,2026-07-26,64.84397222222219,351,66.43563888888886,0.4719317822095599,0,,,66.43563888888886,184,48.38038888888889,107.77138567276684,351,2652,187,19119.89572222222,159,59.06897222222219
피커 1명 · DD→PD (strict),greedy:count_ddweighted:demand_desc:none,2026-07-26,64.84397222222219,351,64.87174999999998,0.3033110161443494,0,,,64.87174999999998,118,50.01027777777776,70.40552620276844,351,2652,187,6284.145611111111,27,57.5050833333333
피커 1명 · DD→PD (strict),greedy:count_ddweighted:demand_desc:time_asc,2026-07-26,64.84397222222219,351,64.8800833333333,0.30158198797087676,0,,,64.8800833333333,118,50.924944444444414,70.85852532214345,351,2652,187,6247.565722222221,26,57.51341666666663
피커 1명 · DD→PD (strict),greedy:count_ddweighted:demand_desc:cells_asc,2026-07-26,64.84397222222219,351,64.87174999999998,0.3015028490028489,0,,,64.87174999999998,118,50.01027777777776,70.30025695999328,351,2652,187,6272.013194444445,26,57.5050833333333
피커 1명 · DD→PD (strict),greedy:count_ddweighted:demand_desc:qty_desc,2026-07-26,64.84397222222219,351,64.87174999999998,0.3033110161443494,0,,,64.87174999999998,118,50.01027777777776,70.4075609867846,351,2652,187,6284.145611111111,27,57.5050833333333
피커 1명 · DD→PD (strict),greedy:count_ddweighted:cells_asc:none,2026-07-26,64.84397222222219,351,66.43563888888886,0.4123817663817664,0,,,66.43563888888886,175,49.05777777777775,90.26409979917905,351,2652,187,19546.848055555543,160,59.068972222222186
피커 1명 · DD→PD (strict),greedy:count_ddweighted:cells_asc:time_asc,2026-07-26,64.84397222222219,351,66.51124999999996,0.48803877809433455,0,,,66.51124999999996,171,50.53591666666663,95.02340163840283,351,2652,187,20055.317166666657,172,59.1445833333333
피커 1명 · DD→PD (strict),greedy:count_ddweighted:cells_asc:demand_desc,2026-07-26,64.84397222222219,351,66.43563888888886,0.4094786324786324,0,,,66.43563888888886,160,45.040722222222186,87.04988453737387,351,2652,187,18942.68499999999,165,59.068972222222186
피커 1명 · DD→PD (strict),greedy:count_ddweighted:cells_asc:qty_desc,2026-07-26,64.84397222222219,351,66.43563888888886,0.4094786324786324,0,,,66.43563888888886,160,45.040722222222186,87.0518714227596,351,2652,187,18942.68499999999,165,59.068972222222186
피커 1명 · DD→PD (strict),greedy:count_ddweighted:qty_desc:none,2026-07-26,64.84397222222219,351,64.87174999999998,0.3033110161443494,0,,,64.87174999999998,118,50.01027777777776,70.4075609867846,351,2652,187,6284.145611111111,27,57.5050833333333
피커 1명 · DD→PD (strict),greedy:count_ddweighted:qty_desc:time_asc,2026-07-26,64.84397222222219,351,64.8800833333333,0.30158198797087676,0,,,64.8800833333333,118,50.924944444444414,70.85756800045212,351,2652,187,6247.565722222221,26,57.51341666666663
피커 1명 · DD→PD (strict),greedy:count_ddweighted:qty_desc:demand_desc,2026-07-26,64.84397222222219,351,64.87174999999998,0.3033110161443494,0,,,64.87174999999998,118,50.01027777777776,70.4075609867846,351,2652,187,6284.145611111111,27,57.5050833333333
피커 1명 · DD→PD (strict),greedy:count_ddweighted:qty_desc:cells_asc,2026-07-26,64.84397222222219,351,64.87174999999998,0.3015028490028489,0,,,64.87174999999998,118,50.01027777777776,70.30229174400944,351,2652,187,6272.013194444445,26,57.5050833333333
피커 1명 · DD→PD (strict),search:genetic,2026-07-26,64.84397222222219,351,64.87174999999998,0.3033110161443494,0,,,64.87174999999998,118,50.01027777777776,70.40552620276844,351,2652,187,6284.145611111111,27,57.5050833333333
피커 1명 · DD→PD (strict),sort:qty_desc,2026-07-27,64.73777777777777,310,64.54911111111109,0.33419211469534044,183,68.55744444444443,44.091955525197314,68.55744444444443,205,64.52966666666664,128.79276867574148,493,3710,186,17166.712027777772,29,58.25188888888887
피커 1명 · DD→PD (strict),sort:qty_asc,2026-07-27,64.73777777777775,310,68.77544444444442,1.3468474910394272,183,72.78377777777776,7.942195658773528,72.78377777777776,289,64.73777777777775,113.24335741786172,493,3710,186,32798.22580555555,185,62.4782222222222
피커 1명 · DD→PD (strict),sort:time_asc,2026-07-27,64.73777777777777,310,67.24413888888888,0.7565610215053763,183,71.25247222222221,7.442025045537336,71.25247222222221,270,61.954499999999996,149.21492002811598,493,3710,186,32018.33655555555,183,60.94691666666666
피커 1명 · DD→PD (strict),sort:demand_desc,2026-07-27,64.73777777777777,310,64.5491111111111,0.33419211469534044,183,68.55744444444443,44.05095947176684,68.55744444444443,205,64.52966666666666,128.7509975413967,493,3710,186,17171.303416666666,29,58.25188888888888
피커 1명 · DD→PD (strict),sort:cells_asc,2026-07-27,64.73777777777775,310,68.77544444444442,1.347093727598567,183,72.78377777777774,8.24046174863388,72.78377777777774,289,64.73777777777775,110.23258807670814,493,3710,186,32752.869249999996,185,62.47822222222219
피커 1명 · DD→PD (strict),sort:code,2026-07-27,64.73777777777775,310,65.81847222222221,0.7927845878136227,183,69.82680555555554,8.123686854887673,69.82680555555554,272,59.52899999999999,146.9524983441173,493,3710,186,31373.146194444438,176,59.52124999999998
피커 1명 · DD→PD (strict),sort:random,2026-07-27,64.73777777777775,310,65.1517222222222,0.7476475806451612,183,69.16005555555553,10.207936854887665,69.16005555555553,258,47.86694444444444,151.25029420482755,493,3710,186,30180.432777777765,172,58.85449999999998
피커 1명 · DD→PD (strict),greedy:count:none:none,2026-07-27,64.73777777777777,310,65.61555555555555,0.5180063620071684,183,69.62388888888889,14.345533697632046,69.62388888888889,237,56.46869444444446,133.91404770074126,493,3710,186,28690.503777777776,162,59.31833333333333
피커 1명 · DD→PD (strict),greedy:count:time_asc:none,2026-07-27,64.73777777777775,310,65.37388888888887,0.49490636200716853,183,69.3822222222222,15.967992106860953,69.3822222222222,235,55.92933333333331,144.62842346742679,493,3710,186,28643.289027777773,163,59.07666666666664
피커 1명 · DD→PD (strict),greedy:count:time_asc:demand_desc,2026-07-27,64.73777777777775,310,65.37388888888887,0.49490636200716853,183,69.3822222222222,15.967992106860953,69.3822222222222,235,55.92933333333331,144.63755324770992,493,3710,186,28643.289027777773,163,59.07666666666664
피커 1명 · DD→PD (strict),greedy:count:time_asc:cells_asc,2026-07-27,64.73777777777775,310,65.37388888888887,0.49490636200716853,183,69.3822222222222,15.967992106860953,69.3822222222222,235,55.92933333333331,144.62842346742679,493,3710,186,28643.289027777773,163,59.07666666666664
피커 1명 · DD→PD (strict),greedy:count:time_asc:qty_desc,2026-07-27,64.73777777777775,310,65.37388888888887,0.49490636200716853,183,69.3822222222222,15.967992106860953,69.3822222222222,235,55.92933333333331,144.63755324770992,493,3710,186,28643.289027777773,163,59.07666666666664
피커 1명 · DD→PD (strict),greedy:count:demand_desc:none,2026-07-27,64.73777777777777,310,62.329361111111105,0.3312768817204301,183,66.33769444444444,42.10480859137826,66.33769444444444,197,62.304361111111106,123.73571754285835,493,3710,186,16506.290833333333,30,56.03213888888888
피커 1명 · DD→PD (strict),greedy:count:demand_desc:time_asc,2026-07-27,64.73777777777777,310,62.329361111111105,0.33118727598566317,183,66.33769444444444,42.231981785063745,66.33769444444444,197,62.304361111111106,124.19687692224588,493,3710,186,16520.926333333333,30,56.03213888888888
피커 1명 · DD→PD (strict),greedy:count:demand_desc:cells_asc,2026-07-27,64.73777777777777,310,62.329361111111105,0.3312768817204301,183,66.33769444444444,42.10480859137826,66.33769444444444,197,62.304361111111106,123.72910826214523,493,3710,186,16506.290833333333,30,56.03213888888888
피커 1명 · DD→PD (strict),greedy:count:demand_desc:qty_desc,2026-07-27,64.73777777777777,310,62.329361111111105,0.3312768817204301,183,66.33769444444444,42.10438539769277,66.33769444444444,197,62.304361111111106,123.75129022086904,493,3710,186,16507.583944444446,30,56.03213888888888
피커 1명 · DD→PD (strict),greedy:count:cells_asc:none,2026-07-27,64.73777777777777,310,65.61555555555555,0.5208051075268817,183,69.62388888888889,13.663935792349719,69.62388888888889,232,54.12555555555556,120.09356263415333,493,3710,186,29194.125499999995,156,59.31833333333333
피커 1명 · DD→PD (strict),greedy:count:cells_asc:time_asc,2026-07-27,64.73777777777777,310,65.61555555555555,0.5094025089605735,183,69.62388888888887,11.413937462052205,69.62388888888887,246,59.91430555555556,128.1631125172554,493,3710,186,30459.630027777777,177,59.318333333333314
피커 1명 · DD→PD (strict),greedy:count:cells_asc:demand_desc,2026-07-27,64.73777777777777,310,65.61555555555555,0.45063844086021554,183,69.62388888888887,16.4063829690346,69.62388888888887,228,63.72027777777776,122.8539757267221,493,3710,186,28396.141833333328,146,59.318333333333314
피커 1명 · DD→PD (strict),greedy:count:cells_asc:qty_desc,2026-07-27,64.73777777777775,310,65.61555555555553,0.45063844086021554,183,69.62388888888887,16.3973705221615,69.62388888888887,228,63.72027777777775,122.828634807657,493,3710,186,28398.930361111106,146,59.31833333333331
피커 1명 · DD→PD (strict),greedy:count:qty_desc:none,2026-07-27,64.73777777777777,310,62.329361111111105,0.3312768817204301,183,66.33769444444444,42.10438539769277,66.33769444444444,197,62.304361111111106,123.75138820437682,493,3710,186,16507.583944444446,30,56.03213888888888
피커 1명 · DD→PD (strict),greedy:count:qty_desc:time_asc,2026-07-27,64.73777777777777,310,62.329361111111105,0.33118727598566317,183,66.33769444444444,42.23174620522161,66.33769444444444,197,62.304361111111106,124.21225656437159,493,3710,186,16521.189888888886,30,56.03213888888888
피커 1명 · DD→PD (strict),greedy:count:qty_desc:demand_desc,2026-07-27,64.73777777777777,310,62.329361111111105,0.3312768817204301,183,66.33769444444444,42.10438539769277,66.33769444444444,197,62.304361111111106,123.75129022086904,493,3710,186,16507.583944444446,30,56.03213888888888
피커 1명 · DD→PD (strict),greedy:count:qty_desc:cells_asc,2026-07-27,64.73777777777777,310,62.329361111111105,0.3312768817204301,183,66.33769444444444,42.10438539769277,66.33769444444444,197,62.304361111111106,123.7447789236637,493,3710,186,16507.583944444446,30,56.03213888888888
피커 1명 · DD→PD (strict),greedy:count_partial:none:none,2026-07-27,64.73777777777778,310,62.82805555555556,0.33321326164874554,183,66.83638888888889,44.65552914389799,66.83638888888889,200,62.80861111111111,123.47967798645946,493,3710,186,16200.399194444444,22,56.530833333333334
피커 1명 · DD→PD (strict),greedy:count_partial:time_asc:none,2026-07-27,64.73777777777778,310,63.03616666666667,0.33332078853046604,183,67.0445,44.935491347905284,67.0445,202,61.01500000000001,123.84806608546064,493,3710,186,16245.193888888889,22,56.73894444444445
피커 1명 · DD→PD (strict),greedy:count_partial:time_asc:demand_desc,2026-07-27,64.73777777777778,310,63.03616666666667,0.33332078853046604,183,67.0445,44.935491347905284,67.0445,202,61.01500000000001,123.84806608546064,493,3710,186,16245.193888888889,22,56.73894444444445
피커 1명 · DD→PD (strict),greedy:count_partial:time_asc:cells_asc,2026-07-27,64.73777777777778,310,63.03616666666667,0.33332078853046604,183,67.0445,44.935491347905284,67.0445,202,61.01500000000001,123.84806608546064,493,3710,186,16245.193888888889,22,56.73894444444445
피커 1명 · DD→PD (strict),greedy:count_partial:time_asc:qty_desc,2026-07-27,64.73777777777778,310,63.03616666666667,0.33332078853046604,183,67.0445,44.935491347905284,67.0445,202,61.01500000000001,123.84806608546064,493,3710,186,16245.193888888889,22,56.73894444444445
피커 1명 · DD→PD (strict),greedy:count_partial:demand_desc:none,2026-07-27,64.73777777777778,310,62.82805555555556,0.33321326164874554,183,66.83638888888889,44.65040816636308,66.83638888888889,200,62.80861111111111,123.53242037978312,493,3710,186,16205.275138888888,22,56.530833333333334
피커 1명 · DD→PD (strict),greedy:count_partial:demand_desc:time_asc,2026-07-27,64.73777777777778,310,63.03616666666667,0.33341039426523306,183,67.0445,44.927132969034616,67.0445,202,61.01500000000001,123.93714208059157,493,3710,186,16248.645305555554,22,56.73894444444445
피커 1명 · DD→PD (strict),greedy:count_partial:demand_desc:cells_asc,2026-07-27,64.73777777777778,310,62.82805555555556,0.33321326164874554,183,66.83638888888889,44.65040816636308,66.83638888888889,200,62.80861111111111,123.52084152428607,493,3710,186,16205.275138888888,22,56.530833333333334
피커 1명 · DD→PD (strict),greedy:count_partial:demand_desc:qty_desc,2026-07-27,64.73777777777778,310,62.82805555555556,0.33321326164874554,183,66.83638888888889,44.65459729811779,66.83638888888889,200,62.80861111111111,123.53963534501746,493,3710,186,16205.961638888888,22,56.530833333333334
피커 1명 · DD→PD (strict),greedy:count_partial:cells_asc:none,2026-07-27,64.73777777777778,310,62.82805555555556,0.33321326164874554,183,66.83638888888889,44.65552914389799,66.83638888888889,200,62.80861111111111,123.46809913096241,493,3710,186,16200.399194444444,22,56.530833333333334
피커 1명 · DD→PD (strict),greedy:count_partial:cells_asc:time_asc,2026-07-27,64.73777777777778,310,63.03616666666667,0.33332078853046604,183,67.0445,44.935491347905284,67.0445,202,61.01500000000001,123.83509584430242,493,3710,186,16245.193888888889,22,56.73894444444445
피커 1명 · DD→PD (strict),greedy:count_partial:cells_asc:demand_desc,2026-07-27,64.73777777777778,310,62.82805555555556,0.33321326164874554,183,66.83638888888889,44.65040816636308,66.83638888888889,200,62.80861111111111,123.52084152428607,493,3710,186,16205.275138888888,22,56.530833333333334
피커 1명 · DD→PD (strict),greedy:count_partial:cells_asc:qty_desc,2026-07-27,64.73777777777778,310,62.82805555555556,0.33321326164874554,183,66.83638888888889,44.65459729811779,66.83638888888889,200,62.80861111111111,123.52805648952041,493,3710,186,16205.961638888888,22,56.530833333333334
피커 1명 · DD→PD (strict),greedy:count_partial:qty_desc:none,2026-07-27,64.73777777777778,310,62.82805555555556,0.33321326164874554,183,66.83638888888889,44.65459729811779,66.83638888888889,200,62.80861111111111,123.53963534501746,493,3710,186,16205.961638888888,22,56.530833333333334
피커 1명 · DD→PD (strict),greedy:count_partial:qty_desc:time_asc,2026-07-27,64.73777777777778,310,63.03616666666667,0.33341039426523306,183,67.0445,44.9306290224651,67.0445,202,61.01500000000001,123.94327150872428,493,3710,186,16249.102972222221,22,56.73894444444445
피커 1명 · DD→PD (strict),greedy:count_partial:qty_desc:demand_desc,2026-07-27,64.73777777777778,310,62.82805555555556,0.33321326164874554,183,66.83638888888889,44.65459729811779,66.83638888888889,200,62.80861111111111,123.53963534501746,493,3710,186,16205.961638888888,22,56.530833333333334
피커 1명 · DD→PD (strict),greedy:count_partial:qty_desc:cells_asc,2026-07-27,64.73777777777778,310,62.82805555555556,0.33321326164874554,183,66.83638888888889,44.65459729811779,66.83638888888889,200,62.80861111111111,123.52805648952041,493,3710,186,16205.961638888888,22,56.530833333333334
피커 1명 · DD→PD (strict),greedy:count_ddweighted:none:none,2026-07-27,64.73777777777777,310,65.61555555555555,0.5162126344086022,183,69.62388888888889,14.706206132361858,69.62388888888889,236,52.600861111111115,133.65343552260956,493,3710,186,28548.006027777774,150,59.31833333333333
피커 1명 · DD→PD (strict),greedy:count_ddweighted:time_asc:none,2026-07-27,64.73777777777775,310,65.37388888888887,0.48083145161290336,183,69.3822222222222,16.15506056466301,69.3822222222222,234,55.144861111111105,144.60844316507587,493,3710,186,28436.54572222222,159,59.07666666666664
피커 1명 · DD→PD (strict),greedy:count_ddweighted:time_asc:demand_desc,2026-07-27,64.73777777777775,310,65.37388888888887,0.48083145161290336,183,69.3822222222222,16.15506056466301,69.3822222222222,234,55.144861111111105,144.617572945359,493,3710,186,28436.54572222222,159,59.07666666666664
피커 1명 · DD→PD (strict),greedy:count_ddweighted:time_asc:cells_asc,2026-07-27,64.73777777777775,310,65.37388888888887,0.48083145161290336,183,69.3822222222222,16.15506056466301,69.3822222222222,234,55.144861111111105,144.60844316507587,493,3710,186,28436.54572222222,159,59.07666666666664
피커 1명 · DD→PD (strict),greedy:count_ddweighted:time_asc:qty_desc,2026-07-27,64.73777777777775,310,65.37388888888887,0.48083145161290336,183,69.3822222222222,16.15506056466301,69.3822222222222,234,55.144861111111105,144.617572945359,493,3710,186,28436.54572222222,159,59.07666666666664
피커 1명 · DD→PD (strict),greedy:count_ddweighted:demand_desc:none,2026-07-27,64.73777777777777,310,62.329361111111105,0.3311424731182796,183,66.33769444444444,42.08383636915604,66.33769444444444,197,62.304361111111106,123.7231559734138,493,3710,186,16502.476333333332,30,56.03213888888888
피커 1명 · DD→PD (strict),greedy:count_ddweighted:demand_desc:time_asc,2026-07-27,64.73777777777777,310,62.329361111111105,0.3311424731182796,183,66.33769444444444,42.169895264116576,66.33769444444444,197,62.304361111111106,124.06982581128459,493,3710,186,16511.54961111111,30,56.03213888888888
피커 1명 · DD→PD (strict),greedy:count_ddweighted:demand_desc:cells_asc,2026-07-27,64.73777777777777,310,62.329361111111105,0.3311424731182796,183,66.33769444444444,42.08383636915604,66.33769444444444,197,62.304361111111106,123.71654669270067,493,3710,186,16502.476333333332,30,56.03213888888888
피커 1명 · DD→PD (strict),greedy:count_ddweighted:demand_desc:qty_desc,2026-07-27,64.73777777777777,310,62.329361111111105,0.3311424731182796,183,66.33769444444444,42.08104159077109,66.33769444444444,197,62.304361111111106,123.73570372467135,493,3710,186,16503.536111111112,30,56.03213888888888
피커 1명 · DD→PD (strict),greedy:count_ddweighted:cells_asc:none,2026-07-27,64.73777777777777,310,65.61555555555555,0.5107239247311828,183,69.62388888888887,13.844977383120813,69.62388888888887,230,56.46138888888889,119.77902380249432,493,3710,186,28990.839388888882,163,59.318333333333314
피커 1명 · DD→PD (strict),greedy:count_ddweighted:cells_asc:time_asc,2026-07-27,64.73777777777777,310,65.61555555555555,0.5178051075268818,183,69.62388888888887,11.852723891924702,69.62388888888887,244,55.42583333333334,129.5231015057092,493,3710,186,30123.889277777773,171,59.318333333333314
피커 1명 · DD→PD (strict),greedy:count_ddweighted:cells_asc:demand_desc,2026-07-27,64.73777777777777,310,65.61555555555555,0.45808629032258114,183,69.62388888888887,16.374274134790518,69.62388888888887,228,63.72027777777776,122.45283228138487,493,3710,186,28340.318472222218,145,59.318333333333314
피커 1명 · DD→PD (strict),greedy:count_ddweighted:cells_asc:qty_desc,2026-07-27,64.73777777777775,310,65.61555555555553,0.45808629032258114,183,69.62388888888887,16.36738585306617,69.62388888888887,228,63.72027777777775,122.39910710723488,493,3710,186,28343.474611111105,145,59.31833333333331
피커 1명 · DD→PD (strict),greedy:count_ddweighted:qty_desc:none,2026-07-27,64.73777777777777,310,62.329361111111105,0.3311424731182796,183,66.33769444444444,42.08104159077109,66.33769444444444,197,62.304361111111106,123.73580170817914,493,3710,186,16503.536111111112,30,56.03213888888888
피커 1명 · DD→PD (strict),greedy:count_ddweighted:qty_desc:time_asc,2026-07-27,64.73777777777777,310,62.329361111111105,0.3311424731182796,183,66.33769444444444,42.17232574377656,66.33769444444444,197,62.304361111111106,124.08965490962274,493,3710,186,16512.27361111111,30,56.03213888888888
피커 1명 · DD→PD (strict),greedy:count_ddweighted:qty_desc:demand_desc,2026-07-27,64.73777777777777,310,62.329361111111105,0.3311424731182796,183,66.33769444444444,42.08104159077109,66.33769444444444,197,62.304361111111106,123.73570372467135,493,3710,186,16503.536111111112,30,56.03213888888888
피커 1명 · DD→PD (strict),greedy:count_ddweighted:qty_desc:cells_asc,2026-07-27,64.73777777777777,310,62.329361111111105,0.3311424731182796,183,66.33769444444444,42.08104159077109,66.33769444444444,197,62.304361111111106,123.729192427466,493,3710,186,16503.536111111112,30,56.03213888888888
피커 1명 · DD→PD (strict),search:genetic,2026-07-27,64.73777777777775,310,61.92469444444443,0.4600754480286744,183,65.93302777777777,31.904613236186986,65.93302777777777,197,61.45319444444443,140.4646726960733,493,3710,186,20638.409111111112,66,55.6274722222222
피커 1명 · DD→PD (strict),sort:qty_desc,2026-07-28,64.5703611111111,205,64.58980555555554,0.14442574525745264,147,67.37869444444443,50.412613378684796,67.37869444444443,174,59.19866666666666,113.71998154708484,352,2570,187,14068.880999999994,31,60.23980555555554
피커 1명 · DD→PD (strict),sort:qty_asc,2026-07-28,64.57036111111111,205,66.68425,0.5885425474254743,147,69.4731388888889,5.876890211640212,69.4731388888889,217,64.57036111111111,100.22153526162987,352,2570,187,22911.211555555554,186,62.334250000000004
피커 1명 · DD→PD (strict),sort:time_asc,2026-07-28,64.57036111111113,205,65.34825000000002,0.2947360433604333,147,68.13713888888891,6.729347694633411,68.13713888888891,218,57.921722222222236,132.66987941394336,352,2570,187,21690.294777777788,180,60.99825000000002
피커 1명 · DD→PD (strict),sort:demand_desc,2026-07-28,64.5703611111111,205,64.58980555555554,0.14442574525745264,147,67.37869444444443,50.42742328042326,67.37869444444443,174,59.19866666666666,113.74349458471254,352,2570,187,14069.522777777775,31,60.23980555555554
피커 1명 · DD→PD (strict),sort:cells_asc,2026-07-28,64.5703611111111,205,67.01699999999998,0.919054065040649,147,69.80588888888887,6.226659486016625,69.80588888888887,223,64.5703611111111,98.26947463840202,352,2570,187,23067.95224999999,186,62.66699999999998
피커 1명 · DD→PD (strict),sort:code,2026-07-28,64.57036111111111,205,64.88891666666666,0.2239130081300813,147,67.67780555555555,7.792294217687068,67.67780555555555,219,59.86516666666667,122.53298697546093,352,2570,187,22005.77202777778,173,60.53891666666666
피커 1명 · DD→PD (strict),sort:random,2026-07-28,64.57036111111111,205,64.68980555555557,0.2346138211382114,147,67.47869444444444,7.579308201058202,67.47869444444444,224,57.279444444444444,118.12335663149643,352,2570,187,21566.775027777778,174,60.33980555555556
피커 1명 · DD→PD (strict),greedy:count:none:none,2026-07-28,64.5703611111111,205,65.20369444444444,0.18817249322493226,147,67.99258333333333,18.94926681783825,67.99258333333333,184,45.193694444444425,114.30294766626912,352,2570,187,20476.023194444435,138,60.853694444444436
피커 1명 · DD→PD (strict),greedy:count:time_asc:none,2026-07-28,64.57036111111113,205,65.09258333333335,0.17392479674796749,147,67.88147222222223,21.95917573696147,67.88147222222223,190,51.26938888888887,127.70067597401189,352,2570,187,19953.212944444444,137,60.74258333333334
피커 1명 · DD→PD (strict),greedy:count:time_asc:demand_desc,2026-07-28,64.57036111111113,205,65.09258333333335,0.17392479674796749,147,67.88147222222223,21.95917573696147,67.88147222222223,190,51.26938888888887,127.70067597401189,352,2570,187,19953.212944444444,137,60.74258333333334
피커 1명 · DD→PD (strict),greedy:count:time_asc:cells_asc,2026-07-28,64.57036111111113,205,65.09258333333335,0.17392479674796749,147,67.88147222222223,21.95917573696147,67.88147222222223,190,51.26938888888887,127.70067597401189,352,2570,187,19953.212944444444,137,60.74258333333334
피커 1명 · DD→PD (strict),greedy:count:time_asc:qty_desc,2026-07-28,64.57036111111113,205,65.09258333333335,0.17392479674796749,147,67.88147222222223,21.95917573696147,67.88147222222223,190,51.26938888888887,127.70067597401189,352,2570,187,19953.212944444444,137,60.74258333333334
피커 1명 · DD→PD (strict),greedy:count:demand_desc:none,2026-07-28,64.57036111111111,205,63.95566666666667,0.1404471544715447,147,66.74455555555556,51.021897770219205,66.74455555555556,167,62.663111111111114,109.77528587433683,352,2570,187,13742.650055555552,30,59.60566666666667
피커 1명 · DD→PD (strict),greedy:count:demand_desc:time_asc,2026-07-28,64.57036111111111,205,64.60925,0.14042005420054202,147,67.3981388888889,51.773481859410424,67.3981388888889,169,63.73563888888889,110.82783443162995,352,2570,187,13854.969694444442,30,60.25925
피커 1명 · DD→PD (strict),greedy:count:demand_desc:cells_asc,2026-07-28,64.57036111111111,205,63.95566666666667,0.1404471544715447,147,66.74455555555556,51.04733087679516,66.74455555555556,167,62.663111111111114,109.59082971395088,352,2570,187,13725.202944444443,30,59.60566666666667
피커 1명 · DD→PD (strict),greedy:count:demand_desc:qty_desc,2026-07-28,64.57036111111111,205,63.95566666666667,0.1404471544715447,147,66.74455555555556,51.008228458049885,66.74455555555556,167,62.663111111111114,109.83281074944108,352,2570,187,13745.607666666665,30,59.60566666666667
피커 1명 · DD→PD (strict),greedy:count:cells_asc:none,2026-07-28,64.57036111111111,205,65.20369444444444,0.1936829268292683,147,67.99258333333333,18.118114512471656,67.99258333333333,177,53.49386111111111,105.04541753532757,352,2570,187,20403.052083333332,140,60.85369444444444
피커 1명 · DD→PD (strict),greedy:count:cells_asc:time_asc,2026-07-28,64.57036111111111,205,65.20369444444444,0.19313482384823846,147,67.99258333333333,14.310061035525333,67.99258333333333,182,51.75036111111109,113.27687578669732,352,2570,187,21032.726527777773,164,60.85369444444444
피커 1명 · DD→PD (strict),greedy:count:cells_asc:demand_desc,2026-07-28,64.57036111111111,205,65.20369444444445,0.19167140921409215,147,67.99258333333334,17.231839191232048,67.99258333333334,184,51.04033333333334,103.41129159103548,352,2570,187,20687.834777777778,151,60.85369444444445
피커 1명 · DD→PD (strict),greedy:count:cells_asc:qty_desc,2026-07-28,64.57036111111111,205,65.20369444444445,0.19167140921409215,147,67.99258333333334,17.225064814814814,67.99258333333334,184,51.04033333333334,103.4042270950304,352,2570,187,20684.617222222223,151,60.85369444444445
피커 1명 · DD→PD (strict),greedy:count:qty_desc:none,2026-07-28,64.57036111111111,205,63.95566666666667,0.1404471544715447,147,66.74455555555556,50.96360941043084,66.74455555555556,167,62.663111111111114,109.89867879360949,352,2570,187,13746.764277777775,30,59.60566666666667
피커 1명 · DD→PD (strict),greedy:count:qty_desc:time_asc,2026-07-28,64.57036111111111,205,64.60925,0.14042005420054202,147,67.3981388888889,51.75643348450491,67.3981388888889,169,63.73563888888889,110.77000395246655,352,2570,187,13851.451694444442,30,60.25925
피커 1명 · DD→PD (strict),greedy:count:qty_desc:demand_desc,2026-07-28,64.57036111111111,205,63.95566666666667,0.1404471544715447,147,66.74455555555556,51.008228458049885,66.74455555555556,167,62.663111111111114,109.83281074944108,352,2570,187,13745.607666666665,30,59.60566666666667
피커 1명 · DD→PD (strict),greedy:count:qty_desc:cells_asc,2026-07-28,64.57036111111111,205,63.95566666666667,0.1404471544715447,147,66.74455555555556,50.98904251700681,66.74455555555556,167,62.663111111111114,109.71422263322353,352,2570,187,13729.317166666664,30,59.60566666666667
피커 1명 · DD→PD (strict),greedy:count_partial:none:none,2026-07-28,64.5703611111111,205,63.95566666666666,0.1140650406504065,147,66.74455555555555,52.36180782312924,66.74455555555555,169,60.91827777777777,110.33690305160138,352,2570,187,13525.812388888886,21,59.60566666666666
피커 1명 · DD→PD (strict),greedy:count_partial:time_asc:none,2026-07-28,64.5703611111111,205,64.60924999999999,0.11388888888888889,147,67.39813888888888,53.02944160997732,67.39813888888888,169,63.73563888888888,110.67185130812629,352,2570,187,13604.275777777775,21,60.25924999999999
피커 1명 · DD→PD (strict),greedy:count_partial:time_asc:demand_desc,2026-07-28,64.5703611111111,205,64.60924999999999,0.11388888888888889,147,67.39813888888888,53.02944160997732,67.39813888888888,169,63.73563888888888,110.67185130812629,352,2570,187,13604.275777777775,21,60.25924999999999
피커 1명 · DD→PD (strict),greedy:count_partial:time_asc:cells_asc,2026-07-28,64.5703611111111,205,64.60924999999999,0.11388888888888889,147,67.39813888888888,53.02944160997732,67.39813888888888,169,63.73563888888888,110.67185130812629,352,2570,187,13604.275777777775,21,60.25924999999999
피커 1명 · DD→PD (strict),greedy:count_partial:time_asc:qty_desc,2026-07-28,64.5703611111111,205,64.60924999999999,0.11388888888888889,147,67.39813888888888,53.02944160997732,67.39813888888888,169,63.73563888888888,110.67185130812629,352,2570,187,13604.275777777775,21,60.25924999999999
피커 1명 · DD→PD (strict),greedy:count_partial:demand_desc:none,2026-07-28,64.5703611111111,205,63.95566666666666,0.1140650406504065,147,66.74455555555555,52.36095729402871,66.74455555555555,171,57.05013888888888,110.51760942632026,352,2570,187,13535.819222222219,21,59.60566666666666
피커 1명 · DD→PD (strict),greedy:count_partial:demand_desc:time_asc,2026-07-28,64.5703611111111,205,64.60924999999999,0.11388888888888889,147,67.39813888888888,53.02073091458805,67.39813888888888,170,56.32316666666666,110.93668799789641,352,2570,187,13618.51997222222,21,60.25924999999999
피커 1명 · DD→PD (strict),greedy:count_partial:demand_desc:cells_asc,2026-07-28,64.5703611111111,205,63.95566666666666,0.1140650406504065,147,66.74455555555555,52.36095729402871,66.74455555555555,171,57.05013888888888,110.51455299724823,352,2570,187,13535.819222222219,21,59.60566666666666
피커 1명 · DD→PD (strict),greedy:count_partial:demand_desc:qty_desc,2026-07-28,64.5703611111111,205,63.95566666666666,0.1140650406504065,147,66.74455555555555,52.36095729402871,66.74455555555555,171,57.05013888888888,110.51760942632026,352,2570,187,13535.819222222219,21,59.60566666666666
피커 1명 · DD→PD (strict),greedy:count_partial:cells_asc:none,2026-07-28,64.5703611111111,205,63.95566666666666,0.1140650406504065,147,66.74455555555555,52.36180782312924,66.74455555555555,169,60.91827777777777,110.33384662252935,352,2570,187,13525.812388888886,21,59.60566666666666
피커 1명 · DD→PD (strict),greedy:count_partial:cells_asc:time_asc,2026-07-28,64.5703611111111,205,64.60924999999999,0.11388888888888889,147,67.39813888888888,53.02944160997732,67.39813888888888,169,63.73563888888888,110.66176365733806,352,2570,187,13604.275777777775,21,60.25924999999999
피커 1명 · DD→PD (strict),greedy:count_partial:cells_asc:demand_desc,2026-07-28,64.5703611111111,205,63.95566666666666,0.1140650406504065,147,66.74455555555555,52.36095729402871,66.74455555555555,171,57.05013888888888,110.51455299724823,352,2570,187,13535.819222222219,21,59.60566666666666
피커 1명 · DD→PD (strict),greedy:count_partial:cells_asc:qty_desc,2026-07-28,64.5703611111111,205,63.95566666666666,0.1140650406504065,147,66.74455555555555,52.36095729402871,66.74455555555555,171,57.05013888888888,110.51455299724823,352,2570,187,13535.819222222219,21,59.60566666666666
피커 1명 · DD→PD (strict),greedy:count_partial:qty_desc:none,2026-07-28,64.5703611111111,205,63.95566666666666,0.1140650406504065,147,66.74455555555555,52.36095729402871,66.74455555555555,171,57.05013888888888,110.51760942632026,352,2570,187,13535.819222222219,21,59.60566666666666
피커 1명 · DD→PD (strict),greedy:count_partial:qty_desc:time_asc,2026-07-28,64.5703611111111,205,64.60924999999999,0.11388888888888889,147,67.39813888888888,53.02073091458805,67.39813888888888,170,56.32316666666666,110.93668799789641,352,2570,187,13618.51997222222,21,60.25924999999999
피커 1명 · DD→PD (strict),greedy:count_partial:qty_desc:demand_desc,2026-07-28,64.5703611111111,205,63.95566666666666,0.1140650406504065,147,66.74455555555555,52.36095729402871,66.74455555555555,171,57.05013888888888,110.51760942632026,352,2570,187,13535.819222222219,21,59.60566666666666
피커 1명 · DD→PD (strict),greedy:count_partial:qty_desc:cells_asc,2026-07-28,64.5703611111111,205,63.95566666666666,0.1140650406504065,147,66.74455555555555,52.36095729402871,66.74455555555555,171,57.05013888888888,110.51455299724823,352,2570,187,13535.819222222219,21,59.60566666666666
피커 1명 · DD→PD (strict),greedy:count_ddweighted:none:none,2026-07-28,64.5703611111111,205,65.20369444444444,0.18978956639566397,147,67.99258333333333,18.45856764928194,67.99258333333333,181,45.44666666666665,114.19976075821997,352,2570,187,20482.56155555555,138,60.853694444444436
피커 1명 · DD→PD (strict),greedy:count_ddweighted:time_asc:none,2026-07-28,64.57036111111113,205,65.09258333333335,0.17347764227642276,147,67.88147222222223,21.984953703703727,67.88147222222223,190,51.338777777777764,127.38306803566509,352,2570,187,19911.74205555556,137,60.74258333333334
피커 1명 · DD→PD (strict),greedy:count_ddweighted:time_asc:demand_desc,2026-07-28,64.57036111111113,205,65.09258333333335,0.17347764227642276,147,67.88147222222223,21.984953703703727,67.88147222222223,190,51.338777777777764,127.38306803566509,352,2570,187,19911.74205555556,137,60.74258333333334
피커 1명 · DD→PD (strict),greedy:count_ddweighted:time_asc:cells_asc,2026-07-28,64.57036111111113,205,65.09258333333335,0.17347764227642276,147,67.88147222222223,21.984953703703727,67.88147222222223,190,51.338777777777764,127.38306803566509,352,2570,187,19911.74205555556,137,60.74258333333334
피커 1명 · DD→PD (strict),greedy:count_ddweighted:time_asc:qty_desc,2026-07-28,64.57036111111113,205,65.09258333333335,0.17347764227642276,147,67.88147222222223,21.984953703703727,67.88147222222223,190,51.338777777777764,127.38306803566509,352,2570,187,19911.74205555556,137,60.74258333333334
피커 1명 · DD→PD (strict),greedy:count_ddweighted:demand_desc:none,2026-07-28,64.57036111111111,205,63.95566666666667,0.1404471544715447,147,66.74455555555556,50.99021995464852,66.74455555555556,167,62.663111111111114,109.67183715359224,352,2570,187,13738.09372222222,30,59.60566666666667
피커 1명 · DD→PD (strict),greedy:count_ddweighted:demand_desc:time_asc,2026-07-28,64.57036111111111,205,64.60925,0.14042005420054202,147,67.3981388888889,51.72753004535147,67.3981388888889,169,63.73563888888889,110.7485477055293,352,2570,187,13847.780944444445,30,60.25925
피커 1명 · DD→PD (strict),greedy:count_ddweighted:demand_desc:cells_asc,2026-07-28,64.57036111111111,205,63.95566666666667,0.1404471544715447,147,66.74455555555556,51.0156530612245,66.74455555555556,167,62.663111111111114,109.48738099320627,352,2570,187,13720.64661111111,30,59.60566666666667
피커 1명 · DD→PD (strict),greedy:count_ddweighted:demand_desc:qty_desc,2026-07-28,64.57036111111111,205,63.95566666666667,0.1404471544715447,147,66.74455555555556,50.97655064247921,66.74455555555556,167,62.663111111111114,109.7293620286965,352,2570,187,13741.051333333331,30,59.60566666666667
피커 1명 · DD→PD (strict),greedy:count_ddweighted:cells_asc:none,2026-07-28,64.57036111111111,205,65.20369444444445,0.19192032520325206,147,67.99258333333334,18.4206164021164,67.99258333333334,179,46.60563888888889,105.14597915704041,352,2570,187,20376.21736111111,138,60.85369444444445
피커 1명 · DD→PD (strict),greedy:count_ddweighted:cells_asc:time_asc,2026-07-28,64.57036111111111,205,65.20369444444444,0.19253861788617885,147,67.99258333333333,15.457912509448235,67.99258333333333,179,51.91966666666665,113.35423757411449,352,2570,187,20886.407861111107,157,60.85369444444444
피커 1명 · DD→PD (strict),greedy:count_ddweighted:cells_asc:demand_desc,2026-07-28,64.57036111111111,205,65.20369444444445,0.191590108401084,147,67.99258333333334,17.59019803476946,67.99258333333334,182,49.94386111111112,103.98703249088034,352,2570,187,20624.446666666667,148,60.85369444444445
피커 1명 · DD→PD (strict),greedy:count_ddweighted:cells_asc:qty_desc,2026-07-28,64.57036111111111,205,65.20369444444445,0.191590108401084,147,67.99258333333334,17.583423658352228,67.99258333333334,182,49.94386111111112,103.97996799487525,352,2570,187,20621.22911111111,148,60.85369444444445
피커 1명 · DD→PD (strict),greedy:count_ddweighted:qty_desc:none,2026-07-28,64.57036111111111,205,63.95566666666667,0.1404471544715447,147,66.74455555555556,50.931931594860174,66.74455555555556,167,62.663111111111114,109.79523007286488,352,2570,187,13742.207944444443,30,59.60566666666667
피커 1명 · DD→PD (strict),greedy:count_ddweighted:qty_desc:time_asc,2026-07-28,64.57036111111111,205,64.60925,0.14042005420054202,147,67.3981388888889,51.71048167044595,67.3981388888889,169,63.73563888888889,110.6907172263659,352,2570,187,13844.262944444445,30,60.25925
피커 1명 · DD→PD (strict),greedy:count_ddweighted:qty_desc:demand_desc,2026-07-28,64.57036111111111,205,63.95566666666667,0.1404471544715447,147,66.74455555555556,50.97655064247921,66.74455555555556,167,62.663111111111114,109.7293620286965,352,2570,187,13741.051333333331,30,59.60566666666667
피커 1명 · DD→PD (strict),greedy:count_ddweighted:qty_desc:cells_asc,2026-07-28,64.57036111111111,205,63.95566666666667,0.1404471544715447,147,66.74455555555556,50.957364701436134,66.74455555555556,167,62.663111111111114,109.61077391247893,352,2570,187,13724.760833333332,30,59.60566666666667
피커 1명 · DD→PD (strict),search:genetic,2026-07-28,64.5703611111111,205,63.95566666666665,0.1405691056910569,147,66.74455555555554,50.619705971277384,66.74455555555554,167,62.66311111111109,110.01519807691349,352,2570,187,13858.590361111108,30,59.60566666666665
피커 1명 · DD→PD (strict),sort:qty_desc,2026-07-29,66.018,216,66.02355555555556,0.19292875514403296,111,68.14855555555556,52.60281256256258,68.14855555555556,170,57.488194444444446,109.6912614924585,327,2417,194,11865.343027777779,21,61.43466666666667
피커 1명 · DD→PD (strict),sort:qty_asc,2026-07-29,66.018,216,67.00133333333333,0.5626586934156383,111,69.12633333333333,3.9585955955955967,69.12633333333333,208,63.75044444444445,99.42764415233302,327,2417,194,21261.212055555556,189,62.412444444444446
피커 1명 · DD→PD (strict),sort:time_asc,2026-07-29,66.018,216,66.77355555555555,0.25012474279835384,111,68.89855555555555,5.351357107107112,68.89855555555555,212,55.62377777777776,131.46233875246537,327,2417,194,20023.740333333335,188,62.184666666666665
피커 1명 · DD→PD (strict),sort:demand_desc,2026-07-29,66.018,216,66.02355555555556,0.19273585390946507,111,68.14855555555556,52.63959934934937,68.14855555555556,171,57.079861111111114,109.82560606974634,327,2417,194,11865.235444444446,21,61.43466666666667
피커 1명 · DD→PD (strict),sort:cells_asc,2026-07-29,66.018,216,68.51994444444445,0.8917147633744861,111,70.64494444444445,5.575104354354355,70.64494444444445,218,66.018,100.46714438164564,327,2417,194,21680.84377777778,193,63.93105555555555
피커 1명 · DD→PD (strict),sort:code,2026-07-29,66.018,216,66.05411111111111,0.27300244341563695,111,68.17911111111111,6.804501001001001,68.17911111111111,218,59.02219444444445,121.05881689080395,327,2417,194,20627.319888888887,178,61.46522222222222
피커 1명 · DD→PD (strict),sort:random,2026-07-29,66.01800000000003,216,66.47633333333336,0.2556395318930042,111,68.60133333333336,20.327205705705715,68.60133333333336,215,61.04730555555558,119.41663548813435,327,2417,194,20122.689027777786,164,61.887444444444476
피커 1명 · DD→PD (strict),greedy:count:none:none,2026-07-29,66.01800000000001,216,66.48744444444446,0.20661676954732508,111,68.61244444444446,15.263969219219222,68.61244444444446,187,51.1791388888889,111.4672812026325,327,2417,194,19251.70144444445,155,61.89855555555557
피커 1명 · DD→PD (strict),greedy:count:time_asc:none,2026-07-29,66.01799999999999,216,66.48744444444444,0.22174369855967074,111,68.61244444444444,13.426630630630635,68.61244444444444,193,52.75216666666665,125.73484847258028,327,2417,194,18447.497111111108,164,61.89855555555555
피커 1명 · DD→PD (strict),greedy:count:time_asc:demand_desc,2026-07-29,66.01799999999999,216,66.48744444444444,0.22174369855967074,111,68.61244444444444,13.426630630630635,68.61244444444444,193,52.75216666666665,125.73484847258028,327,2417,194,18447.497111111108,164,61.89855555555555
피커 1명 · DD→PD (strict),greedy:count:time_asc:cells_asc,2026-07-29,66.01799999999999,216,66.48744444444444,0.22174369855967074,111,68.61244444444444,13.426630630630635,68.61244444444444,193,52.75216666666665,125.73484847258028,327,2417,194,18447.497111111108,164,61.89855555555555
피커 1명 · DD→PD (strict),greedy:count:time_asc:qty_desc,2026-07-29,66.01799999999999,216,66.48744444444444,0.22174369855967074,111,68.61244444444444,13.426630630630635,68.61244444444444,193,52.75216666666665,125.73484847258028,327,2417,194,18447.497111111108,164,61.89855555555555
피커 1명 · DD→PD (strict),greedy:count:demand_desc:none,2026-07-29,66.018,216,66.07633333333334,0.13923611111111112,111,68.20133333333334,54.51966266266267,68.20133333333334,162,58.329055555555556,106.1540659029149,327,2417,194,11332.895666666669,20,61.48744444444445
피커 1명 · DD→PD (strict),greedy:count:demand_desc:time_asc,2026-07-29,66.018,216,66.07633333333332,0.13923611111111112,111,68.20133333333332,54.684506256256256,68.20133333333332,165,59.722166666666666,107.27485085009744,327,2417,194,11356.670555555556,20,61.48744444444444
피커 1명 · DD→PD (strict),greedy:count:demand_desc:cells_asc,2026-07-29,66.018,216,66.07633333333334,0.13923611111111112,111,68.20133333333334,54.51966266266267,68.20133333333334,162,58.329055555555556,106.1540659029149,327,2417,194,11332.895666666669,20,61.48744444444445
피커 1명 · DD→PD (strict),greedy:count:demand_desc:qty_desc,2026-07-29,66.018,216,66.07633333333334,0.13923611111111112,111,68.20133333333334,54.5226418918919,68.20133333333334,162,58.329055555555556,106.16138410457926,327,2417,194,11334.177472222224,20,61.48744444444445
피커 1명 · DD→PD (strict),greedy:count:cells_asc:none,2026-07-29,66.018,216,66.48744444444445,0.20715895061728398,111,68.61244444444445,9.933770770770776,68.61244444444445,184,52.3581388888889,99.82392406949177,327,2417,194,19461.06236111111,178,61.89855555555556
피커 1명 · DD→PD (strict),greedy:count:cells_asc:time_asc,2026-07-29,66.018,216,66.48744444444445,0.20749099794238685,111,68.61244444444445,7.866171671671677,68.61244444444445,182,52.61130555555557,107.85100127608858,327,2417,194,19640.37216666667,187,61.89855555555556
피커 1명 · DD→PD (strict),greedy:count:cells_asc:demand_desc,2026-07-29,66.01800000000001,216,66.48744444444446,0.19387422839506188,111,68.61244444444446,18.246170420420434,68.61244444444446,177,50.50727777777779,105.85193567088575,327,2417,194,18178.799666666673,146,61.898555555555575
피커 1명 · DD→PD (strict),greedy:count:cells_asc:qty_desc,2026-07-29,66.01800000000001,216,66.48744444444446,0.19387422839506188,111,68.61244444444446,18.253905905905917,68.61244444444446,177,50.50727777777779,105.86916165191936,327,2417,194,18179.020777777787,146,61.898555555555575
피커 1명 · DD→PD (strict),greedy:count:qty_desc:none,2026-07-29,66.018,216,66.07633333333334,0.13923611111111112,111,68.20133333333334,54.52650850850851,68.20133333333334,162,58.329055555555556,106.16988263507393,327,2417,194,11334.398583333335,20,61.48744444444445
피커 1명 · DD→PD (strict),greedy:count:qty_desc:time_asc,2026-07-29,66.018,216,66.07633333333332,0.13923611111111112,111,68.20133333333332,54.692402902902906,68.20133333333332,165,59.722166666666666,107.28033542843737,327,2417,194,11357.73125,20,61.48744444444444
피커 1명 · DD→PD (strict),greedy:count:qty_desc:demand_desc,2026-07-29,66.018,216,66.07633333333334,0.13923611111111112,111,68.20133333333334,54.5226418918919,68.20133333333334,162,58.329055555555556,106.16138410457926,327,2417,194,11334.177472222224,20,61.48744444444445
피커 1명 · DD→PD (strict),greedy:count:qty_desc:cells_asc,2026-07-29,66.018,216,66.07633333333334,0.13923611111111112,111,68.20133333333334,54.52650850850851,68.20133333333334,162,58.329055555555556,106.16988263507393,327,2417,194,11334.398583333335,20,61.48744444444445
피커 1명 · DD→PD (strict),greedy:count_partial:none:none,2026-07-29,66.018,216,66.07633333333332,0.1464506172839506,111,68.20133333333332,54.44626151151151,68.20133333333332,162,58.32905555555555,105.81626377457593,327,2417,194,11251.269722222221,23,61.48744444444444
피커 1명 · DD→PD (strict),greedy:count_partial:time_asc:none,2026-07-29,66.018,216,66.07633333333332,0.1464506172839506,111,68.20133333333332,54.46410385385385,68.20133333333332,162,58.32905555555555,105.98866387428073,327,2417,194,11245.162333333335,23,61.48744444444444
피커 1명 · DD→PD (strict),greedy:count_partial:time_asc:demand_desc,2026-07-29,66.018,216,66.07633333333332,0.1464506172839506,111,68.20133333333332,54.46410385385385,68.20133333333332,162,58.32905555555555,105.98866387428073,327,2417,194,11245.162333333335,23,61.48744444444444
피커 1명 · DD→PD (strict),greedy:count_partial:time_asc:cells_asc,2026-07-29,66.018,216,66.07633333333332,0.1464506172839506,111,68.20133333333332,54.46410385385385,68.20133333333332,162,58.32905555555555,105.98866387428073,327,2417,194,11245.162333333335,23,61.48744444444444
피커 1명 · DD→PD (strict),greedy:count_partial:time_asc:qty_desc,2026-07-29,66.018,216,66.07633333333332,0.1464506172839506,111,68.20133333333332,54.46410385385385,68.20133333333332,162,58.32905555555555,105.98866387428073,327,2417,194,11245.162333333335,23,61.48744444444444
피커 1명 · DD→PD (strict),greedy:count_partial:demand_desc:none,2026-07-29,66.018,216,66.07633333333332,0.1464506172839506,111,68.20133333333332,54.42288788788788,68.20133333333332,163,59.74725,106.11566570871864,327,2417,194,11265.81625,23,61.48744444444444
피커 1명 · DD→PD (strict),greedy:count_partial:demand_desc:time_asc,2026-07-29,66.018,216,66.07633333333332,0.1464506172839506,111,68.20133333333332,54.431079579579574,68.20133333333332,164,59.87405555555555,106.16655954917795,327,2417,194,11257.96466666667,23,61.48744444444444
피커 1명 · DD→PD (strict),greedy:count_partial:demand_desc:cells_asc,2026-07-29,66.018,216,66.07633333333332,0.1464506172839506,111,68.20133333333332,54.42288788788788,68.20133333333332,163,59.74725,106.11566570871864,327,2417,194,11265.81625,23,61.48744444444444
피커 1명 · DD→PD (strict),greedy:count_partial:demand_desc:qty_desc,2026-07-29,66.018,216,66.07633333333332,0.1464506172839506,111,68.20133333333332,54.40817317317317,68.20133333333332,163,59.74725,106.0710038252755,327,2417,194,11264.811916666667,23,61.48744444444444
피커 1명 · DD→PD (strict),greedy:count_partial:cells_asc:none,2026-07-29,66.018,216,66.07633333333332,0.1464506172839506,111,68.20133333333332,54.44626151151151,68.20133333333332,162,58.32905555555555,105.81626377457593,327,2417,194,11251.269722222221,23,61.48744444444444
피커 1명 · DD→PD (strict),greedy:count_partial:cells_asc:time_asc,2026-07-29,66.018,216,66.07633333333332,0.1464506172839506,111,68.20133333333332,54.46410385385385,68.20133333333332,162,58.32905555555555,105.98866387428073,327,2417,194,11245.162333333335,23,61.48744444444444
피커 1명 · DD→PD (strict),greedy:count_partial:cells_asc:demand_desc,2026-07-29,66.018,216,66.07633333333332,0.1464506172839506,111,68.20133333333332,54.42288788788788,68.20133333333332,163,59.74725,106.11566570871864,327,2417,194,11265.81625,23,61.48744444444444
피커 1명 · DD→PD (strict),greedy:count_partial:cells_asc:qty_desc,2026-07-29,66.018,216,66.07633333333332,0.1464506172839506,111,68.20133333333332,54.40817317317317,68.20133333333332,163,59.74725,106.0710038252755,327,2417,194,11264.811916666667,23,61.48744444444444
피커 1명 · DD→PD (strict),greedy:count_partial:qty_desc:none,2026-07-29,66.018,216,66.07633333333332,0.1464506172839506,111,68.20133333333332,54.40817317317317,68.20133333333332,163,59.74725,106.0710038252755,327,2417,194,11264.811916666667,23,61.48744444444444
피커 1명 · DD→PD (strict),greedy:count_partial:qty_desc:time_asc,2026-07-29,66.018,216,66.07633333333332,0.1464506172839506,111,68.20133333333332,54.41636486486486,68.20133333333332,164,59.87405555555555,106.11847764462084,327,2417,194,11257.952083333334,23,61.48744444444444
피커 1명 · DD→PD (strict),greedy:count_partial:qty_desc:demand_desc,2026-07-29,66.018,216,66.07633333333332,0.1464506172839506,111,68.20133333333332,54.40817317317317,68.20133333333332,163,59.74725,106.0710038252755,327,2417,194,11264.811916666667,23,61.48744444444444
피커 1명 · DD→PD (strict),greedy:count_partial:qty_desc:cells_asc,2026-07-29,66.018,216,66.07633333333332,0.1464506172839506,111,68.20133333333332,54.40817317317317,68.20133333333332,163,59.74725,106.0710038252755,327,2417,194,11264.811916666667,23,61.48744444444444
피커 1명 · DD→PD (strict),greedy:count_ddweighted:none:none,2026-07-29,66.01800000000001,216,66.48744444444446,0.20080632716049385,111,68.61244444444446,16.312824324324325,68.61244444444446,185,49.58400000000002,110.80376778103098,327,2417,194,19029.324500000006,145,61.89855555555557
피커 1명 · DD→PD (strict),greedy:count_ddweighted:time_asc:none,2026-07-29,66.01799999999999,216,66.48744444444444,0.22157651748971188,111,68.61244444444444,13.597775525525526,68.61244444444444,193,52.75216666666665,125.74147142079829,327,2417,194,18455.288388888886,164,61.89855555555555
피커 1명 · DD→PD (strict),greedy:count_ddweighted:time_asc:demand_desc,2026-07-29,66.01799999999999,216,66.48744444444444,0.22157651748971188,111,68.61244444444444,13.597775525525526,68.61244444444444,193,52.75216666666665,125.74147142079829,327,2417,194,18455.288388888886,164,61.89855555555555
피커 1명 · DD→PD (strict),greedy:count_ddweighted:time_asc:cells_asc,2026-07-29,66.01799999999999,216,66.48744444444444,0.22157651748971188,111,68.61244444444444,13.597775525525526,68.61244444444444,193,52.75216666666665,125.74147142079829,327,2417,194,18455.288388888886,164,61.89855555555555
피커 1명 · DD→PD (strict),greedy:count_ddweighted:time_asc:qty_desc,2026-07-29,66.01799999999999,216,66.48744444444444,0.22157651748971188,111,68.61244444444444,13.597775525525526,68.61244444444444,193,52.75216666666665,125.74147142079829,327,2417,194,18455.288388888886,164,61.89855555555555
피커 1명 · DD→PD (strict),greedy:count_ddweighted:demand_desc:none,2026-07-29,66.018,216,66.07633333333334,0.13923611111111112,111,68.20133333333334,54.49807107107109,68.20133333333334,162,58.329055555555556,106.11949424253682,327,2417,194,11331.315972222224,20,61.48744444444445
피커 1명 · DD→PD (strict),greedy:count_ddweighted:demand_desc:time_asc,2026-07-29,66.018,216,66.07633333333332,0.13923611111111112,111,68.20133333333332,54.66295995995995,68.20133333333332,165,59.722166666666666,107.21128334082748,327,2417,194,11354.268916666668,20,61.48744444444444
피커 1명 · DD→PD (strict),greedy:count_ddweighted:demand_desc:cells_asc,2026-07-29,66.018,216,66.07633333333334,0.13923611111111112,111,68.20133333333334,54.49807107107109,68.20133333333334,162,58.329055555555556,106.11949424253682,327,2417,194,11331.315972222224,20,61.48744444444445
피커 1명 · DD→PD (strict),greedy:count_ddweighted:demand_desc:qty_desc,2026-07-29,66.018,216,66.07633333333334,0.13923611111111112,111,68.20133333333334,54.50105030030031,68.20133333333334,162,58.329055555555556,106.12681244420118,327,2417,194,11332.59777777778,20,61.48744444444445
피커 1명 · DD→PD (strict),greedy:count_ddweighted:cells_asc:none,2026-07-29,66.018,216,66.48744444444445,0.19034927983539113,111,68.61244444444445,11.228901151151158,68.61244444444445,184,51.919194444444464,99.83167736011607,327,2417,194,19334.50741666667,170,61.89855555555556
피커 1명 · DD→PD (strict),greedy:count_ddweighted:cells_asc:time_asc,2026-07-29,66.018,216,66.48744444444445,0.19288850308641992,111,68.61244444444445,14.397908408408407,68.61244444444445,189,55.946944444444455,111.09236986487711,327,2417,194,19394.407222222224,169,61.89855555555556
피커 1명 · DD→PD (strict),greedy:count_ddweighted:cells_asc:demand_desc,2026-07-29,66.01800000000001,216,66.48744444444446,0.19387422839506188,111,68.61244444444446,18.21396821821823,68.61244444444446,177,50.50727777777779,105.81705092370677,327,2417,194,18168.744222222227,146,61.898555555555575
피커 1명 · DD→PD (strict),greedy:count_ddweighted:cells_asc:qty_desc,2026-07-29,66.01800000000001,216,66.48744444444446,0.19387422839506188,111,68.61244444444446,18.221703703703714,68.61244444444446,177,50.50727777777779,105.83427690474034,327,2417,194,18168.965333333337,146,61.898555555555575
피커 1명 · DD→PD (strict),greedy:count_ddweighted:qty_desc:none,2026-07-29,66.018,216,66.07633333333334,0.13923611111111112,111,68.20133333333334,54.504916916916926,68.20133333333334,162,58.329055555555556,106.13531097469586,327,2417,194,11332.81888888889,20,61.48744444444445
피커 1명 · DD→PD (strict),greedy:count_ddweighted:qty_desc:time_asc,2026-07-29,66.018,216,66.07633333333332,0.13923611111111112,111,68.20133333333332,54.6708566066066,68.20133333333332,165,59.722166666666666,107.21676791916744,327,2417,194,11355.329611111112,20,61.48744444444444
피커 1명 · DD→PD (strict),greedy:count_ddweighted:qty_desc:demand_desc,2026-07-29,66.018,216,66.07633333333334,0.13923611111111112,111,68.20133333333334,54.50105030030031,68.20133333333334,162,58.329055555555556,106.12681244420118,327,2417,194,11332.59777777778,20,61.48744444444445
피커 1명 · DD→PD (strict),greedy:count_ddweighted:qty_desc:cells_asc,2026-07-29,66.018,216,66.07633333333334,0.13923611111111112,111,68.20133333333334,54.504916916916926,68.20133333333334,162,58.329055555555556,106.13531097469586,327,2417,194,11332.81888888889,20,61.48744444444445
피커 1명 · DD→PD (strict),search:genetic,2026-07-29,66.018,216,66.07633333333332,0.1464506172839506,111,68.20133333333332,54.111865615615606,68.20133333333332,161,58.129777777777775,105.68826000469198,327,2417,194,11272.25388888889,23,61.48744444444444
피커 1명 · DD→PD (strict),sort:qty_desc,2026-07-30,62.33555555555556,209,62.352222222222224,0.20688144603934078,134,64.74111111111111,45.64927135157545,64.74111111111111,164,57.17686111111112,102.48793056103798,343,2306,184,11736.15572222222,26,58.33555555555556
피커 1명 · DD→PD (strict),sort:qty_asc,2026-07-30,62.335555555555565,209,64.74694444444445,0.7891852737905369,134,67.13583333333334,6.479229063018243,67.13583333333334,218,60.8755,97.89884355514731,343,2306,184,21709.42288888889,183,60.730277777777786
피커 1명 · DD→PD (strict),sort:time_asc,2026-07-30,62.33555555555556,209,63.23833333333334,0.2679392610313663,134,65.62722222222222,9.224000207296843,65.62722222222222,197,52.49355555555555,123.32857850316178,343,2306,184,20500.116194444443,173,59.221666666666664
피커 1명 · DD→PD (strict),sort:demand_desc,2026-07-30,62.33555555555556,209,62.352222222222224,0.20337586390217974,134,64.74111111111111,45.64948383084577,64.74111111111111,164,57.17686111111112,102.5060342904217,343,2306,184,11739.155,27,58.33555555555556
피커 1명 · DD→PD (strict),sort:cells_asc,2026-07-30,62.33555555555559,209,64.03280555555558,0.4432893407761801,134,66.42169444444447,6.243848051409617,66.42169444444447,206,60.038027777777806,93.62111525643606,343,2306,184,21348.451000000015,182,60.01613888888892
피커 1명 · DD→PD (strict),sort:code,2026-07-30,62.33555555555559,209,64.09944444444447,0.5193548644338117,134,66.48833333333337,7.064922470978446,66.48833333333337,202,57.18791666666668,115.96222645576921,343,2306,184,21070.326916666672,177,60.08277777777781
피커 1명 · DD→PD (strict),sort:random,2026-07-30,62.33555555555556,209,62.18705555555555,0.3828644338118022,134,64.57594444444445,9.177217247097847,64.57594444444445,210,53.86377777777776,119.85782760522281,343,2306,184,20597.05816666666,174,58.17038888888889
피커 1명 · DD→PD (strict),greedy:count:none:none,2026-07-30,62.335555555555565,209,61.56472222222223,0.2695641945773525,134,63.95361111111112,10.531707089552246,63.95361111111112,172,57.464166666666664,102.26192118419165,343,2306,184,19458.465833333332,167,57.548055555555564
피커 1명 · DD→PD (strict),greedy:count:time_asc:none,2026-07-30,62.335555555555544,209,62.46813888888888,0.27739088250930355,134,64.85702777777777,17.791832089552223,64.85702777777777,185,57.825722222222225,118.58050506819914,343,2306,184,17889.758222222226,135,58.45147222222221
피커 1명 · DD→PD (strict),greedy:count:time_asc:demand_desc,2026-07-30,62.335555555555544,209,62.46813888888888,0.27739088250930355,134,64.85702777777777,17.82662893864012,64.85702777777777,185,57.825722222222225,118.55018881274323,343,2306,184,17877.43516666667,135,58.45147222222221
피커 1명 · DD→PD (strict),greedy:count:time_asc:cells_asc,2026-07-30,62.335555555555544,209,62.46813888888888,0.27739088250930355,134,64.85702777777777,17.791832089552223,64.85702777777777,185,57.825722222222225,118.58050506819914,343,2306,184,17889.758222222226,135,58.45147222222221
피커 1명 · DD→PD (strict),greedy:count:time_asc:qty_desc,2026-07-30,62.335555555555544,209,62.46813888888888,0.27739088250930355,134,64.85702777777777,17.82662893864012,64.85702777777777,185,57.825722222222225,118.55018881274323,343,2306,184,17877.43516666667,135,58.45147222222221
피커 1명 · DD→PD (strict),greedy:count:demand_desc:none,2026-07-30,62.33555555555553,209,61.91180555555553,0.20322966507177037,134,64.30069444444442,46.81289593698174,64.30069444444442,157,60.96972222222221,96.92807836445519,343,2306,184,11341.767777777775,25,57.895138888888866
피커 1명 · DD→PD (strict),greedy:count:demand_desc:time_asc,2026-07-30,62.33555555555553,209,62.37166666666664,0.20322966507177034,134,64.76055555555553,47.415487562189035,64.76055555555553,158,58.68577777777775,97.93187554152476,343,2306,184,11379.629999999996,25,58.354999999999976
피커 1명 · DD→PD (strict),greedy:count:demand_desc:cells_asc,2026-07-30,62.33555555555553,209,61.91180555555553,0.20322966507177034,134,64.30069444444442,46.85258851575454,64.30069444444442,157,60.96972222222221,96.81032648256347,343,2306,184,11328.228999999998,25,57.895138888888866
피커 1명 · DD→PD (strict),greedy:count:demand_desc:qty_desc,2026-07-30,62.33555555555553,209,61.91180555555553,0.20322966507177037,134,64.30069444444442,46.8165646766169,64.30069444444442,157,60.96972222222221,96.9306941129459,343,2306,184,11341.767777777775,25,57.895138888888866
피커 1명 · DD→PD (strict),greedy:count:cells_asc:none,2026-07-30,62.33555555555558,209,63.23833333333336,0.4751303827751189,134,65.62722222222224,10.132504767827532,65.62722222222224,182,59.694583333333355,90.77690363924184,343,2306,184,20853.264638888893,177,59.22166666666669
피커 1명 · DD→PD (strict),greedy:count:cells_asc:time_asc,2026-07-30,62.335555555555565,209,63.30191666666667,0.4435148856990954,134,65.69080555555556,11.993539179104475,65.69080555555556,183,59.85347222222223,108.48869641405082,343,2306,184,20851.456388888884,179,59.285250000000005
피커 1명 · DD→PD (strict),greedy:count:cells_asc:demand_desc,2026-07-30,62.33555555555557,209,63.30191666666668,0.4433421052631571,134,65.69080555555557,15.633176202321732,65.69080555555557,183,59.85347222222224,94.59156046275712,343,2306,184,20874.77913888889,179,59.28525000000001
피커 1명 · DD→PD (strict),greedy:count:cells_asc:qty_desc,2026-07-30,62.33555555555557,209,63.30191666666668,0.4433421052631571,134,65.69080555555557,15.647125829187399,65.69080555555557,183,59.85347222222224,94.57402883626956,343,2306,184,20874.77913888889,179,59.28525000000001
피커 1명 · DD→PD (strict),greedy:count:qty_desc:none,2026-07-30,62.33555555555553,209,61.91180555555553,0.20322966507177037,134,64.30069444444442,46.80832918739633,64.30069444444442,157,60.96972222222221,96.9241389737885,343,2306,184,11343.36172222222,25,57.895138888888866
피커 1명 · DD→PD (strict),greedy:count:qty_desc:time_asc,2026-07-30,62.33555555555553,209,62.37166666666664,0.20322966507177034,134,64.76055555555553,47.428859038142605,64.76055555555553,158,58.68577777777775,97.91781176813731,343,2306,184,11380.445027777776,25,58.354999999999976
피커 1명 · DD→PD (strict),greedy:count:qty_desc:demand_desc,2026-07-30,62.33555555555553,209,61.91180555555553,0.20322966507177037,134,64.30069444444442,46.8165646766169,64.30069444444442,157,60.96972222222221,96.9306941129459,343,2306,184,11341.767777777775,25,57.895138888888866
피커 1명 · DD→PD (strict),greedy:count:qty_desc:cells_asc,2026-07-30,62.33555555555553,209,61.91180555555553,0.20322966507177034,134,64.30069444444442,46.84802176616914,64.30069444444442,157,60.96972222222221,96.80638709189678,343,2306,184,11329.822944444442,25,57.895138888888866
피커 1명 · DD→PD (strict),greedy:count_partial:none:none,2026-07-30,62.33555555555553,209,62.37166666666664,0.20322966507177034,134,64.76055555555553,48.165743781094505,64.76055555555553,156,60.772361111111096,94.84790210090159,343,2306,184,11161.64358333333,24,58.354999999999976
피커 1명 · DD→PD (strict),greedy:count_partial:time_asc:none,2026-07-30,62.33555555555554,209,62.37166666666665,0.20322966507177034,134,64.76055555555554,48.211988598673294,64.76055555555554,158,59.89491666666665,95.08386620799696,343,2306,184,11162.193777777777,24,58.35499999999998
피커 1명 · DD→PD (strict),greedy:count_partial:time_asc:demand_desc,2026-07-30,62.33555555555554,209,62.37166666666665,0.20322966507177034,134,64.76055555555554,48.211988598673294,64.76055555555554,158,59.89491666666665,95.08386620799696,343,2306,184,11162.193777777777,24,58.35499999999998
피커 1명 · DD→PD (strict),greedy:count_partial:time_asc:cells_asc,2026-07-30,62.33555555555554,209,62.37166666666665,0.20322966507177034,134,64.76055555555554,48.211988598673294,64.76055555555554,158,59.89491666666665,95.08386620799696,343,2306,184,11162.193777777777,24,58.35499999999998
피커 1명 · DD→PD (strict),greedy:count_partial:time_asc:qty_desc,2026-07-30,62.33555555555554,209,62.37166666666665,0.20322966507177034,134,64.76055555555554,48.211988598673294,64.76055555555554,158,59.89491666666665,95.08386620799696,343,2306,184,11162.193777777777,24,58.35499999999998
피커 1명 · DD→PD (strict),greedy:count_partial:demand_desc:none,2026-07-30,62.33555555555553,209,62.37166666666664,0.20322966507177034,134,64.76055555555553,48.16699461028192,64.76055555555553,156,59.04774999999997,95.0203407423929,343,2306,184,11163.466694444443,24,58.354999999999976
피커 1명 · DD→PD (strict),greedy:count_partial:demand_desc:time_asc,2026-07-30,62.33555555555554,209,62.37166666666665,0.20322966507177034,134,64.76055555555554,48.19717537313432,64.76055555555554,156,58.306499999999986,95.02479561461452,343,2306,184,11163.419999999998,24,58.35499999999998
피커 1명 · DD→PD (strict),greedy:count_partial:demand_desc:cells_asc,2026-07-30,62.33555555555553,209,62.37166666666664,0.20322966507177034,134,64.76055555555553,48.16699461028192,64.76055555555553,156,59.04774999999997,95.00256414655696,343,2306,184,11163.466694444443,24,58.354999999999976
피커 1명 · DD→PD (strict),greedy:count_partial:demand_desc:qty_desc,2026-07-30,62.33555555555553,209,62.37166666666664,0.20322966507177034,134,64.76055555555553,48.16699461028192,64.76055555555553,156,59.04774999999997,95.0203407423929,343,2306,184,11163.466694444443,24,58.354999999999976
피커 1명 · DD→PD (strict),greedy:count_partial:cells_asc:none,2026-07-30,62.33555555555553,209,62.37166666666664,0.20322966507177034,134,64.76055555555553,48.165743781094505,64.76055555555553,156,60.772361111111096,94.83012550506567,343,2306,184,11161.64358333333,24,58.354999999999976
피커 1명 · DD→PD (strict),greedy:count_partial:cells_asc:time_asc,2026-07-30,62.33555555555554,209,62.37166666666665,0.20322966507177034,134,64.76055555555554,48.211988598673294,64.76055555555554,158,59.89491666666665,95.03751083049524,343,2306,184,11162.193777777777,24,58.35499999999998
피커 1명 · DD→PD (strict),greedy:count_partial:cells_asc:demand_desc,2026-07-30,62.33555555555553,209,62.37166666666664,0.20322966507177034,134,64.76055555555553,48.16699461028192,64.76055555555553,156,59.04774999999997,95.00256414655696,343,2306,184,11163.466694444443,24,58.354999999999976
피커 1명 · DD→PD (strict),greedy:count_partial:cells_asc:qty_desc,2026-07-30,62.33555555555553,209,62.37166666666664,0.20322966507177034,134,64.76055555555553,48.16699461028192,64.76055555555553,156,59.04774999999997,95.00256414655696,343,2306,184,11163.466694444443,24,58.354999999999976
피커 1명 · DD→PD (strict),greedy:count_partial:qty_desc:none,2026-07-30,62.33555555555553,209,62.37166666666664,0.20322966507177034,134,64.76055555555553,48.16699461028192,64.76055555555553,156,59.04774999999997,95.0203407423929,343,2306,184,11163.466694444443,24,58.354999999999976
피커 1명 · DD→PD (strict),greedy:count_partial:qty_desc:time_asc,2026-07-30,62.33555555555554,209,62.37166666666665,0.20322966507177034,134,64.76055555555554,48.19717537313432,64.76055555555554,156,58.306499999999986,95.02479561461452,343,2306,184,11163.419999999998,24,58.35499999999998
피커 1명 · DD→PD (strict),greedy:count_partial:qty_desc:demand_desc,2026-07-30,62.33555555555553,209,62.37166666666664,0.20322966507177034,134,64.76055555555553,48.16699461028192,64.76055555555553,156,59.04774999999997,95.0203407423929,343,2306,184,11163.466694444443,24,58.354999999999976
피커 1명 · DD→PD (strict),greedy:count_partial:qty_desc:cells_asc,2026-07-30,62.33555555555553,209,62.37166666666664,0.20322966507177034,134,64.76055555555553,48.16699461028192,64.76055555555553,156,59.04774999999997,95.00256414655696,343,2306,184,11163.466694444443,24,58.354999999999976
피커 1명 · DD→PD (strict),greedy:count_ddweighted:none:none,2026-07-30,62.335555555555565,209,61.56472222222223,0.2695641945773525,134,63.95361111111112,10.525992744610289,63.95361111111112,172,57.464166666666664,102.23537677048904,343,2306,184,19457.418833333337,167,57.548055555555564
피커 1명 · DD→PD (strict),greedy:count_ddweighted:time_asc:none,2026-07-30,62.335555555555544,209,62.46813888888888,0.27719152046783624,134,64.85702777777777,17.662520729684896,64.85702777777777,179,55.68633333333334,118.27013606424043,343,2306,184,17874.269722222223,135,58.45147222222221
피커 1명 · DD→PD (strict),greedy:count_ddweighted:time_asc:demand_desc,2026-07-30,62.335555555555544,209,62.46813888888888,0.27719152046783624,134,64.85702777777777,17.697317578772793,64.85702777777777,179,55.68633333333334,118.23981980878453,343,2306,184,17861.94666666667,135,58.45147222222221
피커 1명 · DD→PD (strict),greedy:count_ddweighted:time_asc:cells_asc,2026-07-30,62.335555555555544,209,62.46813888888888,0.27719152046783624,134,64.85702777777777,17.662520729684896,64.85702777777777,179,55.68633333333334,118.27013606424043,343,2306,184,17874.269722222223,135,58.45147222222221
피커 1명 · DD→PD (strict),greedy:count_ddweighted:time_asc:qty_desc,2026-07-30,62.335555555555544,209,62.46813888888888,0.27719152046783624,134,64.85702777777777,17.697317578772793,64.85702777777777,179,55.68633333333334,118.23981980878453,343,2306,184,17861.94666666667,135,58.45147222222221
피커 1명 · DD→PD (strict),greedy:count_ddweighted:demand_desc:none,2026-07-30,62.33555555555553,209,61.91180555555553,0.20322966507177037,134,64.30069444444442,46.797286069651726,64.30069444444442,157,60.96972222222221,96.88232328577755,343,2306,184,11340.532499999998,25,57.895138888888866
피커 1명 · DD→PD (strict),greedy:count_ddweighted:demand_desc:time_asc,2026-07-30,62.33555555555553,209,62.37166666666664,0.20322966507177034,134,64.76055555555553,47.40891977611938,64.76055555555553,158,58.68577777777775,97.91267189389974,343,2306,184,11378.850194444442,25,58.354999999999976
피커 1명 · DD→PD (strict),greedy:count_ddweighted:demand_desc:cells_asc,2026-07-30,62.33555555555553,209,61.91180555555553,0.20322966507177034,134,64.30069444444442,46.836978648424534,64.30069444444442,157,60.96972222222221,96.76457140388582,343,2306,184,11326.99372222222,25,57.895138888888866
피커 1명 · DD→PD (strict),greedy:count_ddweighted:demand_desc:qty_desc,2026-07-30,62.33555555555553,209,61.91180555555553,0.20322966507177037,134,64.30069444444442,46.80095480928689,64.30069444444442,157,60.96972222222221,96.88493903426824,343,2306,184,11340.532499999998,25,57.895138888888866
피커 1명 · DD→PD (strict),greedy:count_ddweighted:cells_asc:none,2026-07-30,62.33555555555558,209,63.23833333333336,0.4750639287612965,134,65.62722222222224,9.97186194029851,65.62722222222224,182,59.694583333333355,90.54850248457196,343,2306,184,20846.558583333335,177,59.22166666666669
피커 1명 · DD→PD (strict),greedy:count_ddweighted:cells_asc:time_asc,2026-07-30,62.335555555555565,209,63.30191666666667,0.4435148856990954,134,65.69080555555556,11.939463308457707,65.69080555555556,183,59.85347222222223,108.29646843017518,343,2306,184,20844.30311111111,179,59.285250000000005
피커 1명 · DD→PD (strict),greedy:count_ddweighted:cells_asc:demand_desc,2026-07-30,62.33555555555557,209,63.30191666666668,0.4433421052631571,134,65.69080555555557,15.601981965174133,65.69080555555557,183,59.85347222222224,94.56587235910318,343,2306,184,20871.626694444447,179,59.28525000000001
피커 1명 · DD→PD (strict),greedy:count_ddweighted:cells_asc:qty_desc,2026-07-30,62.33555555555557,209,63.30191666666668,0.4433421052631571,134,65.69080555555557,15.615931592039805,65.69080555555557,183,59.85347222222224,94.54834073261563,343,2306,184,20871.626694444447,179,59.28525000000001
피커 1명 · DD→PD (strict),greedy:count_ddweighted:qty_desc:none,2026-07-30,62.33555555555553,209,61.91180555555553,0.20322966507177037,134,64.30069444444442,46.792719320066325,64.30069444444442,157,60.96972222222221,96.87838389511087,343,2306,184,11342.126444444442,25,57.895138888888866
피커 1명 · DD→PD (strict),greedy:count_ddweighted:qty_desc:time_asc,2026-07-30,62.33555555555553,209,62.37166666666664,0.20322966507177034,134,64.76055555555553,47.42229125207295,64.76055555555553,158,58.68577777777775,97.8986081205123,343,2306,184,11379.665222222222,25,58.354999999999976
피커 1명 · DD→PD (strict),greedy:count_ddweighted:qty_desc:demand_desc,2026-07-30,62.33555555555553,209,61.91180555555553,0.20322966507177037,134,64.30069444444442,46.80095480928689,64.30069444444442,157,60.96972222222221,96.88493903426824,343,2306,184,11340.532499999998,25,57.895138888888866
피커 1명 · DD→PD (strict),greedy:count_ddweighted:qty_desc:cells_asc,2026-07-30,62.33555555555553,209,61.91180555555553,0.20322966507177034,134,64.30069444444442,46.83241189883912,64.30069444444442,157,60.96972222222221,96.76063201321915,343,2306,184,11328.587666666665,25,57.895138888888866
피커 1명 · DD→PD (strict),search:genetic,2026-07-30,62.33555555555552,209,62.371666666666634,0.20322966507177034,134,64.76055555555553,45.99835074626863,64.76055555555553,156,60.77236111111109,95.55206229786648,343,2306,184,11240.136249999998,24,58.35499999999997
피커 1명 · DD→PD (strict),sort:qty_desc,2026-07-31,64.00625000000002,155,63.55050000000003,0.07987526881720433,62,64.78938888888892,34.944245967741956,64.78938888888892,162,54.88419444444446,95.84935719069226,217,1683,190,8569.401472222225,87,60.11438888888892
피커 1명 · DD→PD (strict),sort:qty_asc,2026-07-31,64.00625000000001,155,65.313,0.30098548387096663,62,66.5518888888889,5.904526433691762,66.5518888888889,194,62.320888888888895,96.74500598530472,217,1683,190,13576.094638888886,188,61.87688888888889
피커 1명 · DD→PD (strict),sort:time_asc,2026-07-31,64.00625000000002,155,64.33130555555557,0.12199068100358432,62,65.57019444444447,10.813036290322582,65.57019444444447,183,51.10641666666669,116.62187977515192,217,1683,190,12617.151500000005,172,60.89519444444446
피커 1명 · DD→PD (strict),sort:demand_desc,2026-07-31,64.00625000000002,155,63.55050000000003,0.07958853046594987,62,64.78938888888892,34.933067652329775,64.78938888888892,161,54.68205555555557,95.70793356936882,217,1683,190,8559.067333333338,87,60.11438888888892
피커 1명 · DD→PD (strict),sort:cells_asc,2026-07-31,64.00625000000004,155,65.29633333333337,0.2863044802867372,62,66.53522222222226,5.435336469534055,66.53522222222226,189,63.56300000000004,94.51926673758429,217,1683,190,13479.982222222232,187,61.86022222222226
피커 1명 · DD→PD (strict),sort:code,2026-07-31,64.00625,155,64.64236111111111,0.13311648745519714,62,65.88125,6.359461917562725,65.88125,177,57.76977777777778,100.56991894085529,217,1683,190,13003.83636111111,180,61.20625
피커 1명 · DD→PD (strict),sort:random,2026-07-31,64.00625000000002,155,64.11736111111112,0.09598566308243728,62,65.35625000000002,11.708983870967744,65.35625000000002,177,55.82511111111113,104.0219493587496,217,1683,190,12310.930611111115,166,60.68125000000001
피커 1명 · DD→PD (strict),greedy:count:none:none,2026-07-31,64.00625000000002,155,63.347833333333355,0.0730931899641577,62,64.58672222222224,9.495083781362021,64.58672222222224,163,53.60347222222224,94.1690638168664,217,1683,190,11993.997000000005,168,59.91172222222224
피커 1명 · DD→PD (strict),greedy:count:time_asc:none,2026-07-31,64.00625000000002,155,62.860111111111124,0.07044802867383512,62,64.09900000000002,19.067663530465968,64.09900000000002,166,51.409527777777775,109.27307758311363,217,1683,190,11162.614222222222,156,59.424000000000014
피커 1명 · DD→PD (strict),greedy:count:time_asc:demand_desc,2026-07-31,64.00625000000002,155,62.860111111111124,0.07044802867383512,62,64.09900000000002,19.067663530465968,64.09900000000002,166,51.409527777777775,109.27307758311363,217,1683,190,11162.614222222222,156,59.424000000000014
피커 1명 · DD→PD (strict),greedy:count:time_asc:cells_asc,2026-07-31,64.00625000000002,155,62.860111111111124,0.07044802867383512,62,64.09900000000002,19.067663530465968,64.09900000000002,166,51.409527777777775,109.26828464995988,217,1683,190,11162.614222222222,156,59.424000000000014
피커 1명 · DD→PD (strict),greedy:count:time_asc:qty_desc,2026-07-31,64.00625000000002,155,62.860111111111124,0.07044802867383512,62,64.09900000000002,19.067663530465968,64.09900000000002,166,51.409527777777775,109.27307758311363,217,1683,190,11162.614222222222,156,59.424000000000014
피커 1명 · DD→PD (strict),greedy:count:demand_desc:none,2026-07-31,64.00625000000001,155,63.365416666666675,0.05369175627240143,62,64.60430555555557,36.72710528673835,64.60430555555557,150,54.2438888888889,92.4093083751298,217,1683,190,8138.147527777778,63,59.929305555555565
피커 1명 · DD→PD (strict),greedy:count:demand_desc:time_asc,2026-07-31,64.00625000000004,155,62.197055555555586,0.053548387096774196,62,64.03402777777781,36.161949372759885,64.03402777777781,151,53.92313888888892,90.79717077508704,217,1683,190,8049.0955555555565,63,59.35902777777781
피커 1명 · DD→PD (strict),greedy:count:demand_desc:cells_asc,2026-07-31,64.00625000000001,155,63.365416666666675,0.05369175627240143,62,64.60430555555557,36.692324820788535,64.60430555555557,150,54.2438888888889,92.4116095633461,217,1683,190,8143.076416666667,63,59.929305555555565
피커 1명 · DD→PD (strict),greedy:count:demand_desc:qty_desc,2026-07-31,64.00625000000001,155,62.197055555555565,0.05369175627240143,62,64.03402777777778,35.58102912186381,64.03402777777778,150,54.2438888888889,90.70680909672593,217,1683,190,8066.14061111111,64,59.35902777777778
피커 1명 · DD→PD (strict),greedy:count:cells_asc:none,2026-07-31,64.00625000000002,155,63.347833333333355,0.07421792114695343,62,64.58672222222224,9.278180107526888,64.58672222222224,164,55.803750000000015,89.79925827547974,217,1683,190,12279.061333333339,173,59.91172222222224
피커 1명 · DD→PD (strict),greedy:count:cells_asc:time_asc,2026-07-31,64.00625000000002,155,62.860111111111124,0.07555985663082437,62,64.09900000000002,11.811223118279576,64.09900000000002,162,52.32538888888889,102.18478534073164,217,1683,190,12062.105861111113,169,59.424000000000014
피커 1명 · DD→PD (strict),greedy:count:cells_asc:demand_desc,2026-07-31,64.00625000000002,155,63.36541666666669,0.07057347670250896,62,64.60430555555558,15.821970878136215,64.60430555555558,150,57.48227777777779,91.50735911564203,217,1683,190,11295.135583333336,134,59.92930555555558
피커 1명 · DD→PD (strict),greedy:count:cells_asc:qty_desc,2026-07-31,64.00625000000002,155,61.95680555555558,0.07057347670250896,62,64.03402777777781,14.155323028673847,64.03402777777781,150,57.48227777777779,89.19761194677311,217,1683,190,11228.125277777779,134,59.359027777777804
피커 1명 · DD→PD (strict),greedy:count:qty_desc:none,2026-07-31,64.00625000000001,155,62.197055555555565,0.05369175627240143,62,64.03402777777778,35.53458557347672,64.03402777777778,150,54.2438888888889,90.70590115932285,217,1683,190,8066.14061111111,64,59.35902777777778
피커 1명 · DD→PD (strict),greedy:count:qty_desc:time_asc,2026-07-31,64.00625000000004,155,62.21927777777781,0.053548387096774196,62,64.03402777777781,36.138609767025116,64.03402777777781,151,53.92313888888892,90.78210196401653,217,1683,190,8051.7394722222225,64,59.35902777777781
피커 1명 · DD→PD (strict),greedy:count:qty_desc:demand_desc,2026-07-31,64.00625000000001,155,62.197055555555565,0.05369175627240143,62,64.03402777777778,35.58102912186381,64.03402777777778,150,54.2438888888889,90.70680909672593,217,1683,190,8066.14061111111,64,59.35902777777778
피커 1명 · DD→PD (strict),greedy:count:qty_desc:cells_asc,2026-07-31,64.00625000000001,155,62.197055555555565,0.05369175627240143,62,64.03402777777778,35.499805107526896,64.03402777777778,150,54.2438888888889,90.70822284158814,217,1683,190,8071.069499999998,64,59.35902777777778
피커 1명 · DD→PD (strict),greedy:count_partial:none:none,2026-07-31,64.00625000000005,155,63.11683333333338,0.05433691756272402,62,64.35572222222227,40.285274641577104,64.35572222222227,154,55.679583333333376,92.6381712581891,217,1683,190,8031.7890555555605,47,59.68072222222227
피커 1명 · DD→PD (strict),greedy:count_partial:time_asc:none,2026-07-31,64.00625000000005,155,63.37097222222227,0.05433691756272402,62,64.60986111111116,40.41056944444448,64.60986111111116,154,55.43586111111115,92.17898153661616,217,1683,190,8023.71144444445,47,59.93486111111116
피커 1명 · DD→PD (strict),greedy:count_partial:time_asc:demand_desc,2026-07-31,64.00625000000005,155,63.37097222222227,0.05433691756272402,62,64.60986111111116,40.41056944444448,64.60986111111116,154,55.43586111111115,92.17898153661616,217,1683,190,8023.71144444445,47,59.93486111111116
피커 1명 · DD→PD (strict),greedy:count_partial:time_asc:cells_asc,2026-07-31,64.00625000000005,155,63.37097222222227,0.05433691756272402,62,64.60986111111116,40.41056944444448,64.60986111111116,154,55.43586111111115,92.17898153661616,217,1683,190,8023.71144444445,47,59.93486111111116
피커 1명 · DD→PD (strict),greedy:count_partial:time_asc:qty_desc,2026-07-31,64.00625000000005,155,63.37097222222227,0.05433691756272402,62,64.60986111111116,40.41056944444448,64.60986111111116,154,55.43586111111115,92.17898153661616,217,1683,190,8023.71144444445,47,59.93486111111116
피커 1명 · DD→PD (strict),greedy:count_partial:demand_desc:none,2026-07-31,64.00625000000005,155,63.127944444444495,0.05433691756272402,62,64.36683333333339,40.17285035842297,64.36683333333339,155,58.23569444444449,92.80448954473623,217,1683,190,8020.291472222226,47,59.691833333333385
피커 1명 · DD→PD (strict),greedy:count_partial:demand_desc:time_asc,2026-07-31,64.00625000000005,155,63.37097222222227,0.05433691756272402,62,64.60986111111116,40.39826120071688,64.60986111111116,155,58.17883333333338,92.34928921668737,217,1683,190,8027.391277777782,47,59.93486111111116
피커 1명 · DD→PD (strict),greedy:count_partial:demand_desc:cells_asc,2026-07-31,64.00625000000005,155,63.127944444444495,0.05433691756272402,62,64.36683333333339,40.17285035842297,64.36683333333339,155,58.23569444444449,92.80448954473623,217,1683,190,8020.291472222226,47,59.691833333333385
피커 1명 · DD→PD (strict),greedy:count_partial:demand_desc:qty_desc,2026-07-31,64.00625000000005,155,63.127944444444495,0.05433691756272402,62,64.36683333333339,40.17285035842297,64.36683333333339,155,58.23569444444449,92.8072769533654,217,1683,190,8020.291472222226,47,59.691833333333385
피커 1명 · DD→PD (strict),greedy:count_partial:cells_asc:none,2026-07-31,64.00625000000005,155,63.11683333333338,0.05433691756272402,62,64.35572222222227,40.285274641577104,64.35572222222227,154,55.679583333333376,92.6381712581891,217,1683,190,8031.7890555555605,47,59.68072222222227
피커 1명 · DD→PD (strict),greedy:count_partial:cells_asc:time_asc,2026-07-31,64.00625000000005,155,63.37097222222227,0.05433691756272402,62,64.60986111111116,40.41056944444448,64.60986111111116,154,55.43586111111115,92.17898153661616,217,1683,190,8023.71144444445,47,59.93486111111116
피커 1명 · DD→PD (strict),greedy:count_partial:cells_asc:demand_desc,2026-07-31,64.00625000000005,155,63.127944444444495,0.05433691756272402,62,64.36683333333339,40.17285035842297,64.36683333333339,155,58.23569444444449,92.80448954473623,217,1683,190,8020.291472222226,47,59.691833333333385
피커 1명 · DD→PD (strict),greedy:count_partial:cells_asc:qty_desc,2026-07-31,64.00625000000005,155,63.127944444444495,0.05433691756272402,62,64.36683333333339,40.17285035842297,64.36683333333339,155,58.23569444444449,92.8072769533654,217,1683,190,8020.291472222226,47,59.691833333333385
피커 1명 · DD→PD (strict),greedy:count_partial:qty_desc:none,2026-07-31,64.00625000000005,155,63.127944444444495,0.05433691756272402,62,64.36683333333339,40.17285035842297,64.36683333333339,155,58.23569444444449,92.8072769533654,217,1683,190,8020.291472222226,47,59.691833333333385
피커 1명 · DD→PD (strict),greedy:count_partial:qty_desc:time_asc,2026-07-31,64.00625000000005,155,63.37097222222227,0.05433691756272402,62,64.60986111111116,40.39826120071688,64.60986111111116,155,58.17883333333338,92.34928921668737,217,1683,190,8027.391277777782,47,59.93486111111116
피커 1명 · DD→PD (strict),greedy:count_partial:qty_desc:demand_desc,2026-07-31,64.00625000000005,155,63.127944444444495,0.05433691756272402,62,64.36683333333339,40.17285035842297,64.36683333333339,155,58.23569444444449,92.8072769533654,217,1683,190,8020.291472222226,47,59.691833333333385
피커 1명 · DD→PD (strict),greedy:count_partial:qty_desc:cells_asc,2026-07-31,64.00625000000005,155,63.127944444444495,0.05433691756272402,62,64.36683333333339,40.17285035842297,64.36683333333339,155,58.23569444444449,92.8072769533654,217,1683,190,8020.291472222226,47,59.691833333333385
피커 1명 · DD→PD (strict),greedy:count_ddweighted:none:none,2026-07-31,64.00625000000002,155,63.347833333333355,0.07230465949820788,62,64.58672222222224,8.423373207885307,64.58672222222224,160,53.07952777777779,93.16902037828552,217,1683,190,11942.737777777782,160,59.91172222222224
피커 1명 · DD→PD (strict),greedy:count_ddweighted:time_asc:none,2026-07-31,64.00625000000002,155,61.64811111111112,0.06956487455197136,62,64.0340277777778,17.580467741935497,64.0340277777778,162,51.01527777777777,105.49724994306413,217,1683,190,10960.775361111113,154,59.3590277777778
피커 1명 · DD→PD (strict),greedy:count_ddweighted:time_asc:demand_desc,2026-07-31,64.00625000000002,155,61.64811111111112,0.06956487455197136,62,64.0340277777778,17.580467741935497,64.0340277777778,162,51.01527777777777,105.49724994306413,217,1683,190,10960.775361111113,154,59.3590277777778
피커 1명 · DD→PD (strict),greedy:count_ddweighted:time_asc:cells_asc,2026-07-31,64.00625000000002,155,61.64811111111112,0.06956487455197136,62,64.0340277777778,17.580467741935497,64.0340277777778,162,51.01527777777777,105.49245214675358,217,1683,190,10960.775361111113,154,59.3590277777778
피커 1명 · DD→PD (strict),greedy:count_ddweighted:time_asc:qty_desc,2026-07-31,64.00625000000002,155,61.64811111111112,0.06956487455197136,62,64.0340277777778,17.580467741935497,64.0340277777778,162,51.01527777777777,105.49724994306413,217,1683,190,10960.775361111113,154,59.3590277777778
피커 1명 · DD→PD (strict),greedy:count_ddweighted:demand_desc:none,2026-07-31,64.00625000000001,155,63.365416666666675,0.053387096774193545,62,64.60430555555557,36.342375000000004,64.60430555555557,150,59.69661111111111,92.1307975259647,217,1683,190,8116.861611111111,63,59.929305555555565
피커 1명 · DD→PD (strict),greedy:count_ddweighted:demand_desc:time_asc,2026-07-31,64.00625000000004,155,62.197055555555586,0.053548387096774196,62,64.03402777777781,35.864437724014365,64.03402777777781,150,59.57647222222224,90.53582795605637,217,1683,190,8032.983638888889,63,59.35902777777781
피커 1명 · DD→PD (strict),greedy:count_ddweighted:demand_desc:cells_asc,2026-07-31,64.00625000000001,155,63.365416666666675,0.053387096774193545,62,64.60430555555557,36.30759453405019,64.60430555555557,150,59.69661111111111,92.13309871418099,217,1683,190,8121.7905,63,59.929305555555565
피커 1명 · DD→PD (strict),greedy:count_ddweighted:demand_desc:qty_desc,2026-07-31,64.00625000000001,155,62.197055555555565,0.053387096774193545,62,64.03402777777778,35.196298835125454,64.03402777777778,150,59.69661111111111,90.42581787027297,217,1683,190,8044.8546944444415,64,59.35902777777778
피커 1명 · DD→PD (strict),greedy:count_ddweighted:cells_asc:none,2026-07-31,64.00625000000002,155,63.347833333333355,0.07388154121863798,62,64.58672222222224,9.087974014336924,64.58672222222224,163,53.784361111111124,89.49924305047222,217,1683,190,12196.201500000006,171,59.91172222222224
피커 1명 · DD→PD (strict),greedy:count_ddweighted:cells_asc:time_asc,2026-07-31,64.00625000000002,155,62.008750000000006,0.07591397849462367,62,64.0340277777778,9.790267921146958,64.0340277777778,161,49.10224999999999,99.79764838573242,217,1683,190,11965.18463888889,172,59.3590277777778
피커 1명 · DD→PD (strict),greedy:count_ddweighted:cells_asc:demand_desc,2026-07-31,64.00625000000004,155,63.3654166666667,0.07026881720430107,62,64.60430555555558,15.911076164874565,64.60430555555558,150,57.482277777777796,91.27342303897017,217,1683,190,11207.353805555556,127,59.92930555555559
피커 1명 · DD→PD (strict),greedy:count_ddweighted:cells_asc:qty_desc,2026-07-31,64.00625000000004,155,61.95680555555559,0.07026881720430107,62,64.03402777777781,14.2444283154122,64.03402777777781,150,57.482277777777796,88.96159246928177,217,1683,190,11140.343500000003,127,59.35902777777781
피커 1명 · DD→PD (strict),greedy:count_ddweighted:qty_desc:none,2026-07-31,64.00625000000001,155,62.197055555555565,0.053387096774193545,62,64.03402777777778,35.14985528673836,64.03402777777778,150,59.69661111111111,90.4249099328699,217,1683,190,8044.8546944444415,64,59.35902777777778
피커 1명 · DD→PD (strict),greedy:count_ddweighted:qty_desc:time_asc,2026-07-31,64.00625000000004,155,62.21927777777781,0.053548387096774196,62,64.03402777777781,35.8410981182796,64.03402777777781,150,59.55752777777781,90.52075914498585,217,1683,190,8035.627555555556,64,59.35902777777781
피커 1명 · DD→PD (strict),greedy:count_ddweighted:qty_desc:demand_desc,2026-07-31,64.00625000000001,155,62.197055555555565,0.053387096774193545,62,64.03402777777778,35.196298835125454,64.03402777777778,150,59.69661111111111,90.42581787027297,217,1683,190,8044.8546944444415,64,59.35902777777778
피커 1명 · DD→PD (strict),greedy:count_ddweighted:qty_desc:cells_asc,2026-07-31,64.00625000000001,155,62.197055555555565,0.053387096774193545,62,64.03402777777778,35.11507482078854,64.03402777777778,150,59.69661111111111,90.42723161513518,217,1683,190,8049.783583333331,64,59.35902777777778
피커 1명 · DD→PD (strict),search:genetic,2026-07-31,64.00625000000001,155,63.365416666666675,0.05369175627240143,62,64.60430555555557,36.72710528673835,64.60430555555557,150,54.2438888888889,92.4093083751298,217,1683,190,8138.147527777778,63,59.929305555555565
피커 2명 · DD→PD (strict),sort:qty_desc,2026-07-01,65.56683333333334,191,65.5835,0.06367073880162885,63,65.95327777777779,43.227854938271605,65.95327777777779,156,54.38975000000001,95.13959208496925,254,1854,191,8334.273055555557,28,
피커 2명 · DD→PD (strict),sort:qty_asc,2026-07-01,65.5668333333333,191,66.3668333333333,0.19256835369400815,63,66.98349999999998,4.323404320987653,66.98349999999998,192,65.10824999999998,97.07915257737601,254,1854,191,16240.243527777768,190,
피커 2명 · DD→PD (strict),sort:time_asc,2026-07-01,65.5668333333333,191,66.06405555555553,0.13282431646305992,63,66.67516666666664,6.136067460317457,66.67516666666664,196,54.28266666666664,119.22163299179354,254,1854,191,15886.796222222216,188,
피커 2명 · DD→PD (strict),sort:demand_desc,2026-07-01,65.56683333333334,191,65.5835,0.06367073880162885,63,65.95327777777779,43.23224294532628,65.95327777777779,156,54.38975000000001,95.13432909997735,254,1854,191,8333.996611111113,28,
피커 2명 · DD→PD (strict),sort:cells_asc,2026-07-01,65.56683333333335,191,66.36683333333335,0.19818208260616638,63,66.98072222222224,7.03126102292769,66.98072222222224,199,64.65630555555558,98.44528483734541,254,1854,191,16292.527472222228,190,
피커 2명 · DD→PD (strict),sort:code,2026-07-01,65.56683333333334,191,65.5835,0.06457242582897034,63,65.96405555555556,38.660399470899485,65.96405555555556,166,56.9161111111111,102.4915391631638,254,1854,191,10251.245305555554,75,
피커 2명 · DD→PD (strict),sort:random,2026-07-01,65.5668333333333,191,65.70016666666665,0.10985034904013967,63,66.31127777777776,8.445980599647255,66.31127777777776,184,57.50352777777778,101.93688563115207,254,1854,191,15239.967416666663,170,
피커 2명 · DD→PD (strict),greedy:count:none:none,2026-07-01,65.56683333333335,191,65.59461111111113,0.06367073880162885,63,66.20572222222224,46.50592724867726,66.20572222222224,152,57.7965277777778,94.8851597252,254,1854,191,8717.443583333334,46,
피커 2명 · DD→PD (strict),greedy:count:time_asc:none,2026-07-01,65.5668333333333,191,65.79461111111108,0.06340895869691682,63,66.40016666666664,20.788020723104033,66.40016666666664,160,50.00883333333333,106.82311833219963,254,1854,191,13396.681333333328,156,
피커 2명 · DD→PD (strict),greedy:count:time_asc:demand_desc,2026-07-01,65.5668333333333,191,65.79461111111108,0.06340895869691682,63,66.40016666666664,20.788020723104033,66.40016666666664,160,50.00883333333333,106.82311833219963,254,1854,191,13396.681333333328,156,
피커 2명 · DD→PD (strict),greedy:count:time_asc:cells_asc,2026-07-01,65.5668333333333,191,65.79461111111108,0.06340895869691682,63,66.40016666666664,20.771962522045833,66.40016666666664,160,50.00883333333333,106.83957160415426,254,1854,191,13401.40244444444,156,
피커 2명 · DD→PD (strict),greedy:count:time_asc:qty_desc,2026-07-01,65.5668333333333,191,65.79461111111108,0.06340895869691682,63,66.40016666666664,20.788020723104033,66.40016666666664,160,50.00883333333333,106.82311833219963,254,1854,191,13396.681333333328,156,
피커 2명 · DD→PD (strict),greedy:count:demand_desc:none,2026-07-01,65.56683333333332,191,65.60294444444443,0.06367073880162885,63,65.83627777777777,45.79968298059963,65.83627777777777,151,55.52183333333332,91.59798802247663,254,1854,191,8039.065499999998,27,
피커 2명 · DD→PD (strict),greedy:count:demand_desc:time_asc,2026-07-01,65.56683333333332,191,65.60294444444443,0.06367073880162885,63,65.7929722222222,45.19402116402115,65.7929722222222,148,57.85927777777776,91.55755068402694,254,1854,191,7994.794944444443,27,
피커 2명 · DD→PD (strict),greedy:count:demand_desc:cells_asc,2026-07-01,65.56683333333332,191,65.60294444444443,0.06367073880162885,63,65.83627777777777,45.79968298059963,65.83627777777777,151,55.52183333333332,91.57325410762219,254,1854,191,8039.065499999998,27,
피커 2명 · DD→PD (strict),greedy:count:demand_desc:qty_desc,2026-07-01,65.56683333333332,191,65.60294444444443,0.06367073880162885,63,65.83627777777777,45.79090696649028,65.83627777777777,151,55.52183333333332,91.60157225035505,254,1854,191,8039.3419444444435,27,
피커 2명 · DD→PD (strict),greedy:count:cells_asc:none,2026-07-01,65.56683333333334,191,65.5946111111111,0.08005497382198952,63,66.20572222222222,21.669603174603175,66.20572222222222,168,51.47202777777777,96.6391055489497,254,1854,191,13527.143944444446,151,
피커 2명 · DD→PD (strict),greedy:count:cells_asc:time_asc,2026-07-01,65.5668333333333,191,65.7946111111111,0.0783740546829552,63,66.40016666666665,12.007633156966484,66.40016666666665,167,53.555861111111085,103.15060914338399,254,1854,191,15121.84027777777,180,
피커 2명 · DD→PD (strict),greedy:count:cells_asc:demand_desc,2026-07-01,65.56683333333332,191,65.60294444444443,0.07824316463059919,63,65.84166666666665,22.017003527336854,65.84166666666665,152,50.28813888888888,91.97920263257815,254,1854,191,13345.22933333333,133,
피커 2명 · DD→PD (strict),greedy:count:cells_asc:qty_desc,2026-07-01,65.56683333333332,191,65.60294444444443,0.07824316463059919,63,65.84166666666665,22.003839506172834,65.84166666666665,152,50.28813888888888,91.98757245918237,254,1854,191,13345.782222222218,133,
피커 2명 · DD→PD (strict),greedy:count:qty_desc:none,2026-07-01,65.56683333333332,191,65.60294444444443,0.06367073880162885,63,65.83627777777777,45.78651895943562,65.83627777777777,151,55.52183333333332,91.61081318725829,254,1854,191,8039.894833333332,27,
피커 2명 · DD→PD (strict),greedy:count:qty_desc:time_asc,2026-07-01,65.56683333333332,191,65.60294444444443,0.06367073880162885,63,65.7929722222222,45.18524514991181,65.7929722222222,148,57.85927777777776,91.56212352974207,254,1854,191,7995.071388888886,27,
피커 2명 · DD→PD (strict),greedy:count:qty_desc:demand_desc,2026-07-01,65.56683333333332,191,65.60294444444443,0.06367073880162885,63,65.83627777777777,45.79090696649028,65.83627777777777,151,55.52183333333332,91.60157225035505,254,1854,191,8039.3419444444435,27,
피커 2명 · DD→PD (strict),greedy:count:qty_desc:cells_asc,2026-07-01,65.56683333333332,191,65.60294444444443,0.06367073880162885,63,65.83627777777777,45.78651895943562,65.83627777777777,151,55.52183333333332,91.58607927240385,254,1854,191,8039.894833333332,27,
피커 2명 · DD→PD (strict),greedy:count_partial:none:none,2026-07-01,65.56683333333332,191,65.60294444444443,0.06367073880162885,63,65.34922222222221,45.56606305114637,65.60294444444443,150,57.11330555555555,90.47368258369163,254,1854,191,7894.908444444442,24,
피커 2명 · DD→PD (strict),greedy:count_partial:time_asc:none,2026-07-01,65.56683333333332,191,65.60294444444443,0.06367073880162885,63,65.34922222222221,45.439049382716036,65.60294444444443,147,52.972027777777775,90.40831542960893,254,1854,191,7876.246833333332,24,
피커 2명 · DD→PD (strict),greedy:count_partial:time_asc:demand_desc,2026-07-01,65.56683333333332,191,65.60294444444443,0.06367073880162885,63,65.34922222222221,45.439049382716036,65.60294444444443,147,52.972027777777775,90.40831542960893,254,1854,191,7876.246833333332,24,
피커 2명 · DD→PD (strict),greedy:count_partial:time_asc:cells_asc,2026-07-01,65.56683333333332,191,65.60294444444443,0.06367073880162885,63,65.34922222222221,45.439049382716036,65.60294444444443,147,52.972027777777775,90.40831542960893,254,1854,191,7876.246833333332,24,
피커 2명 · DD→PD (strict),greedy:count_partial:time_asc:qty_desc,2026-07-01,65.56683333333332,191,65.60294444444443,0.06367073880162885,63,65.34922222222221,45.439049382716036,65.60294444444443,147,52.972027777777775,90.40831542960893,254,1854,191,7876.246833333332,24,
피커 2명 · DD→PD (strict),greedy:count_partial:demand_desc:none,2026-07-01,65.56683333333332,191,65.60294444444443,0.06367073880162885,63,65.34922222222221,45.521567460317456,65.60294444444443,150,57.11330555555555,90.46925908644006,254,1854,191,7894.454444444443,24,
피커 2명 · DD→PD (strict),greedy:count_partial:demand_desc:time_asc,2026-07-01,65.56683333333332,191,65.60294444444443,0.06367073880162885,63,65.34922222222221,45.437410052910046,65.60294444444443,147,52.972027777777775,90.31376725130055,254,1854,191,7885.3762777777765,24,
피커 2명 · DD→PD (strict),greedy:count_partial:demand_desc:cells_asc,2026-07-01,65.56683333333332,191,65.60294444444443,0.06367073880162885,63,65.34922222222221,45.521567460317456,65.60294444444443,150,57.11330555555555,90.45235097001914,254,1854,191,7894.454444444443,24,
피커 2명 · DD→PD (strict),greedy:count_partial:demand_desc:qty_desc,2026-07-01,65.56683333333332,191,65.60294444444443,0.06367073880162885,63,65.34922222222221,45.521567460317456,65.60294444444443,150,57.11330555555555,90.46925908644006,254,1854,191,7894.454444444443,24,
피커 2명 · DD→PD (strict),greedy:count_partial:cells_asc:none,2026-07-01,65.56683333333332,191,65.60294444444443,0.06367073880162885,63,65.34922222222221,45.56606305114637,65.60294444444443,150,57.11330555555555,90.4567744672707,254,1854,191,7894.908444444442,24,
피커 2명 · DD→PD (strict),greedy:count_partial:cells_asc:time_asc,2026-07-01,65.56683333333332,191,65.60294444444443,0.06367073880162885,63,65.34922222222221,45.439049382716036,65.60294444444443,147,52.972027777777775,90.37500349323753,254,1854,191,7876.246833333332,24,
피커 2명 · DD→PD (strict),greedy:count_partial:cells_asc:demand_desc,2026-07-01,65.56683333333332,191,65.60294444444443,0.06367073880162885,63,65.34922222222221,45.521567460317456,65.60294444444443,150,57.11330555555555,90.45235097001914,254,1854,191,7894.454444444443,24,
피커 2명 · DD→PD (strict),greedy:count_partial:cells_asc:qty_desc,2026-07-01,65.56683333333332,191,65.60294444444443,0.06367073880162885,63,65.34922222222221,45.521567460317456,65.60294444444443,150,57.11330555555555,90.45235097001914,254,1854,191,7894.454444444443,24,
피커 2명 · DD→PD (strict),greedy:count_partial:qty_desc:none,2026-07-01,65.56683333333332,191,65.60294444444443,0.06367073880162885,63,65.34922222222221,45.521567460317456,65.60294444444443,150,57.11330555555555,90.46925908644006,254,1854,191,7894.454444444443,24,
피커 2명 · DD→PD (strict),greedy:count_partial:qty_desc:time_asc,2026-07-01,65.56683333333332,191,65.60294444444443,0.06367073880162885,63,65.34922222222221,45.437410052910046,65.60294444444443,147,52.972027777777775,90.31376725130055,254,1854,191,7885.3762777777765,24,
피커 2명 · DD→PD (strict),greedy:count_partial:qty_desc:demand_desc,2026-07-01,65.56683333333332,191,65.60294444444443,0.06367073880162885,63,65.34922222222221,45.521567460317456,65.60294444444443,150,57.11330555555555,90.46925908644006,254,1854,191,7894.454444444443,24,
피커 2명 · DD→PD (strict),greedy:count_partial:qty_desc:cells_asc,2026-07-01,65.56683333333332,191,65.60294444444443,0.06367073880162885,63,65.34922222222221,45.521567460317456,65.60294444444443,150,57.11330555555555,90.45235097001914,254,1854,191,7894.454444444443,24,
피커 2명 · DD→PD (strict),greedy:count_ddweighted:none:none,2026-07-01,65.56683333333335,191,65.59461111111113,0.06367073880162885,63,66.20572222222224,46.45158421516757,66.20572222222224,152,57.7965277777778,94.8941678421553,254,1854,191,8715.181444444444,46,
피커 2명 · DD→PD (strict),greedy:count_ddweighted:time_asc:none,2026-07-01,65.5668333333333,191,65.79461111111108,0.06310354857475277,63,66.40016666666664,19.163615079365066,66.40016666666664,160,52.65208333333331,105.81150607888365,254,1854,191,13448.913611111102,163,
피커 2명 · DD→PD (strict),greedy:count_ddweighted:time_asc:demand_desc,2026-07-01,65.5668333333333,191,65.79461111111108,0.06310354857475277,63,66.40016666666664,19.163615079365066,66.40016666666664,160,52.65208333333331,105.81150607888365,254,1854,191,13448.913611111102,163,
피커 2명 · DD→PD (strict),greedy:count_ddweighted:time_asc:cells_asc,2026-07-01,65.5668333333333,191,65.79461111111108,0.06310354857475277,63,66.40016666666664,19.14755687830686,66.40016666666664,160,52.65208333333331,105.82795935083828,254,1854,191,13453.634722222214,163,
피커 2명 · DD→PD (strict),greedy:count_ddweighted:time_asc:qty_desc,2026-07-01,65.5668333333333,191,65.79461111111108,0.06310354857475277,63,66.40016666666664,19.163615079365066,66.40016666666664,160,52.65208333333331,105.81150607888365,254,1854,191,13448.913611111102,163,
피커 2명 · DD→PD (strict),greedy:count_ddweighted:demand_desc:none,2026-07-01,65.56683333333332,191,65.60294444444443,0.06367073880162885,63,65.83627777777777,45.74244753086419,65.83627777777777,149,58.60233333333333,91.43661000815997,254,1854,191,8033.468499999999,27,
피커 2명 · DD→PD (strict),greedy:count_ddweighted:demand_desc:time_asc,2026-07-01,65.56683333333332,191,65.60294444444443,0.06367073880162885,63,65.7929722222222,45.14922310405642,65.7929722222222,148,57.85927777777776,91.49232335267148,254,1854,191,7992.354666666665,27,
피커 2명 · DD→PD (strict),greedy:count_ddweighted:demand_desc:cells_asc,2026-07-01,65.56683333333332,191,65.60294444444443,0.06367073880162885,63,65.83627777777777,45.74244753086419,65.83627777777777,149,58.60233333333333,91.41187609330551,254,1854,191,8033.468499999999,27,
피커 2명 · DD→PD (strict),greedy:count_ddweighted:demand_desc:qty_desc,2026-07-01,65.56683333333332,191,65.60294444444443,0.06367073880162885,63,65.83627777777777,45.73367151675484,65.83627777777777,149,58.60233333333333,91.44019423603838,254,1854,191,8033.744944444443,27,
피커 2명 · DD→PD (strict),greedy:count_ddweighted:cells_asc:none,2026-07-01,65.56683333333334,191,65.5946111111111,0.07833885980221056,63,66.20572222222222,21.613454144620817,66.20572222222222,167,51.47202777777777,96.6602626661173,254,1854,191,13523.732638888889,151,
피커 2명 · DD→PD (strict),greedy:count_ddweighted:cells_asc:time_asc,2026-07-01,65.5668333333333,191,65.7946111111111,0.07824316463059919,63,66.40016666666665,12.179559523809516,66.40016666666665,156,50.991083333333314,101.47185457198484,254,1854,191,14938.65994444444,180,
피커 2명 · DD→PD (strict),greedy:count_ddweighted:cells_asc:demand_desc,2026-07-01,65.56683333333332,191,65.60294444444443,0.07824316463059919,63,65.84166666666665,21.959224426807765,65.84166666666665,152,52.44824999999999,91.70631860945872,254,1854,191,13298.861638888884,133,
피커 2명 · DD→PD (strict),greedy:count_ddweighted:cells_asc:qty_desc,2026-07-01,65.56683333333332,191,65.60294444444443,0.07824316463059919,63,65.84166666666665,21.946060405643742,65.84166666666665,152,52.44824999999999,91.71468843606294,254,1854,191,13299.414527777773,133,
피커 2명 · DD→PD (strict),greedy:count_ddweighted:qty_desc:none,2026-07-01,65.56683333333332,191,65.60294444444443,0.06367073880162885,63,65.83627777777777,45.72928350970017,65.83627777777777,149,58.60233333333333,91.44943517294162,254,1854,191,8034.297833333332,27,
피커 2명 · DD→PD (strict),greedy:count_ddweighted:qty_desc:time_asc,2026-07-01,65.56683333333332,191,65.60294444444443,0.06367073880162885,63,65.7929722222222,45.140447089947074,65.7929722222222,148,57.85927777777776,91.49689619838661,254,1854,191,7992.631111111108,27,
피커 2명 · DD→PD (strict),greedy:count_ddweighted:qty_desc:demand_desc,2026-07-01,65.56683333333332,191,65.60294444444443,0.06367073880162885,63,65.83627777777777,45.73367151675484,65.83627777777777,149,58.60233333333333,91.44019423603838,254,1854,191,8033.744944444443,27,
피커 2명 · DD→PD (strict),greedy:count_ddweighted:qty_desc:cells_asc,2026-07-01,65.56683333333332,191,65.60294444444443,0.06367073880162885,63,65.83627777777777,45.72928350970017,65.83627777777777,149,58.60233333333333,91.42470125808718,254,1854,191,8034.297833333332,27,
피커 2명 · DD→PD (strict),search:genetic,2026-07-01,65.56683333333332,191,65.60294444444443,0.06367073880162885,63,65.34922222222221,44.81628615520282,65.60294444444443,149,56.85047222222221,90.43649505908019,254,1854,191,7913.556749999999,24,
피커 2명 · DD→PD (strict),sort:qty_desc,2026-07-02,65.49802777777778,248,64.99111111111111,0.09417562724014338,126,65.95222222222222,43.73784766313933,65.95222222222222,182,60.16683333333333,114.00340650639352,374,2751,191,13375.111333333332,35,
피커 2명 · DD→PD (strict),sort:qty_asc,2026-07-02,65.49802777777775,248,66.68136111111107,0.33187724014336917,126,67.84802777777774,5.639031746031744,67.84802777777774,235,64.63766666666663,103.2976435489609,374,2751,191,24286.824722222205,190,
피커 2명 · DD→PD (strict),sort:time_asc,2026-07-02,65.49802777777776,248,65.88969444444443,0.16944466845878114,126,67.0563611111111,6.725423280423274,67.0563611111111,250,57.93255555555555,145.39480925871229,374,2751,191,23933.61933333333,188,
피커 2명 · DD→PD (strict),sort:demand_desc,2026-07-02,65.49802777777778,248,65.3236111111111,0.09417562724014338,126,66.17633333333333,43.940930114638455,66.17633333333333,182,59.557333333333325,114.29071319555331,374,2751,191,13398.887999999999,35,
피커 2명 · DD→PD (strict),sort:cells_asc,2026-07-02,65.49802777777775,248,66.68136111111107,0.3361836917562724,126,67.85080555555552,5.215593694885361,67.85080555555552,232,64.38555555555551,101.1333444415832,374,2751,191,24280.66408333332,190,
피커 2명 · DD→PD (strict),sort:code,2026-07-02,65.49802777777775,248,65.1499722222222,0.13357997311827985,126,66.30552777777775,8.474325837742493,66.30552777777775,220,56.77077777777777,127.3172665761485,374,2751,191,22657.72758333333,172,
피커 2명 · DD→PD (strict),sort:random,2026-07-02,65.49802777777776,248,65.53969444444442,0.13858646953405018,126,66.71469444444443,12.158889550264536,66.71469444444443,228,55.58899999999999,124.40422004314387,374,2751,191,22385.960333333325,172,
피커 2명 · DD→PD (strict),greedy:count:none:none,2026-07-02,65.49802777777776,248,65.57580555555553,0.09880085125448042,126,66.73413888888886,13.46339373897706,66.73413888888886,186,56.7735,118.25339937205217,374,2751,191,21287.772138888886,172,
피커 2명 · DD→PD (strict),greedy:count:time_asc:none,2026-07-02,65.49802777777778,248,65.55636111111112,0.10976702508960574,126,66.47083333333333,15.370707892416219,66.47083333333333,204,44.19286111111112,131.2035015357613,374,2751,191,21159.111472222226,166,
피커 2명 · DD→PD (strict),greedy:count:time_asc:demand_desc,2026-07-02,65.49802777777778,248,65.55636111111112,0.10976702508960574,126,66.47083333333333,15.370707892416219,66.47083333333333,204,44.19286111111112,131.2035015357613,374,2751,191,21159.111472222226,166,
피커 2명 · DD→PD (strict),greedy:count:time_asc:cells_asc,2026-07-02,65.49802777777778,248,65.55636111111112,0.10976702508960574,126,66.47083333333333,15.370707892416219,66.47083333333333,204,44.19286111111112,131.1928285171023,374,2751,191,21159.111472222226,166,
피커 2명 · DD→PD (strict),greedy:count:time_asc:qty_desc,2026-07-02,65.49802777777778,248,65.55636111111112,0.10976702508960574,126,66.47083333333333,15.370707892416219,66.47083333333333,204,44.19286111111112,131.2035015357613,374,2751,191,21159.111472222226,166,
피커 2명 · DD→PD (strict),greedy:count:demand_desc:none,2026-07-02,65.49802777777776,248,65.52024999999999,0.09417562724014338,126,66.37558333333332,45.5852208994709,66.37558333333332,177,61.76772222222222,111.89674583316068,374,2751,191,13148.812472222224,35,
피커 2명 · DD→PD (strict),greedy:count:demand_desc:time_asc,2026-07-02,65.49802777777778,248,65.52025,0.09417562724014338,126,66.37025,45.690434082892416,66.37025,176,60.426361111111106,112.43333965309925,374,2751,191,13132.774194444444,35,
피커 2명 · DD→PD (strict),greedy:count:demand_desc:cells_asc,2026-07-02,65.49802777777776,248,65.52024999999999,0.09417562724014338,126,66.37558333333332,45.564637566137556,66.37558333333332,177,61.76772222222222,111.87704983551095,374,2751,191,13158.722305555555,35,
피커 2명 · DD→PD (strict),greedy:count:demand_desc:qty_desc,2026-07-02,65.49802777777776,248,65.52024999999999,0.09417562724014338,126,66.37558333333332,45.699945767195764,66.37558333333332,177,61.76772222222222,111.91864980470979,374,2751,191,13147.304916666668,35,
피커 2명 · DD→PD (strict),greedy:count:cells_asc:none,2026-07-02,65.49802777777778,248,65.82002777777778,0.13013351254480315,126,66.98947222222222,9.297483024691353,66.98947222222222,200,55.322166666666675,110.01767193103723,374,2751,191,22668.014361111116,179,
피커 2명 · DD→PD (strict),greedy:count:cells_asc:time_asc,2026-07-02,65.49802777777775,248,65.79524999999997,0.13597670250896057,126,66.95358333333331,10.279408950617277,66.95358333333331,201,61.533999999999985,115.17880463621353,374,2751,191,22945.763472222214,182,
피커 2명 · DD→PD (strict),greedy:count:cells_asc:demand_desc,2026-07-02,65.49802777777778,248,65.79525,0.13715860215053766,126,66.95358333333333,10.421781966490295,66.95358333333333,206,57.90797222222223,114.70084913719246,374,2751,191,22365.55038888888,175,
피커 2명 · DD→PD (strict),greedy:count:cells_asc:qty_desc,2026-07-02,65.49802777777778,248,65.79525,0.13715860215053766,126,66.95358333333333,10.421781966490295,66.95358333333333,206,57.90797222222223,114.68065396881504,374,2751,191,22366.229499999998,175,
피커 2명 · DD→PD (strict),greedy:count:qty_desc:none,2026-07-02,65.49802777777776,248,65.52024999999999,0.09417562724014338,126,66.37558333333332,45.7188725749559,66.37558333333332,177,61.76772222222222,111.90638625900336,374,2751,191,13146.009361111112,35,
피커 2명 · DD→PD (strict),greedy:count:qty_desc:time_asc,2026-07-02,65.49802777777778,248,65.52025,0.09417562724014338,126,66.37025,45.85924184303351,66.37025,176,60.426361111111106,112.42513525763928,374,2751,191,13137.16211111111,35,
피커 2명 · DD→PD (strict),greedy:count:qty_desc:demand_desc,2026-07-02,65.49802777777776,248,65.52024999999999,0.09417562724014338,126,66.37558333333332,45.699945767195764,66.37558333333332,177,61.76772222222222,111.91864980470979,374,2751,191,13147.304916666668,35,
피커 2명 · DD→PD (strict),greedy:count:qty_desc:cells_asc,2026-07-02,65.49802777777776,248,65.52024999999999,0.09417562724014338,126,66.37558333333332,45.698289241622575,66.37558333333332,177,61.76772222222222,111.88669026135362,374,2751,191,13155.919194444446,35,
피커 2명 · DD→PD (strict),greedy:count_partial:none:none,2026-07-02,65.49802777777779,248,65.32361111111113,0.09417562724014338,126,66.1818888888889,47.40374360670195,66.1818888888889,180,58.296666666666674,111.40947674506454,374,2751,191,12829.483333333335,31,
피커 2명 · DD→PD (strict),greedy:count_partial:time_asc:none,2026-07-02,65.49802777777779,248,65.55636111111113,0.09417562724014338,126,66.47083333333335,47.792833994709,66.47083333333335,180,59.717000000000006,111.8885467728118,374,2751,191,12862.305250000001,31,
피커 2명 · DD→PD (strict),greedy:count_partial:time_asc:demand_desc,2026-07-02,65.49802777777779,248,65.55636111111113,0.09417562724014338,126,66.47083333333335,47.792833994709,66.47083333333335,180,59.717000000000006,111.8885467728118,374,2751,191,12862.305250000001,31,
피커 2명 · DD→PD (strict),greedy:count_partial:time_asc:cells_asc,2026-07-02,65.49802777777779,248,65.55636111111113,0.09417562724014338,126,66.47083333333335,47.792833994709,66.47083333333335,180,59.717000000000006,111.8885467728118,374,2751,191,12862.305250000001,31,
피커 2명 · DD→PD (strict),greedy:count_partial:time_asc:qty_desc,2026-07-02,65.49802777777779,248,65.55636111111113,0.09417562724014338,126,66.47083333333335,47.792833994709,66.47083333333335,180,59.717000000000006,111.8885467728118,374,2751,191,12862.305250000001,31,
피커 2명 · DD→PD (strict),greedy:count_partial:demand_desc:none,2026-07-02,65.49802777777779,248,65.32361111111113,0.09417562724014338,126,66.17633333333335,47.41733553791888,66.17633333333335,181,60.11902777777779,111.623358971905,374,2751,191,12837.702916666669,31,
피커 2명 · DD→PD (strict),greedy:count_partial:demand_desc:time_asc,2026-07-02,65.49802777777779,248,65.55636111111113,0.09417562724014338,126,66.47083333333335,47.78879254850089,66.47083333333335,182,60.367222222222225,111.9993092208362,374,2751,191,12874.651388888891,31,
피커 2명 · DD→PD (strict),greedy:count_partial:demand_desc:cells_asc,2026-07-02,65.49802777777779,248,65.32361111111113,0.09417562724014338,126,66.17633333333335,47.41733553791888,66.17633333333335,181,60.11902777777779,111.623358971905,374,2751,191,12837.702916666669,31,
피커 2명 · DD→PD (strict),greedy:count_partial:demand_desc:qty_desc,2026-07-02,65.49802777777779,248,64.99111111111112,0.09417562724014338,126,65.95222222222223,47.21290343915344,65.95222222222223,181,60.08327777777778,111.33261830955068,374,2751,191,12811.438305555557,31,
피커 2명 · DD→PD (strict),greedy:count_partial:cells_asc:none,2026-07-02,65.49802777777779,248,65.32361111111113,0.09417562724014338,126,66.1818888888889,47.40374360670195,66.1818888888889,180,58.296666666666674,111.40947674506454,374,2751,191,12829.483333333335,31,
피커 2명 · DD→PD (strict),greedy:count_partial:cells_asc:time_asc,2026-07-02,65.49802777777779,248,65.55636111111113,0.09417562724014338,126,66.47083333333335,47.792833994709,66.47083333333335,180,59.717000000000006,111.8885467728118,374,2751,191,12862.305250000001,31,
피커 2명 · DD→PD (strict),greedy:count_partial:cells_asc:demand_desc,2026-07-02,65.49802777777779,248,65.32361111111113,0.09417562724014338,126,66.17633333333335,47.41733553791888,66.17633333333335,181,60.11902777777779,111.623358971905,374,2751,191,12837.702916666669,31,
피커 2명 · DD→PD (strict),greedy:count_partial:cells_asc:qty_desc,2026-07-02,65.49802777777779,248,64.99111111111112,0.09417562724014338,126,65.95222222222223,47.21038800705468,65.95222222222223,181,60.37583333333334,111.32300697474602,374,2751,191,12811.10502777778,31,
피커 2명 · DD→PD (strict),greedy:count_partial:qty_desc:none,2026-07-02,65.49802777777779,248,64.99111111111112,0.09417562724014338,126,65.95222222222223,47.21038800705468,65.95222222222223,181,60.37583333333334,111.32300697474602,374,2751,191,12811.10502777778,31,
피커 2명 · DD→PD (strict),greedy:count_partial:qty_desc:time_asc,2026-07-02,65.49802777777779,248,65.55636111111113,0.09417562724014338,126,66.47083333333335,47.78395524691359,66.47083333333335,181,60.058888888888895,111.97248375436178,374,2751,191,12874.980861111113,31,
피커 2명 · DD→PD (strict),greedy:count_partial:qty_desc:demand_desc,2026-07-02,65.49802777777779,248,64.99111111111112,0.09417562724014338,126,65.95222222222223,47.21290343915344,65.95222222222223,181,60.08327777777778,111.33261830955068,374,2751,191,12811.438305555557,31,
피커 2명 · DD→PD (strict),greedy:count_partial:qty_desc:cells_asc,2026-07-02,65.49802777777779,248,64.99111111111112,0.09417562724014338,126,65.95222222222223,47.21038800705468,65.95222222222223,181,60.37583333333334,111.32300697474602,374,2751,191,12811.10502777778,31,
피커 2명 · DD→PD (strict),greedy:count_ddweighted:none:none,2026-07-02,65.49802777777776,248,65.57580555555553,0.09880085125448042,126,66.73691666666664,13.32966005291004,66.73691666666664,186,56.7735,118.12662864839507,374,2751,191,21230.52266666666,170,
피커 2명 · DD→PD (strict),greedy:count_ddweighted:time_asc:none,2026-07-02,65.49802777777778,248,65.81191666666666,0.109375,126,66.97580555555555,16.10398478835978,66.97580555555555,204,44.19286111111112,131.06195272007426,374,2751,191,21171.87480555555,163,
피커 2명 · DD→PD (strict),greedy:count_ddweighted:time_asc:demand_desc,2026-07-02,65.49802777777778,248,65.81191666666666,0.109375,126,66.97580555555555,16.10398478835978,66.97580555555555,204,44.19286111111112,131.06195272007426,374,2751,191,21171.87480555555,163,
피커 2명 · DD→PD (strict),greedy:count_ddweighted:time_asc:cells_asc,2026-07-02,65.49802777777778,248,65.81191666666666,0.109375,126,66.97580555555555,16.10398478835978,66.97580555555555,204,44.19286111111112,131.051360171936,374,2751,191,21171.87480555555,163,
피커 2명 · DD→PD (strict),greedy:count_ddweighted:time_asc:qty_desc,2026-07-02,65.49802777777778,248,65.81191666666666,0.109375,126,66.97580555555555,16.10398478835978,66.97580555555555,204,44.19286111111112,131.06195272007426,374,2751,191,21171.87480555555,163,
피커 2명 · DD→PD (strict),greedy:count_ddweighted:demand_desc:none,2026-07-02,65.49802777777776,248,65.52024999999999,0.09417562724014338,126,66.37558333333332,45.48730026455024,66.37558333333332,176,61.64355555555555,111.64822447678844,374,2751,191,13134.662138888889,35,
피커 2명 · DD→PD (strict),greedy:count_ddweighted:demand_desc:time_asc,2026-07-02,65.49802777777778,248,65.52025,0.09417562724014338,126,66.36747222222222,45.6185782627866,66.36747222222222,175,60.882999999999996,112.26521400836839,374,2751,191,13123.13127777778,35,
피커 2명 · DD→PD (strict),greedy:count_ddweighted:demand_desc:cells_asc,2026-07-02,65.49802777777776,248,65.52024999999999,0.09417562724014338,126,66.37558333333332,45.466716931216915,66.37558333333332,176,61.64355555555555,111.62852847913871,374,2751,191,13144.571972222224,35,
피커 2명 · DD→PD (strict),greedy:count_ddweighted:demand_desc:qty_desc,2026-07-02,65.49802777777776,248,65.52024999999999,0.09417562724014338,126,66.37558333333332,45.60202513227512,66.37558333333332,176,61.64355555555555,111.67012844833755,374,2751,191,13133.154583333337,35,
피커 2명 · DD→PD (strict),greedy:count_ddweighted:cells_asc:none,2026-07-02,65.49802777777778,248,65.82002777777778,0.13013351254480315,126,66.98947222222222,8.958794532627858,66.98947222222222,199,61.54952777777779,109.35550071922576,374,2751,191,22444.02872222223,179,
피커 2명 · DD→PD (strict),greedy:count_ddweighted:cells_asc:time_asc,2026-07-02,65.49802777777776,248,65.79524999999998,0.13588709677419356,126,66.95358333333331,9.484541446208105,66.95358333333331,201,62.25291666666666,115.88308857421538,374,2751,191,22886.941444444437,182,
피커 2명 · DD→PD (strict),greedy:count_ddweighted:cells_asc:demand_desc,2026-07-02,65.49802777777778,248,65.79525,0.13651164874551971,126,66.95358333333333,10.442345679012341,66.95358333333333,204,57.461749999999995,114.77179795787214,374,2751,191,22341.628583333328,175,
피커 2명 · DD→PD (strict),greedy:count_ddweighted:cells_asc:qty_desc,2026-07-02,65.49802777777778,248,65.79525,0.13651164874551971,126,66.95358333333333,10.442345679012341,66.95358333333333,204,57.461749999999995,114.75160278949471,374,2751,191,22342.30769444444,175,
피커 2명 · DD→PD (strict),greedy:count_ddweighted:qty_desc:none,2026-07-02,65.49802777777776,248,65.52024999999999,0.09417562724014338,126,66.37558333333332,45.62095194003527,66.37558333333332,176,61.64355555555555,111.65786490263109,374,2751,191,13131.859027777782,35,
피커 2명 · DD→PD (strict),greedy:count_ddweighted:qty_desc:time_asc,2026-07-02,65.49802777777778,248,65.52025,0.09417562724014338,126,66.36747222222222,45.78738602292769,66.36747222222222,175,60.882999999999996,112.24201531121545,374,2751,191,13127.35763888889,35,
피커 2명 · DD→PD (strict),greedy:count_ddweighted:qty_desc:demand_desc,2026-07-02,65.49802777777776,248,65.52024999999999,0.09417562724014338,126,66.37558333333332,45.60202513227512,66.37558333333332,176,61.64355555555555,111.67012844833755,374,2751,191,13133.154583333337,35,
피커 2명 · DD→PD (strict),greedy:count_ddweighted:qty_desc:cells_asc,2026-07-02,65.49802777777776,248,65.52024999999999,0.09417562724014338,126,66.37558333333332,45.60036860670193,66.37558333333332,176,61.64355555555555,111.63816890498134,374,2751,191,13141.768861111113,35,
피커 2명 · DD→PD (strict),search:genetic,2026-07-02,65.49802777777776,248,65.52024999999999,0.09417562724014338,126,66.37558333333332,45.5852208994709,66.37558333333332,177,61.76772222222222,111.89674583316068,374,2751,191,13148.812472222224,35,
피커 2명 · DD→PD (strict),sort:qty_desc,2026-07-03,64.17877777777777,147,64.20933333333332,0.02705971277399849,64,64.74822222222221,36.82896354166667,64.74822222222221,156,62.52469444444443,95.59954927977431,211,1616,190,8095.162249999999,66,
피커 2명 · DD→PD (strict),sort:qty_asc,2026-07-03,64.17877777777775,147,64.74266666666664,0.1280045351473923,64,65.40099999999997,4.295229600694439,65.40099999999997,186,62.13577777777775,95.50923873063441,211,1616,190,13242.943388888887,188,
피커 2명 · DD→PD (strict),sort:time_asc,2026-07-03,64.17877777777775,147,64.38988888888886,0.055820105820105825,64,65.03433333333331,7.91430598958333,65.03433333333331,185,57.728249999999974,118.5843225544114,211,1616,190,12793.778444444442,185,
피커 2명 · DD→PD (strict),sort:demand_desc,2026-07-03,64.17877777777777,147,64.20933333333332,0.02705971277399849,64,64.74822222222221,36.92355902777777,64.74822222222221,156,62.52469444444443,95.60061494609891,211,1616,190,8087.158472222222,65,
피커 2명 · DD→PD (strict),sort:cells_asc,2026-07-03,64.17877777777778,147,64.74266666666666,0.1277588813303099,64,65.401,5.349802083333332,65.401,180,63.23561111111111,93.06899231917963,211,1616,190,13113.777138888892,188,
피커 2명 · DD→PD (strict),sort:code,2026-07-03,64.17877777777778,147,64.20933333333335,0.0346182917611489,64,64.74822222222224,9.42797352430556,64.74822222222224,169,55.79219444444446,100.89366717919327,211,1616,190,12329.690805555558,174,
피커 2명 · DD→PD (strict),sort:random,2026-07-03,64.17877777777775,147,64.21211111111108,0.045540438397581255,64,64.64611111111108,7.9280134548611025,64.64611111111108,176,52.62308333333333,105.59163823552159,211,1616,190,12317.041888888889,167,
피커 2명 · DD→PD (strict),greedy:count:none:none,2026-07-03,64.1787777777778,147,63.90594444444446,0.02705971277399849,64,64.56150000000001,14.261432725694451,64.56150000000001,163,60.620500000000014,94.14870274423957,211,1616,190,11163.189694444445,151,
피커 2명 · DD→PD (strict),greedy:count:time_asc:none,2026-07-03,64.17877777777774,147,64.20933333333329,0.03435374149659864,64,64.18966666666662,18.637273871527753,64.20933333333329,163,52.420555555555545,108.59469071647595,211,1616,190,11278.355027777774,163,
피커 2명 · DD→PD (strict),greedy:count:time_asc:demand_desc,2026-07-03,64.17877777777774,147,64.20933333333329,0.03435374149659864,64,64.18966666666662,18.637273871527753,64.20933333333329,163,52.420555555555545,108.59469071647595,211,1616,190,11278.355027777774,163,
피커 2명 · DD→PD (strict),greedy:count:time_asc:cells_asc,2026-07-03,64.17877777777774,147,64.20933333333329,0.03435374149659864,64,64.18966666666662,18.637273871527753,64.20933333333329,163,52.420555555555545,108.59469071647595,211,1616,190,11278.355027777774,163,
피커 2명 · DD→PD (strict),greedy:count:time_asc:qty_desc,2026-07-03,64.17877777777774,147,64.20933333333329,0.03435374149659864,64,64.18966666666662,18.637273871527753,64.20933333333329,163,52.420555555555545,108.59469071647595,211,1616,190,11278.355027777774,163,
피커 2명 · DD→PD (strict),greedy:count:demand_desc:none,2026-07-03,64.17877777777775,147,64.2093333333333,0.02705971277399849,64,64.07783333333332,37.6714197048611,64.2093333333333,153,62.08827777777776,89.24476408760233,211,1616,190,7737.196944444442,44,
피커 2명 · DD→PD (strict),greedy:count:demand_desc:time_asc,2026-07-03,64.17877777777777,147,64.20933333333332,0.02705971277399849,64,64.04449999999999,37.59306987847221,64.20933333333332,151,59.56666666666667,89.36440055443653,211,1616,190,7712.327527777778,44,
피커 2명 · DD→PD (strict),greedy:count:demand_desc:cells_asc,2026-07-03,64.17877777777775,147,64.2093333333333,0.02705971277399849,64,64.07783333333332,37.6714197048611,64.2093333333333,153,62.08827777777776,89.22010040077247,211,1616,190,7737.196944444442,44,
피커 2명 · DD→PD (strict),greedy:count:demand_desc:qty_desc,2026-07-03,64.17877777777775,147,64.2093333333333,0.02705971277399849,64,64.07783333333332,37.58433897569442,64.2093333333333,153,62.08827777777776,89.14665226931355,211,1616,190,7733.434805555553,44,
피커 2명 · DD→PD (strict),greedy:count:cells_asc:none,2026-07-03,64.17877777777778,147,63.90594444444445,0.03182161753590325,64,64.55872222222223,11.139983072916666,64.55872222222223,160,60.366777777777784,89.5111973853262,211,1616,190,11788.83597222222,163,
피커 2명 · DD→PD (strict),greedy:count:cells_asc:time_asc,2026-07-03,64.17877777777773,147,64.3565555555555,0.03410808767951625,64,65.00933333333329,15.099697482638868,65.00933333333329,160,56.674499999999966,102.22194761777793,211,1616,190,11842.739472222214,164,
피커 2명 · DD→PD (strict),greedy:count:cells_asc:demand_desc,2026-07-03,64.17877777777778,147,64.20933333333335,0.03393801965230537,64,64.07783333333334,17.237677083333327,64.20933333333335,153,56.35550000000002,91.07565835011872,211,1616,190,10683.245444444447,140,
피커 2명 · DD→PD (strict),greedy:count:cells_asc:qty_desc,2026-07-03,64.17877777777778,147,64.20933333333335,0.03393801965230537,64,64.07783333333334,17.485220920138886,64.20933333333335,153,62.08827777777779,90.5985820683736,211,1616,190,10606.510527777782,140,
피커 2명 · DD→PD (strict),greedy:count:qty_desc:none,2026-07-03,64.17877777777775,147,64.2093333333333,0.02705971277399849,64,64.07783333333332,37.5988337673611,64.2093333333333,153,62.08827777777776,89.09986779353642,211,1616,190,7733.230194444441,44,
피커 2명 · DD→PD (strict),greedy:count:qty_desc:time_asc,2026-07-03,64.17877777777777,147,64.20933333333332,0.02705971277399849,64,64.04449999999999,37.50760633680554,64.20933333333332,151,59.56666666666667,89.39136876951083,211,1616,190,7712.7037222222225,44,
피커 2명 · DD→PD (strict),greedy:count:qty_desc:demand_desc,2026-07-03,64.17877777777775,147,64.2093333333333,0.02705971277399849,64,64.07783333333332,37.58433897569442,64.2093333333333,153,62.08827777777776,89.14665226931355,211,1616,190,7733.434805555553,44,
피커 2명 · DD→PD (strict),greedy:count:qty_desc:cells_asc,2026-07-03,64.17877777777775,147,64.2093333333333,0.02705971277399849,64,64.07783333333332,37.5988337673611,64.2093333333333,153,62.08827777777776,89.07520410670652,211,1616,190,7733.230194444441,44,
피커 2명 · DD→PD (strict),greedy:count_partial:none:none,2026-07-03,64.17877777777777,147,64.20933333333333,0.027059712773998556,64,64.07783333333333,40.9684001736111,64.20933333333333,155,60.13933333333333,92.26881519474496,211,1616,190,7603.156694444445,40,
피커 2명 · DD→PD (strict),greedy:count_partial:time_asc:none,2026-07-03,64.17877777777777,147,64.20933333333333,0.027059712773998556,64,64.0445,41.079341579861115,64.20933333333333,153,58.5145,92.11224873850115,211,1616,190,7595.694833333333,40,
피커 2명 · DD→PD (strict),greedy:count_partial:time_asc:demand_desc,2026-07-03,64.17877777777777,147,64.20933333333333,0.027059712773998556,64,64.0445,41.079341579861115,64.20933333333333,153,58.5145,92.11224873850115,211,1616,190,7595.694833333333,40,
피커 2명 · DD→PD (strict),greedy:count_partial:time_asc:cells_asc,2026-07-03,64.17877777777777,147,64.20933333333333,0.027059712773998556,64,64.0445,41.079341579861115,64.20933333333333,153,58.5145,92.11224873850115,211,1616,190,7595.694833333333,40,
피커 2명 · DD→PD (strict),greedy:count_partial:time_asc:qty_desc,2026-07-03,64.17877777777777,147,64.20933333333333,0.027059712773998556,64,64.0445,41.079341579861115,64.20933333333333,153,58.5145,92.11224873850115,211,1616,190,7595.694833333333,40,
피커 2명 · DD→PD (strict),greedy:count_partial:demand_desc:none,2026-07-03,64.17877777777777,147,64.20933333333333,0.027059712773998556,64,64.07783333333333,40.999015625,64.20933333333333,155,59.71275,92.43287493683853,211,1616,190,7619.668416666668,40,
피커 2명 · DD→PD (strict),greedy:count_partial:demand_desc:time_asc,2026-07-03,64.17877777777777,147,64.20933333333333,0.027059712773998556,64,64.0445,41.03808810763889,64.20933333333333,154,55.94505555555555,92.24698382374318,211,1616,190,7610.357972222223,40,
피커 2명 · DD→PD (strict),greedy:count_partial:demand_desc:cells_asc,2026-07-03,64.17877777777777,147,64.20933333333333,0.027059712773998556,64,64.07783333333333,40.999015625,64.20933333333333,155,59.71275,92.43287493683853,211,1616,190,7619.668416666668,40,
피커 2명 · DD→PD (strict),greedy:count_partial:demand_desc:qty_desc,2026-07-03,64.17877777777777,147,64.20933333333333,0.027059712773998556,64,64.07783333333333,40.999015625,64.20933333333333,155,59.71275,92.43287493683853,211,1616,190,7619.668416666668,40,
피커 2명 · DD→PD (strict),greedy:count_partial:cells_asc:none,2026-07-03,64.17877777777777,147,64.20933333333333,0.027059712773998556,64,64.07783333333333,40.9684001736111,64.20933333333333,155,60.13933333333333,92.26881519474496,211,1616,190,7603.156694444445,40,
피커 2명 · DD→PD (strict),greedy:count_partial:cells_asc:time_asc,2026-07-03,64.17877777777777,147,64.20933333333333,0.027059712773998556,64,64.0445,41.079341579861115,64.20933333333333,153,58.5145,92.11224873850115,211,1616,190,7595.694833333333,40,
피커 2명 · DD→PD (strict),greedy:count_partial:cells_asc:demand_desc,2026-07-03,64.17877777777777,147,64.20933333333333,0.027059712773998556,64,64.07783333333333,40.999015625,64.20933333333333,155,59.71275,92.43287493683853,211,1616,190,7619.668416666668,40,
피커 2명 · DD→PD (strict),greedy:count_partial:cells_asc:qty_desc,2026-07-03,64.17877777777777,147,64.20933333333333,0.027059712773998556,64,64.07783333333333,40.999015625,64.20933333333333,155,59.71275,92.43287493683853,211,1616,190,7619.668416666668,40,
피커 2명 · DD→PD (strict),greedy:count_partial:qty_desc:none,2026-07-03,64.17877777777777,147,64.20933333333333,0.027059712773998556,64,64.07783333333333,40.999015625,64.20933333333333,155,59.71275,92.43287493683853,211,1616,190,7619.668416666668,40,
피커 2명 · DD→PD (strict),greedy:count_partial:qty_desc:time_asc,2026-07-03,64.17877777777777,147,64.20933333333333,0.027059712773998556,64,64.0445,41.03808810763889,64.20933333333333,154,55.94505555555555,92.24698382374318,211,1616,190,7610.357972222223,40,
피커 2명 · DD→PD (strict),greedy:count_partial:qty_desc:demand_desc,2026-07-03,64.17877777777777,147,64.20933333333333,0.027059712773998556,64,64.07783333333333,40.999015625,64.20933333333333,155,59.71275,92.43287493683853,211,1616,190,7619.668416666668,40,
피커 2명 · DD→PD (strict),greedy:count_partial:qty_desc:cells_asc,2026-07-03,64.17877777777777,147,64.20933333333333,0.027059712773998556,64,64.07783333333333,40.999015625,64.20933333333333,155,59.71275,92.43287493683853,211,1616,190,7619.668416666668,40,
피커 2명 · DD→PD (strict),greedy:count_ddweighted:none:none,2026-07-03,64.1787777777778,147,63.90594444444446,0.02705971277399849,64,64.55872222222224,13.888324652777786,64.55872222222224,163,60.620500000000014,93.74192660084661,211,1616,190,11119.68911111111,148,
피커 2명 · DD→PD (strict),greedy:count_ddweighted:time_asc:none,2026-07-03,64.17877777777774,147,64.20933333333329,0.034183673469387756,64,63.750111111111075,17.36540538194443,64.20933333333329,161,53.47211111111109,107.28575544572956,211,1616,190,11054.568611111106,158,
피커 2명 · DD→PD (strict),greedy:count_ddweighted:time_asc:demand_desc,2026-07-03,64.17877777777774,147,64.20933333333329,0.034183673469387756,64,63.750111111111075,17.36540538194443,64.20933333333329,161,53.47211111111109,107.28575544572956,211,1616,190,11054.568611111106,158,
피커 2명 · DD→PD (strict),greedy:count_ddweighted:time_asc:cells_asc,2026-07-03,64.17877777777774,147,64.20933333333329,0.034183673469387756,64,63.750111111111075,17.36540538194443,64.20933333333329,161,53.47211111111109,107.28575544572956,211,1616,190,11054.568611111106,158,
피커 2명 · DD→PD (strict),greedy:count_ddweighted:time_asc:qty_desc,2026-07-03,64.17877777777774,147,64.20933333333329,0.034183673469387756,64,63.750111111111075,17.36540538194443,64.20933333333329,161,53.47211111111109,107.28575544572956,211,1616,190,11054.568611111106,158,
피커 2명 · DD→PD (strict),greedy:count_ddweighted:demand_desc:none,2026-07-03,64.17877777777775,147,64.2093333333333,0.02705971277399849,64,64.07783333333332,37.578360243055535,64.2093333333333,153,62.08827777777776,89.19009870493038,211,1616,190,7730.825444444442,44,
피커 2명 · DD→PD (strict),greedy:count_ddweighted:demand_desc:time_asc,2026-07-03,64.17877777777777,147,64.20933333333332,0.02705971277399849,64,64.04449999999999,37.47380815972222,64.20933333333332,151,61.3726111111111,89.24980316118804,211,1616,190,7706.691916666667,44,
피커 2명 · DD→PD (strict),greedy:count_ddweighted:demand_desc:cells_asc,2026-07-03,64.17877777777775,147,64.2093333333333,0.02705971277399849,64,64.07783333333332,37.578360243055535,64.2093333333333,153,62.08827777777776,89.16543501810051,211,1616,190,7730.825444444442,44,
피커 2명 · DD→PD (strict),greedy:count_ddweighted:demand_desc:qty_desc,2026-07-03,64.17877777777775,147,64.2093333333333,0.02705971277399849,64,64.07783333333332,37.49127951388888,64.2093333333333,153,62.08827777777776,89.1019819721605,211,1616,190,7727.2642777777755,44,
피커 2명 · DD→PD (strict),greedy:count_ddweighted:cells_asc:none,2026-07-03,64.17877777777778,147,63.90594444444445,0.030555555555555555,64,64.55872222222223,10.92865451388889,64.55872222222223,160,60.366777777777784,88.91092992856633,211,1616,190,11522.610527777775,152,
피커 2명 · DD→PD (strict),greedy:count_ddweighted:cells_asc:time_asc,2026-07-03,64.17877777777773,147,64.3565555555555,0.03410808767951625,64,65.01211111111107,14.90905468749998,65.01211111111107,158,56.25711111111107,102.1996598069761,211,1616,190,11815.708027777771,168,
피커 2명 · DD→PD (strict),greedy:count_ddweighted:cells_asc:demand_desc,2026-07-03,64.17877777777778,147,64.20933333333335,0.03393801965230537,64,64.07783333333334,17.576344618055554,64.20933333333335,153,56.35550000000002,90.78295773892339,211,1616,190,10601.449555555557,135,
피커 2명 · DD→PD (strict),greedy:count_ddweighted:cells_asc:qty_desc,2026-07-03,64.17877777777778,147,64.20933333333335,0.03393801965230537,64,64.07783333333334,17.82149088541666,64.20933333333335,153,62.08827777777779,90.29131711554568,211,1616,190,10525.069055555557,135,
피커 2명 · DD→PD (strict),greedy:count_ddweighted:qty_desc:none,2026-07-03,64.17877777777775,147,64.2093333333333,0.02705971277399849,64,64.07783333333332,37.50577430555554,64.2093333333333,153,62.08827777777776,89.05519749638334,211,1616,190,7727.059666666663,44,
피커 2명 · DD→PD (strict),greedy:count_ddweighted:qty_desc:time_asc,2026-07-03,64.17877777777777,147,64.20933333333332,0.02705971277399849,64,64.04449999999999,37.38834461805555,64.20933333333332,151,61.3726111111111,89.28676646178124,211,1616,190,7707.2690833333345,44,
피커 2명 · DD→PD (strict),greedy:count_ddweighted:qty_desc:demand_desc,2026-07-03,64.17877777777775,147,64.2093333333333,0.02705971277399849,64,64.07783333333332,37.49127951388888,64.2093333333333,153,62.08827777777776,89.1019819721605,211,1616,190,7727.2642777777755,44,
피커 2명 · DD→PD (strict),greedy:count_ddweighted:qty_desc:cells_asc,2026-07-03,64.17877777777775,147,64.2093333333333,0.02705971277399849,64,64.07783333333332,37.50577430555554,64.2093333333333,153,62.08827777777776,89.03053380955346,211,1616,190,7727.059666666663,44,
피커 2명 · DD→PD (strict),search:genetic,2026-07-03,64.17877777777775,147,64.2093333333333,0.02705971277399849,64,64.07783333333332,37.6714197048611,64.2093333333333,153,62.08827777777776,89.24476408760233,211,1616,190,7737.196944444442,44,
피커 2명 · DD→PD (strict),sort:qty_desc,2026-07-05,64.21116666666668,327,64.22783333333335,0.13378355419639823,0,,,64.22783333333335,132,53.98541666666665,74.23238713572603,327,2551,188,6249.076194444445,25,
피커 2명 · DD→PD (strict),sort:qty_asc,2026-07-05,64.21116666666667,327,66.0518888888889,0.584578661230038,0,,,66.0518888888889,203,63.81855555555556,95.78566345987245,327,2551,188,20326.638083333335,187,
피커 2명 · DD→PD (strict),sort:time_asc,2026-07-05,64.2111666666667,327,65.30000000000003,0.36605606523955103,0,,,65.30000000000003,220,55.71655555555561,131.9515760592139,327,2551,188,20152.405055555562,186,
피커 2명 · DD→PD (strict),sort:demand_desc,2026-07-05,64.21116666666668,327,64.22783333333335,0.13378355419639823,0,,,64.22783333333335,132,53.98541666666665,74.23350728007328,327,2551,188,6250.415305555556,25,
피커 2명 · DD→PD (strict),sort:cells_asc,2026-07-05,64.21116666666666,327,66.05188888888888,0.5912456676860353,0,,,66.05188888888888,203,63.818555555555555,92.82540073713092,327,2551,188,20346.619944444446,187,
피커 2명 · DD→PD (strict),sort:code,2026-07-05,64.21116666666668,327,64.22783333333335,0.21007602786272508,0,,,64.22783333333335,208,55.253333333333345,115.88599395727539,327,2551,188,18550.173472222225,168,
피커 2명 · DD→PD (strict),sort:random,2026-07-05,64.21116666666667,327,65.20108333333334,0.38164976214746865,0,,,65.20108333333334,215,57.61461111111111,125.39156387568545,327,2551,188,19386.03177777777,177,
피커 2명 · DD→PD (strict),greedy:count:none:none,2026-07-05,64.21116666666666,327,64.22783333333332,0.1548725790010193,0,,,64.22783333333332,148,48.23311111111111,92.29711980181663,327,2551,188,15647.051111111112,155,
피커 2명 · DD→PD (strict),greedy:count:time_asc:none,2026-07-05,64.2111666666667,327,64.69172222222225,0.21221270812096502,0,,,64.69172222222225,187,50.17505555555557,115.09221598847869,327,2551,188,17626.55527777778,170,
피커 2명 · DD→PD (strict),greedy:count:time_asc:demand_desc,2026-07-05,64.2111666666667,327,64.69172222222225,0.21221270812096502,0,,,64.69172222222225,187,50.17505555555557,115.09221598847869,327,2551,188,17626.55527777778,170,
피커 2명 · DD→PD (strict),greedy:count:time_asc:cells_asc,2026-07-05,64.2111666666667,327,64.69172222222225,0.21221270812096502,0,,,64.69172222222225,187,50.17505555555557,115.09221598847869,327,2551,188,17626.55527777778,170,
피커 2명 · DD→PD (strict),greedy:count:time_asc:qty_desc,2026-07-05,64.2111666666667,327,64.69172222222225,0.21221270812096502,0,,,64.69172222222225,187,50.17505555555557,115.09221598847869,327,2551,188,17626.55527777778,170,
피커 2명 · DD→PD (strict),greedy:count:demand_desc:none,2026-07-05,64.21116666666666,327,64.22783333333332,0.13366462793068298,0,,,64.22783333333332,114,52.164888888888875,68.03285396345127,327,2551,188,6037.809666666666,28,
피커 2명 · DD→PD (strict),greedy:count:demand_desc:time_asc,2026-07-05,64.21116666666666,327,64.22783333333332,0.13366462793068298,0,,,64.22783333333332,115,52.24208333333333,68.93042735885533,327,2551,188,6050.036666666667,28,
피커 2명 · DD→PD (strict),greedy:count:demand_desc:cells_asc,2026-07-05,64.21116666666666,327,64.22783333333332,0.13366462793068298,0,,,64.22783333333332,114,52.164888888888875,67.97944427000753,327,2551,188,6038.441194444444,28,
피커 2명 · DD→PD (strict),greedy:count:demand_desc:qty_desc,2026-07-05,64.21116666666666,327,64.22783333333332,0.13366462793068298,0,,,64.22783333333332,114,52.164888888888875,68.02051248117594,327,2551,188,6038.215222222221,28,
피커 2명 · DD→PD (strict),greedy:count:cells_asc:none,2026-07-05,64.21116666666668,327,64.69172222222224,0.18716887529731568,0,,,64.69172222222224,170,51.77022222222223,81.76176198053848,327,2551,188,18777.836916666667,173,
피커 2명 · DD→PD (strict),greedy:count:cells_asc:time_asc,2026-07-05,64.2111666666667,327,64.69172222222225,0.18845599728168533,0,,,64.69172222222225,170,48.56258333333334,94.70293382890308,327,2551,188,18729.972638888892,176,
피커 2명 · DD→PD (strict),greedy:count:cells_asc:demand_desc,2026-07-05,64.2111666666667,327,64.59172222222226,0.15598793747876347,0,,,64.59172222222226,158,41.0510277777778,79.57719900468844,327,2551,188,16482.669388888895,145,
피커 2명 · DD→PD (strict),greedy:count:cells_asc:qty_desc,2026-07-05,64.2111666666667,327,64.59172222222224,0.15598793747876347,0,,,64.59172222222224,158,41.05102777777779,79.5793797966888,327,2551,188,16482.66938888889,145,
피커 2명 · DD→PD (strict),greedy:count:qty_desc:none,2026-07-05,64.21116666666666,327,64.22783333333332,0.13366462793068298,0,,,64.22783333333332,114,52.164888888888875,68.02507782624528,327,2551,188,6038.215222222221,28,
피커 2명 · DD→PD (strict),greedy:count:qty_desc:time_asc,2026-07-05,64.21116666666666,327,64.22783333333332,0.13366462793068298,0,,,64.22783333333332,115,52.24208333333333,68.92265122164932,327,2551,188,6050.442222222222,28,
피커 2명 · DD→PD (strict),greedy:count:qty_desc:demand_desc,2026-07-05,64.21116666666666,327,64.22783333333332,0.13366462793068298,0,,,64.22783333333332,114,52.164888888888875,68.02051248117594,327,2551,188,6038.215222222221,28,
피커 2명 · DD→PD (strict),greedy:count:qty_desc:cells_asc,2026-07-05,64.21116666666666,327,64.22783333333332,0.13366462793068298,0,,,64.22783333333332,114,52.164888888888875,67.9812135790904,327,2551,188,6038.441194444444,28,
피커 2명 · DD→PD (strict),greedy:count_partial:none:none,2026-07-05,64.21116666666668,327,64.22783333333335,0.13366462793068298,0,,,64.22783333333335,121,51.44130555555555,69.44799762304504,327,2551,188,5680.961694444445,21,
피커 2명 · DD→PD (strict),greedy:count_partial:time_asc:none,2026-07-05,64.21116666666668,327,64.22783333333335,0.13366462793068298,0,,,64.22783333333335,120,50.91141666666666,68.20566369201308,327,2551,188,5667.068861111112,21,
피커 2명 · DD→PD (strict),greedy:count_partial:time_asc:demand_desc,2026-07-05,64.21116666666668,327,64.22783333333335,0.13366462793068298,0,,,64.22783333333335,120,50.91141666666666,68.20566369201308,327,2551,188,5667.068861111112,21,
피커 2명 · DD→PD (strict),greedy:count_partial:time_asc:cells_asc,2026-07-05,64.21116666666668,327,64.22783333333335,0.13366462793068298,0,,,64.22783333333335,120,50.91141666666666,68.20566369201308,327,2551,188,5667.068861111112,21,
피커 2명 · DD→PD (strict),greedy:count_partial:time_asc:qty_desc,2026-07-05,64.21116666666668,327,64.22783333333335,0.13366462793068298,0,,,64.22783333333335,120,50.91141666666666,68.20566369201308,327,2551,188,5667.068861111112,21,
피커 2명 · DD→PD (strict),greedy:count_partial:demand_desc:none,2026-07-05,64.21116666666668,327,64.22783333333335,0.13366462793068298,0,,,64.22783333333335,121,51.44130555555555,69.43856938104888,327,2551,188,5683.040361111111,21,
피커 2명 · DD→PD (strict),greedy:count_partial:demand_desc:time_asc,2026-07-05,64.21116666666668,327,64.22783333333335,0.13366462793068298,0,,,64.22783333333335,120,50.91141666666666,68.39832635729924,327,2551,188,5675.288138888889,21,
피커 2명 · DD→PD (strict),greedy:count_partial:demand_desc:cells_asc,2026-07-05,64.21116666666668,327,64.22783333333335,0.13366462793068298,0,,,64.22783333333335,121,51.44130555555555,69.43248686749686,327,2551,188,5683.040361111111,21,
피커 2명 · DD→PD (strict),greedy:count_partial:demand_desc:qty_desc,2026-07-05,64.21116666666668,327,64.22783333333335,0.13366462793068298,0,,,64.22783333333335,121,51.44130555555555,69.43856938104888,327,2551,188,5683.040361111111,21,
피커 2명 · DD→PD (strict),greedy:count_partial:cells_asc:none,2026-07-05,64.21116666666668,327,64.22783333333335,0.13366462793068298,0,,,64.22783333333335,121,51.44130555555555,69.44191510949301,327,2551,188,5680.961694444445,21,
피커 2명 · DD→PD (strict),greedy:count_partial:cells_asc:time_asc,2026-07-05,64.21116666666668,327,64.22783333333335,0.13366462793068298,0,,,64.22783333333335,120,50.91141666666666,68.18792518992718,327,2551,188,5667.068861111112,21,
피커 2명 · DD→PD (strict),greedy:count_partial:cells_asc:demand_desc,2026-07-05,64.21116666666668,327,64.22783333333335,0.13366462793068298,0,,,64.22783333333335,121,51.44130555555555,69.43248686749686,327,2551,188,5683.040361111111,21,
피커 2명 · DD→PD (strict),greedy:count_partial:cells_asc:qty_desc,2026-07-05,64.21116666666668,327,64.22783333333335,0.13366462793068298,0,,,64.22783333333335,121,51.44130555555555,69.43248686749686,327,2551,188,5683.040361111111,21,
피커 2명 · DD→PD (strict),greedy:count_partial:qty_desc:none,2026-07-05,64.21116666666668,327,64.22783333333335,0.13366462793068298,0,,,64.22783333333335,121,51.44130555555555,69.43856938104888,327,2551,188,5683.040361111111,21,
피커 2명 · DD→PD (strict),greedy:count_partial:qty_desc:time_asc,2026-07-05,64.21116666666668,327,64.22783333333335,0.13366462793068298,0,,,64.22783333333335,120,50.91141666666666,68.39832635729924,327,2551,188,5675.288138888889,21,
피커 2명 · DD→PD (strict),greedy:count_partial:qty_desc:demand_desc,2026-07-05,64.21116666666668,327,64.22783333333335,0.13366462793068298,0,,,64.22783333333335,121,51.44130555555555,69.43856938104888,327,2551,188,5683.040361111111,21,
피커 2명 · DD→PD (strict),greedy:count_partial:qty_desc:cells_asc,2026-07-05,64.21116666666668,327,64.22783333333335,0.13366462793068298,0,,,64.22783333333335,121,51.44130555555555,69.43248686749686,327,2551,188,5683.040361111111,21,
피커 2명 · DD→PD (strict),greedy:count_ddweighted:none:none,2026-07-05,64.21116666666666,327,64.22783333333332,0.1548725790010193,0,,,64.22783333333332,148,48.23311111111111,92.29711980181663,327,2551,188,15647.051111111112,155,
피커 2명 · DD→PD (strict),greedy:count_ddweighted:time_asc:none,2026-07-05,64.2111666666667,327,64.69172222222225,0.21221270812096502,0,,,64.69172222222225,187,50.17505555555557,115.09221598847869,327,2551,188,17626.55527777778,170,
피커 2명 · DD→PD (strict),greedy:count_ddweighted:time_asc:demand_desc,2026-07-05,64.2111666666667,327,64.69172222222225,0.21221270812096502,0,,,64.69172222222225,187,50.17505555555557,115.09221598847869,327,2551,188,17626.55527777778,170,
피커 2명 · DD→PD (strict),greedy:count_ddweighted:time_asc:cells_asc,2026-07-05,64.2111666666667,327,64.69172222222225,0.21221270812096502,0,,,64.69172222222225,187,50.17505555555557,115.09221598847869,327,2551,188,17626.55527777778,170,
피커 2명 · DD→PD (strict),greedy:count_ddweighted:time_asc:qty_desc,2026-07-05,64.2111666666667,327,64.69172222222225,0.21221270812096502,0,,,64.69172222222225,187,50.17505555555557,115.09221598847869,327,2551,188,17626.55527777778,170,
피커 2명 · DD→PD (strict),greedy:count_ddweighted:demand_desc:none,2026-07-05,64.21116666666666,327,64.22783333333332,0.13366462793068298,0,,,64.22783333333332,114,52.164888888888875,68.03285396345127,327,2551,188,6037.809666666666,28,
피커 2명 · DD→PD (strict),greedy:count_ddweighted:demand_desc:time_asc,2026-07-05,64.21116666666666,327,64.22783333333332,0.13366462793068298,0,,,64.22783333333332,115,52.24208333333333,68.93042735885533,327,2551,188,6050.036666666667,28,
피커 2명 · DD→PD (strict),greedy:count_ddweighted:demand_desc:cells_asc,2026-07-05,64.21116666666666,327,64.22783333333332,0.13366462793068298,0,,,64.22783333333332,114,52.164888888888875,67.97944427000753,327,2551,188,6038.441194444444,28,
피커 2명 · DD→PD (strict),greedy:count_ddweighted:demand_desc:qty_desc,2026-07-05,64.21116666666666,327,64.22783333333332,0.13366462793068298,0,,,64.22783333333332,114,52.164888888888875,68.02051248117594,327,2551,188,6038.215222222221,28,
피커 2명 · DD→PD (strict),greedy:count_ddweighted:cells_asc:none,2026-07-05,64.21116666666668,327,64.69172222222224,0.18716887529731568,0,,,64.69172222222224,170,51.77022222222223,81.76176198053848,327,2551,188,18777.836916666667,173,
피커 2명 · DD→PD (strict),greedy:count_ddweighted:cells_asc:time_asc,2026-07-05,64.2111666666667,327,64.69172222222225,0.18845599728168533,0,,,64.69172222222225,170,48.56258333333334,94.70293382890308,327,2551,188,18729.972638888892,176,
피커 2명 · DD→PD (strict),greedy:count_ddweighted:cells_asc:demand_desc,2026-07-05,64.2111666666667,327,64.59172222222226,0.15598793747876347,0,,,64.59172222222226,158,41.0510277777778,79.57719900468844,327,2551,188,16482.669388888895,145,
피커 2명 · DD→PD (strict),greedy:count_ddweighted:cells_asc:qty_desc,2026-07-05,64.2111666666667,327,64.59172222222224,0.15598793747876347,0,,,64.59172222222224,158,41.05102777777779,79.5793797966888,327,2551,188,16482.66938888889,145,
피커 2명 · DD→PD (strict),greedy:count_ddweighted:qty_desc:none,2026-07-05,64.21116666666666,327,64.22783333333332,0.13366462793068298,0,,,64.22783333333332,114,52.164888888888875,68.02507782624528,327,2551,188,6038.215222222221,28,
피커 2명 · DD→PD (strict),greedy:count_ddweighted:qty_desc:time_asc,2026-07-05,64.21116666666666,327,64.22783333333332,0.13366462793068298,0,,,64.22783333333332,115,52.24208333333333,68.92265122164932,327,2551,188,6050.442222222222,28,
피커 2명 · DD→PD (strict),greedy:count_ddweighted:qty_desc:demand_desc,2026-07-05,64.21116666666666,327,64.22783333333332,0.13366462793068298,0,,,64.22783333333332,114,52.164888888888875,68.02051248117594,327,2551,188,6038.215222222221,28,
피커 2명 · DD→PD (strict),greedy:count_ddweighted:qty_desc:cells_asc,2026-07-05,64.21116666666666,327,64.22783333333332,0.13366462793068298,0,,,64.22783333333332,114,52.164888888888875,67.9812135790904,327,2551,188,6038.441194444444,28,
피커 2명 · DD→PD (strict),search:genetic,2026-07-05,64.21116666666666,327,64.22783333333332,0.13366462793068298,0,,,64.22783333333332,114,52.164888888888875,68.03285396345127,327,2551,188,6037.809666666666,28,
피커 2명 · DD→PD (strict),sort:qty_desc,2026-07-06,67.15986111111113,314,66.55533333333335,0.15079617834394904,189,68.03033333333335,46.120819517930634,68.03033333333335,212,65.18394444444445,140.0280503958202,503,3793,192,17936.78175,28,
피커 2명 · DD→PD (strict),sort:qty_asc,2026-07-06,67.15986111111108,314,68.6950833333333,0.4772926397735297,189,70.75619444444442,4.760665196942971,70.75619444444442,290,66.31730555555554,109.73984374355915,503,3793,192,33758.51152777776,191,
피커 2명 · DD→PD (strict),sort:time_asc,2026-07-06,67.15986111111113,314,67.67652777777779,0.21287915782024047,189,69.72375000000001,5.091419165196943,69.72375000000001,288,64.90611111111113,154.60934083117704,503,3793,192,33149.17325000001,189,
피커 2명 · DD→PD (strict),sort:demand_desc,2026-07-06,67.15986111111113,314,66.55533333333335,0.15079617834394904,189,68.03033333333335,46.09016798941799,68.03033333333335,212,65.18394444444445,139.9462817240022,503,3793,192,17930.899250000002,28,
피커 2명 · DD→PD (strict),sort:cells_asc,2026-07-06,67.1598611111111,314,68.5634722222222,0.37295559094125974,189,70.62458333333332,5.03258171663727,70.62458333333332,279,66.63291666666665,109.41837768954387,503,3793,192,33670.42391666666,191,
피커 2명 · DD→PD (strict),sort:code,2026-07-06,67.1598611111111,314,67.22097222222222,0.24142781316348194,189,69.27097222222221,8.766051146384482,69.27097222222221,266,65.30219444444444,154.14221846171736,503,3793,192,31890.80427777777,187,
피커 2명 · DD→PD (strict),sort:random,2026-07-06,67.15986111111108,314,66.75169444444442,0.18813278485491863,189,68.63366666666664,9.939664168136385,68.63366666666664,267,51.830999999999996,150.16443258329647,503,3793,192,30755.985305555543,169,
피커 2명 · DD→PD (strict),greedy:count:none:none,2026-07-06,67.15986111111111,314,67.57375,0.23510049539985844,189,69.62930555555556,16.223721046443266,69.62930555555556,248,56.15336111111111,150.2014660972491,503,3793,192,29779.60777777778,160,
피커 2명 · DD→PD (strict),greedy:count:time_asc:none,2026-07-06,67.15986111111113,314,67.19319444444446,0.21607519462137298,189,68.37930555555558,22.48499456202235,68.37930555555558,247,53.070499999999996,145.047368132415,503,3793,192,26707.117333333335,141,
피커 2명 · DD→PD (strict),greedy:count:time_asc:demand_desc,2026-07-06,67.15986111111113,314,67.19319444444446,0.21607519462137298,189,68.37930555555558,22.48499456202235,68.37930555555558,247,53.070499999999996,145.047368132415,503,3793,192,26707.117333333335,141,
피커 2명 · DD→PD (strict),greedy:count:time_asc:cells_asc,2026-07-06,67.15986111111113,314,67.19319444444446,0.21607519462137298,189,68.37930555555558,22.48499456202235,68.37930555555558,247,53.070499999999996,145.047368132415,503,3793,192,26707.117333333335,141,
피커 2명 · DD→PD (strict),greedy:count:time_asc:qty_desc,2026-07-06,67.15986111111113,314,67.19319444444446,0.21607519462137298,189,68.37930555555558,22.48499456202235,68.37930555555558,247,53.070499999999996,145.047368132415,503,3793,192,26707.117333333335,141,
피커 2명 · DD→PD (strict),greedy:count:demand_desc:none,2026-07-06,67.15986111111113,314,67.19319444444446,0.15079617834394904,189,68.5376388888889,47.451114491475614,68.5376388888889,214,65.70947222222225,138.82947164068406,503,3793,192,17865.792388888894,30,
피커 2명 · DD→PD (strict),greedy:count:demand_desc:time_asc,2026-07-06,67.15986111111113,314,67.19319444444446,0.15079617834394904,189,68.64875000000002,47.65545855379191,68.64875000000002,215,65.24283333333335,139.40718148546043,503,3793,192,17895.408416666673,30,
피커 2명 · DD→PD (strict),greedy:count:demand_desc:cells_asc,2026-07-06,67.15986111111113,314,67.19319444444446,0.15079617834394904,189,68.5376388888889,47.40125999412112,68.5376388888889,214,65.70947222222225,138.8426059484752,503,3793,192,17879.146722222227,30,
피커 2명 · DD→PD (strict),greedy:count:demand_desc:qty_desc,2026-07-06,67.15986111111113,314,67.19319444444446,0.15079617834394904,189,68.53725000000001,47.57758171663729,68.53725000000001,214,65.70947222222225,138.77973818779003,503,3793,192,17859.266611111118,30,
피커 2명 · DD→PD (strict),greedy:count:cells_asc:none,2026-07-06,67.15986111111108,314,67.57374999999998,0.20071257961783442,189,69.62374999999997,10.70165726043504,69.62374999999997,252,61.72544444444442,123.9879199905843,503,3793,192,31300.540555555548,176,
피커 2명 · DD→PD (strict),greedy:count:cells_asc:time_asc,2026-07-06,67.1598611111111,314,67.57374999999999,0.23995930644019817,189,69.62652777777777,12.042175485008826,69.62652777777777,248,58.08394444444443,133.23970429533762,503,3793,192,30874.703416666653,171,
피커 2명 · DD→PD (strict),greedy:count:cells_asc:demand_desc,2026-07-06,67.15986111111111,314,67.57375,0.19426433121019107,189,69.62652777777778,16.716303057025282,69.62652777777778,240,53.49080555555555,134.74413487834897,503,3793,192,29599.34711111111,151,
피커 2명 · DD→PD (strict),greedy:count:cells_asc:qty_desc,2026-07-06,67.15986111111111,314,67.57375,0.19426433121019107,189,69.62652777777778,16.7148334803057,69.62652777777778,240,53.49080555555555,134.79512318700367,503,3793,192,29598.076944444445,151,
피커 2명 · DD→PD (strict),greedy:count:qty_desc:none,2026-07-06,67.15986111111113,314,67.19319444444446,0.15079617834394904,189,68.5376388888889,47.68073162845387,68.5376388888889,214,65.70947222222225,138.86250093723848,503,3793,192,17855.212333333337,30,
피커 2명 · DD→PD (strict),greedy:count:qty_desc:time_asc,2026-07-06,67.15986111111113,314,67.19319444444446,0.15079617834394904,189,68.65147222222224,47.852672839506184,68.65147222222224,215,65.24283333333335,139.34337452502638,503,3793,192,17883.314944444453,30,
피커 2명 · DD→PD (strict),greedy:count:qty_desc:demand_desc,2026-07-06,67.15986111111113,314,67.19319444444446,0.15079617834394904,189,68.5376388888889,47.692275867137,68.5376388888889,214,65.70947222222225,138.80390985488512,503,3793,192,17857.953638888892,30,
피커 2명 · DD→PD (strict),greedy:count:qty_desc:cells_asc,2026-07-06,67.15986111111113,314,67.19319444444446,0.15079617834394904,189,68.5376388888889,47.630877131099375,68.5376388888889,214,65.70947222222225,138.8752611602303,503,3793,192,17868.56666666667,30,
피커 2명 · DD→PD (strict),greedy:count_partial:none:none,2026-07-06,67.15986111111113,314,67.19319444444446,0.15081794055201708,189,68.3598888888889,48.59399221046446,68.3598888888889,213,65.34600000000002,136.58491821877354,503,3793,192,17465.243000000002,21,
피커 2명 · DD→PD (strict),greedy:count_partial:time_asc:none,2026-07-06,67.15986111111113,314,67.19319444444446,0.15081794055201708,189,68.6515277777778,49.092736478542044,68.6515277777778,215,65.24283333333335,137.36080932082518,503,3793,192,17549.118916666674,21,
피커 2명 · DD→PD (strict),greedy:count_partial:time_asc:demand_desc,2026-07-06,67.15986111111113,314,67.19319444444446,0.15081794055201708,189,68.6515277777778,49.092736478542044,68.6515277777778,215,65.24283333333335,137.36080932082518,503,3793,192,17549.118916666674,21,
피커 2명 · DD→PD (strict),greedy:count_partial:time_asc:cells_asc,2026-07-06,67.15986111111113,314,67.19319444444446,0.15081794055201708,189,68.6515277777778,49.092736478542044,68.6515277777778,215,65.24283333333335,137.36080932082518,503,3793,192,17549.118916666674,21,
피커 2명 · DD→PD (strict),greedy:count_partial:time_asc:qty_desc,2026-07-06,67.15986111111113,314,67.19319444444446,0.15081794055201708,189,68.6515277777778,49.092736478542044,68.6515277777778,215,65.24283333333335,137.36080932082518,503,3793,192,17549.118916666674,21,
피커 2명 · DD→PD (strict),greedy:count_partial:demand_desc:none,2026-07-06,67.15986111111113,314,67.19319444444446,0.15081794055201708,189,68.3598888888889,48.59015652557321,68.3598888888889,213,65.34600000000002,136.6010245611868,503,3793,192,17467.055361111114,21,
피커 2명 · DD→PD (strict),greedy:count_partial:demand_desc:time_asc,2026-07-06,67.15986111111113,314,67.19319444444446,0.15081794055201708,189,68.6515277777778,49.08334935332159,68.6515277777778,215,65.24283333333335,137.37651707192728,503,3793,192,17552.327333333338,21,
피커 2명 · DD→PD (strict),greedy:count_partial:demand_desc:cells_asc,2026-07-06,67.15986111111113,314,67.19319444444446,0.15081794055201708,189,68.3598888888889,48.59015652557321,68.3598888888889,213,65.34600000000002,136.57461449940593,503,3793,192,17467.055361111114,21,
피커 2명 · DD→PD (strict),greedy:count_partial:demand_desc:qty_desc,2026-07-06,67.15986111111113,314,67.19319444444446,0.15081794055201708,189,68.3598888888889,48.59015652557321,68.3598888888889,213,65.34600000000002,136.59724879274557,503,3793,192,17467.055361111114,21,
피커 2명 · DD→PD (strict),greedy:count_partial:cells_asc:none,2026-07-06,67.15986111111113,314,67.19319444444446,0.15081794055201708,189,68.3598888888889,48.59399221046446,68.3598888888889,213,65.34600000000002,136.55850815699267,503,3793,192,17465.243000000002,21,
피커 2명 · DD→PD (strict),greedy:count_partial:cells_asc:time_asc,2026-07-06,67.15986111111113,314,67.19319444444446,0.15081794055201708,189,68.6515277777778,49.092736478542044,68.6515277777778,215,65.24283333333335,137.31601708305433,503,3793,192,17549.118916666674,21,
피커 2명 · DD→PD (strict),greedy:count_partial:cells_asc:demand_desc,2026-07-06,67.15986111111113,314,67.19319444444446,0.15081794055201708,189,68.3598888888889,48.59015652557321,68.3598888888889,213,65.34600000000002,136.57461449940593,503,3793,192,17467.055361111114,21,
피커 2명 · DD→PD (strict),greedy:count_partial:cells_asc:qty_desc,2026-07-06,67.15986111111113,314,67.19319444444446,0.15081794055201708,189,68.3598888888889,48.59015652557321,68.3598888888889,213,65.34600000000002,136.5708387309647,503,3793,192,17467.055361111114,21,
피커 2명 · DD→PD (strict),greedy:count_partial:qty_desc:none,2026-07-06,67.15986111111113,314,67.19319444444446,0.15081794055201708,189,68.3598888888889,48.59015652557321,68.3598888888889,213,65.34600000000002,136.59724879274557,503,3793,192,17467.055361111114,21,
피커 2명 · DD→PD (strict),greedy:count_partial:qty_desc:time_asc,2026-07-06,67.15986111111113,314,67.19319444444446,0.15081794055201708,189,68.6515277777778,49.071497501469736,68.6515277777778,215,65.24283333333335,137.36093353915,503,3793,192,17550.477888888894,21,
피커 2명 · DD→PD (strict),greedy:count_partial:qty_desc:demand_desc,2026-07-06,67.15986111111113,314,67.19319444444446,0.15081794055201708,189,68.3598888888889,48.59015652557321,68.3598888888889,213,65.34600000000002,136.59724879274557,503,3793,192,17467.055361111114,21,
피커 2명 · DD→PD (strict),greedy:count_partial:qty_desc:cells_asc,2026-07-06,67.15986111111113,314,67.19319444444446,0.15081794055201708,189,68.3598888888889,48.59015652557321,68.3598888888889,213,65.34600000000002,136.5708387309647,503,3793,192,17467.055361111114,21,
피커 2명 · DD→PD (strict),greedy:count_ddweighted:none:none,2026-07-06,67.15986111111111,314,67.57375,0.2202360226468507,189,69.62652777777778,18.11141049382716,69.62652777777778,240,48.58822222222222,147.58473163365653,503,3793,192,29046.176416666665,138,
피커 2명 · DD→PD (strict),greedy:count_ddweighted:time_asc:none,2026-07-06,67.15986111111113,314,67.19319444444446,0.21810385704175514,189,68.37375000000002,21.813737654321,68.37375000000002,240,53.774222222222214,144.79508745843412,503,3793,192,26635.867722222225,142,
피커 2명 · DD→PD (strict),greedy:count_ddweighted:time_asc:demand_desc,2026-07-06,67.15986111111113,314,67.19319444444446,0.21810385704175514,189,68.37375000000002,21.813737654321,68.37375000000002,240,53.774222222222214,144.79508745843412,503,3793,192,26635.867722222225,142,
피커 2명 · DD→PD (strict),greedy:count_ddweighted:time_asc:cells_asc,2026-07-06,67.15986111111113,314,67.19319444444446,0.21810385704175514,189,68.37375000000002,21.813737654321,68.37375000000002,240,53.774222222222214,144.79508745843412,503,3793,192,26635.867722222225,142,
피커 2명 · DD→PD (strict),greedy:count_ddweighted:time_asc:qty_desc,2026-07-06,67.15986111111113,314,67.19319444444446,0.21810385704175514,189,68.37375000000002,21.813737654321,68.37375000000002,240,53.774222222222214,144.79508745843412,503,3793,192,26635.867722222225,142,
피커 2명 · DD→PD (strict),greedy:count_ddweighted:demand_desc:none,2026-07-06,67.15986111111111,314,67.19319444444446,0.15079617834394904,189,68.53763888888889,47.240816137566135,68.53763888888889,214,65.70947222222223,138.05337132273226,503,3793,192,17825.128555555555,30,
피커 2명 · DD→PD (strict),greedy:count_ddweighted:demand_desc:time_asc,2026-07-06,67.15986111111113,314,67.19319444444446,0.15079617834394904,189,68.64875000000002,47.45802513227516,68.64875000000002,215,65.24283333333335,138.601787683275,503,3793,192,17856.43669444445,30,
피커 2명 · DD→PD (strict),greedy:count_ddweighted:demand_desc:cells_asc,2026-07-06,67.15986111111111,314,67.19319444444446,0.15079617834394904,189,68.53763888888889,47.19096164021164,68.53763888888889,214,65.70947222222223,138.06650563052338,503,3793,192,17838.48288888889,30,
피커 2명 · DD→PD (strict),greedy:count_ddweighted:demand_desc:qty_desc,2026-07-06,67.15986111111111,314,67.19319444444446,0.15079617834394904,189,68.53725000000001,47.384226631393304,68.53725000000001,214,65.70947222222223,137.9331081516499,503,3793,192,17819.935861111117,30,
피커 2명 · DD→PD (strict),greedy:count_ddweighted:cells_asc:none,2026-07-06,67.15986111111108,314,67.57374999999998,0.19935049539985844,189,69.62374999999997,11.749917401528512,69.62374999999997,244,56.316277777777756,123.03863943298403,503,3793,192,30720.455722222214,159,
피커 2명 · DD→PD (strict),greedy:count_ddweighted:cells_asc:time_asc,2026-07-06,67.1598611111111,314,67.57374999999999,0.23572823779193208,189,69.62652777777777,10.762272045855385,69.62652777777777,252,55.81686111111109,134.32053834845036,503,3793,192,31111.8693611111,166,
피커 2명 · DD→PD (strict),greedy:count_ddweighted:cells_asc:demand_desc,2026-07-06,67.15986111111111,314,67.57375,0.19546381811748056,189,69.62652777777778,16.24018871252205,69.62652777777778,240,53.49080555555555,136.40751230274222,503,3793,192,29675.09038888889,151,
피커 2명 · DD→PD (strict),greedy:count_ddweighted:cells_asc:qty_desc,2026-07-06,67.15986111111111,314,67.57375,0.19546381811748056,189,69.62652777777778,16.238719135802473,69.62652777777778,240,53.49080555555555,136.45850061139694,503,3793,192,29673.82022222222,151,
피커 2명 · DD→PD (strict),greedy:count_ddweighted:qty_desc:none,2026-07-06,67.15986111111111,314,67.19319444444446,0.15079617834394904,189,68.53763888888889,47.48740593768372,68.53763888888889,214,65.70947222222223,138.01608402520105,503,3793,192,17815.887138888895,30,
피커 2명 · DD→PD (strict),greedy:count_ddweighted:qty_desc:time_asc,2026-07-06,67.15986111111113,314,67.19319444444446,0.15079617834394904,189,68.65147222222224,47.68291931216933,68.65147222222224,215,65.24283333333335,138.5043547257423,503,3793,192,17846.053722222226,30,
피커 2명 · DD→PD (strict),greedy:count_ddweighted:qty_desc:demand_desc,2026-07-06,67.15986111111111,314,67.19319444444446,0.15079617834394904,189,68.53763888888889,47.49895017636685,68.53763888888889,214,65.70947222222223,137.9574929428477,503,3793,192,17818.628444444446,30,
피커 2명 · DD→PD (strict),greedy:count_ddweighted:qty_desc:cells_asc,2026-07-06,67.15986111111111,314,67.19319444444446,0.15079617834394904,189,68.53763888888889,47.43755144032922,68.53763888888889,214,65.70947222222223,138.0288442481929,503,3793,192,17829.241472222224,30,
피커 2명 · DD→PD (strict),search:genetic,2026-07-06,67.15986111111111,314,65.86988888888888,0.15079617834394904,189,67.84155555555554,46.00218856554967,67.84155555555554,212,65.32763888888888,139.39346827739146,503,3793,192,17977.851611111113,29,
피커 2명 · DD→PD (strict),sort:qty_desc,2026-07-07,64.18366666666664,198,64.20033333333332,0.06148989898989899,150,65.51566666666665,50.50581388888887,65.51566666666665,187,54.603694444444415,124.39409360950135,348,2571,186,14275.430888888883,29,
피커 2명 · DD→PD (strict),sort:qty_asc,2026-07-07,64.18366666666664,198,64.63644444444442,0.1704323793490461,150,66.10866666666664,3.074364999999997,66.10866666666664,216,62.997611111111084,95.58098786845899,348,2571,186,21925.070499999987,183,
피커 2명 · DD→PD (strict),sort:time_asc,2026-07-07,64.18366666666662,198,64.49477777777774,0.08026094276094276,150,65.96977777777774,3.872368703703698,65.96977777777774,206,53.61883333333331,131.03286016492396,348,2571,186,21263.210138888877,181,
피커 2명 · DD→PD (strict),sort:demand_desc,2026-07-07,64.18366666666664,198,64.20033333333332,0.05627104377104377,150,65.51144444444442,50.43859796296295,65.51144444444442,187,54.603694444444415,124.35268858876226,348,2571,186,14285.031888888881,28,
피커 2명 · DD→PD (strict),sort:cells_asc,2026-07-07,64.18366666666664,198,64.72455555555553,0.19287037037037102,150,66.19677777777775,3.5016211111111097,66.19677777777775,221,63.62455555555553,95.05979478692315,348,2571,186,21811.485361111103,185,
피커 2명 · DD→PD (strict),sort:code,2026-07-07,64.18366666666667,198,64.24755555555555,0.0740196408529742,150,65.73366666666666,14.00096185185184,65.73366666666666,201,56.71061111111112,127.25952961698977,348,2571,186,20732.86844444444,166,
피커 2명 · DD→PD (strict),sort:random,2026-07-07,64.18366666666665,198,64.20866666666666,0.07233445566778901,150,65.692,7.379283703703701,65.692,218,54.91747222222222,118.50219162488922,348,2571,186,20880.834,170,
피커 2명 · DD→PD (strict),greedy:count:none:none,2026-07-07,64.18366666666667,198,64.33922222222222,0.06432379349046015,150,65.81977777777777,21.131294259259253,65.81977777777777,182,62.96883333333333,120.68196784823202,348,2571,186,19440.422166666667,137,
피커 2명 · DD→PD (strict),greedy:count:time_asc:none,2026-07-07,64.18366666666664,198,64.24755555555552,0.05909090909090909,150,65.73644444444442,7.993605370370361,65.73644444444442,198,47.50436111111111,132.69114798488238,348,2571,186,20022.873472222214,172,
피커 2명 · DD→PD (strict),greedy:count:time_asc:demand_desc,2026-07-07,64.18366666666664,198,64.24755555555552,0.05909090909090909,150,65.73644444444442,7.993605370370361,65.73644444444442,198,47.50436111111111,132.69114798488238,348,2571,186,20022.873472222214,172,
피커 2명 · DD→PD (strict),greedy:count:time_asc:cells_asc,2026-07-07,64.18366666666664,198,64.24755555555552,0.05909090909090909,150,65.73644444444442,7.993605370370361,65.73644444444442,198,47.50436111111111,132.69114798488238,348,2571,186,20022.873472222214,172,
피커 2명 · DD→PD (strict),greedy:count:time_asc:qty_desc,2026-07-07,64.18366666666664,198,64.24755555555552,0.05909090909090909,150,65.73644444444442,7.993605370370361,65.73644444444442,198,47.50436111111111,132.69114798488238,348,2571,186,20022.873472222214,172,
피커 2명 · DD→PD (strict),greedy:count:demand_desc:none,2026-07-07,64.18366666666664,198,63.534916666666646,0.05634118967452301,150,64.84852777777776,51.15789314814812,64.84852777777776,183,58.425222222222196,121.6755147786701,348,2571,186,13907.360416666661,28,
피커 2명 · DD→PD (strict),greedy:count:demand_desc:time_asc,2026-07-07,64.18366666666664,198,64.21144444444442,0.05634118967452301,150,65.4582222222222,51.83713481481479,65.4582222222222,185,58.63774999999998,122.84133815631341,348,2571,186,14000.895972222219,28,
피커 2명 · DD→PD (strict),greedy:count:demand_desc:cells_asc,2026-07-07,64.18366666666664,198,63.534916666666646,0.05634118967452301,150,64.84852777777776,51.15789314814812,64.84852777777776,183,58.425222222222196,121.63161761146807,348,2571,186,13907.360416666661,28,
피커 2명 · DD→PD (strict),greedy:count:demand_desc:qty_desc,2026-07-07,64.18366666666664,198,63.534916666666646,0.05634118967452301,150,64.84852777777776,51.199830925925895,64.84852777777776,183,58.425222222222196,121.6298943649453,348,2571,186,13900.024694444437,28,
피커 2명 · DD→PD (strict),greedy:count:cells_asc:none,2026-07-07,64.18366666666665,198,64.42255555555555,0.0667648709315376,150,65.89199999999998,9.283496481481489,65.89199999999998,196,59.31208333333331,103.64538141538004,348,2571,186,20351.746,172,
피커 2명 · DD→PD (strict),greedy:count:cells_asc:time_asc,2026-07-07,64.18366666666662,198,64.42255555555552,0.06205106621773289,150,65.89199999999997,7.203278148148145,65.89199999999997,190,61.899444444444406,120.2937846105074,348,2571,186,20030.2928611111,180,
피커 2명 · DD→PD (strict),greedy:count:cells_asc:demand_desc,2026-07-07,64.18366666666664,198,64.42255555555553,0.08265375982042662,150,65.89199999999997,12.413480740740733,65.89199999999997,204,54.88791666666664,114.5626682045367,348,2571,186,19775.100333333325,158,
피커 2명 · DD→PD (strict),greedy:count:cells_asc:qty_desc,2026-07-07,64.18366666666664,198,64.42255555555553,0.08265375982042662,150,65.89199999999998,12.330796111111106,65.89199999999998,204,54.88791666666665,115.2236167600855,348,2571,186,19797.867972222215,158,
피커 2명 · DD→PD (strict),greedy:count:qty_desc:none,2026-07-07,64.18366666666664,198,63.534916666666646,0.05634118967452301,150,64.84852777777776,51.28687111111108,64.84852777777776,183,58.05886111111109,121.46641168500783,348,2571,186,13886.532916666663,28,
피커 2명 · DD→PD (strict),greedy:count:qty_desc:time_asc,2026-07-07,64.18366666666665,198,64.21144444444442,0.05634118967452301,150,65.4582222222222,51.94991240740739,65.4582222222222,185,58.5126111111111,122.78809639396799,348,2571,186,13984.027194444441,28,
피커 2명 · DD→PD (strict),greedy:count:qty_desc:demand_desc,2026-07-07,64.18366666666664,198,63.534916666666646,0.05634118967452301,150,64.84852777777776,51.29267370370367,64.84852777777776,183,58.425222222222196,121.51196784643871,348,2571,186,13885.605638888885,28,
피커 2명 · DD→PD (strict),greedy:count:qty_desc:cells_asc,2026-07-07,64.18366666666664,198,63.534916666666646,0.05634118967452301,150,64.84852777777776,51.28687111111108,64.84852777777776,183,58.05886111111109,121.4225145178058,348,2571,186,13886.532916666663,28,
피커 2명 · DD→PD (strict),greedy:count_partial:none:none,2026-07-07,64.18366666666664,198,64.20033333333332,0.04493546576879916,150,65.51699999999998,52.479177037037026,65.51699999999998,183,57.88530555555554,122.19901620105382,348,2571,186,13954.544722222217,24,
피커 2명 · DD→PD (strict),greedy:count_partial:time_asc:none,2026-07-07,64.18366666666664,198,64.21144444444442,0.04486531986531993,150,65.21977777777775,52.14470092592591,65.21977777777775,183,59.07311111111109,122.0963877692179,348,2571,186,13890.500277777774,24,
피커 2명 · DD→PD (strict),greedy:count_partial:time_asc:demand_desc,2026-07-07,64.18366666666664,198,64.21144444444442,0.04486531986531993,150,65.21977777777775,52.14470092592591,65.21977777777775,183,59.07311111111109,122.0963877692179,348,2571,186,13890.500277777774,24,
피커 2명 · DD→PD (strict),greedy:count_partial:time_asc:cells_asc,2026-07-07,64.18366666666664,198,64.21144444444442,0.04486531986531993,150,65.21977777777775,52.14470092592591,65.21977777777775,183,59.07311111111109,122.0963877692179,348,2571,186,13890.500277777774,24,
피커 2명 · DD→PD (strict),greedy:count_partial:time_asc:qty_desc,2026-07-07,64.18366666666664,198,64.21144444444442,0.04486531986531993,150,65.21977777777775,52.14470092592591,65.21977777777775,183,59.07311111111109,122.0963877692179,348,2571,186,13890.500277777774,24,
피커 2명 · DD→PD (strict),greedy:count_partial:demand_desc:none,2026-07-07,64.18366666666664,198,64.20033333333332,0.04486531986531993,150,65.51566666666665,52.452445370370356,65.51566666666665,185,59.74333333333332,122.24558248154382,348,2571,186,13955.750166666661,24,
피커 2명 · DD→PD (strict),greedy:count_partial:demand_desc:time_asc,2026-07-07,64.18366666666664,198,64.21144444444442,0.04486531986531993,150,65.21977777777775,52.105889259259236,65.21977777777775,184,59.2544722222222,122.01262568614153,348,2571,186,13892.842055555551,24,
피커 2명 · DD→PD (strict),greedy:count_partial:demand_desc:cells_asc,2026-07-07,64.18366666666664,198,64.20033333333332,0.04486531986531993,150,65.51566666666665,52.452445370370356,65.51566666666665,185,59.74333333333332,122.22321421000234,348,2571,186,13955.750166666661,24,
피커 2명 · DD→PD (strict),greedy:count_partial:demand_desc:qty_desc,2026-07-07,64.18366666666664,198,64.20033333333332,0.04486531986531993,150,65.51566666666665,52.452445370370356,65.51566666666665,185,59.74333333333332,122.2473861213857,348,2571,186,13955.750166666661,24,
피커 2명 · DD→PD (strict),greedy:count_partial:cells_asc:none,2026-07-07,64.18366666666664,198,64.20033333333332,0.04493546576879916,150,65.51699999999998,52.479177037037026,65.51699999999998,183,57.88530555555554,122.17664838472795,348,2571,186,13954.544722222217,24,
피커 2명 · DD→PD (strict),greedy:count_partial:cells_asc:time_asc,2026-07-07,64.18366666666664,198,64.21144444444442,0.04486531986531993,150,65.21977777777775,52.14470092592591,65.21977777777775,183,59.07311111111109,122.05441856423917,348,2571,186,13890.500277777774,24,
피커 2명 · DD→PD (strict),greedy:count_partial:cells_asc:demand_desc,2026-07-07,64.18366666666664,198,64.20033333333332,0.04486531986531993,150,65.51566666666665,52.452445370370356,65.51566666666665,185,59.74333333333332,122.22321421000234,348,2571,186,13955.750166666661,24,
피커 2명 · DD→PD (strict),greedy:count_partial:cells_asc:qty_desc,2026-07-07,64.18366666666664,198,64.20033333333332,0.04486531986531993,150,65.51566666666665,52.452445370370356,65.51566666666665,185,59.74333333333332,122.2250178498442,348,2571,186,13955.750166666661,24,
피커 2명 · DD→PD (strict),greedy:count_partial:qty_desc:none,2026-07-07,64.18366666666664,198,64.20033333333332,0.04486531986531993,150,65.51566666666665,52.452445370370356,65.51566666666665,185,59.74333333333332,122.2473861213857,348,2571,186,13955.750166666661,24,
피커 2명 · DD→PD (strict),greedy:count_partial:qty_desc:time_asc,2026-07-07,64.18366666666664,198,64.21144444444442,0.04486531986531993,150,65.21977777777775,52.105889259259236,65.21977777777775,184,59.2544722222222,122.00824051327304,348,2571,186,13892.842055555551,24,
피커 2명 · DD→PD (strict),greedy:count_partial:qty_desc:demand_desc,2026-07-07,64.18366666666664,198,64.20033333333332,0.04486531986531993,150,65.51566666666665,52.452445370370356,65.51566666666665,185,59.74333333333332,122.2473861213857,348,2571,186,13955.750166666661,24,
피커 2명 · DD→PD (strict),greedy:count_partial:qty_desc:cells_asc,2026-07-07,64.18366666666664,198,64.20033333333332,0.04486531986531993,150,65.51566666666665,52.452445370370356,65.51566666666665,185,59.74333333333332,122.2250178498442,348,2571,186,13955.750166666661,24,
피커 2명 · DD→PD (strict),greedy:count_ddweighted:none:none,2026-07-07,64.18366666666667,198,64.33922222222222,0.06282267115600448,150,65.817,21.030300740740735,65.817,182,62.96883333333333,120.45880961183617,348,2571,186,19435.44697222222,137,
피커 2명 · DD→PD (strict),greedy:count_ddweighted:time_asc:none,2026-07-07,64.18366666666664,198,64.24755555555552,0.058894500561167226,150,65.73644444444442,8.184947222222211,65.73644444444442,198,47.50436111111111,132.33643776156634,348,2571,186,19946.745194444436,168,
피커 2명 · DD→PD (strict),greedy:count_ddweighted:time_asc:demand_desc,2026-07-07,64.18366666666664,198,64.24755555555552,0.058894500561167226,150,65.73644444444442,8.184947222222211,65.73644444444442,198,47.50436111111111,132.33643776156634,348,2571,186,19946.745194444436,168,
피커 2명 · DD→PD (strict),greedy:count_ddweighted:time_asc:cells_asc,2026-07-07,64.18366666666664,198,64.24755555555552,0.058894500561167226,150,65.73644444444442,8.184947222222211,65.73644444444442,198,47.50436111111111,132.33643776156634,348,2571,186,19946.745194444436,168,
피커 2명 · DD→PD (strict),greedy:count_ddweighted:time_asc:qty_desc,2026-07-07,64.18366666666664,198,64.24755555555552,0.058894500561167226,150,65.73644444444442,8.184947222222211,65.73644444444442,198,47.50436111111111,132.33643776156634,348,2571,186,19946.745194444436,168,
피커 2명 · DD→PD (strict),greedy:count_ddweighted:demand_desc:none,2026-07-07,64.18366666666664,198,63.534916666666646,0.05634118967452301,150,64.84852777777776,51.10476166666663,64.84852777777776,183,58.425222222222196,121.57607150337945,348,2571,186,13899.528166666661,28,
피커 2명 · DD→PD (strict),greedy:count_ddweighted:demand_desc:time_asc,2026-07-07,64.18366666666664,198,64.21144444444442,0.05634118967452301,150,65.4642222222222,51.778905925925905,65.4642222222222,185,58.63774999999998,122.72045035625905,348,2571,186,13990.62316666666,28,
피커 2명 · DD→PD (strict),greedy:count_ddweighted:demand_desc:cells_asc,2026-07-07,64.18366666666664,198,63.534916666666646,0.05634118967452301,150,64.84852777777776,51.10476166666663,64.84852777777776,183,58.425222222222196,121.53217433617739,348,2571,186,13899.528166666661,28,
피커 2명 · DD→PD (strict),greedy:count_ddweighted:demand_desc:qty_desc,2026-07-07,64.18366666666664,198,63.534916666666646,0.05634118967452301,150,64.84880555555553,51.15376148148145,64.84880555555553,183,58.425222222222196,121.53405592581375,348,2571,186,13893.112277777773,28,
피커 2명 · DD→PD (strict),greedy:count_ddweighted:cells_asc:none,2026-07-07,64.18366666666665,198,64.42255555555555,0.0667648709315376,150,65.89199999999998,9.111493518518525,65.89199999999998,196,59.31208333333331,103.73159699036133,348,2571,186,20211.462138888885,172,
피커 2명 · DD→PD (strict),greedy:count_ddweighted:cells_asc:time_asc,2026-07-07,64.18366666666662,198,64.42255555555552,0.06795735129068461,150,65.89199999999997,6.674716296296296,65.89199999999997,188,60.93191666666662,121.68606372717642,348,2571,186,20352.9901111111,178,
피커 2명 · DD→PD (strict),greedy:count_ddweighted:cells_asc:demand_desc,2026-07-07,64.18366666666664,198,64.42255555555553,0.08265375982042662,150,65.89477777777775,12.379071111111104,65.89477777777775,204,54.88791666666664,114.56231399217269,348,2571,186,19760.415111111106,158,
피커 2명 · DD→PD (strict),greedy:count_ddweighted:cells_asc:qty_desc,2026-07-07,64.18366666666664,198,64.42255555555553,0.08265375982042662,150,65.89477777777776,12.29682777777777,65.89477777777776,204,54.88791666666665,115.19198410597363,348,2571,186,19783.1571111111,158,
피커 2명 · DD→PD (strict),greedy:count_ddweighted:qty_desc:none,2026-07-07,64.18366666666664,198,63.534916666666646,0.05634118967452301,150,64.84852777777776,51.24096092592589,64.84852777777776,183,58.05886111111109,121.36959461514373,348,2571,186,13879.644388888884,28,
피커 2명 · DD→PD (strict),greedy:count_ddweighted:qty_desc:time_asc,2026-07-07,64.18366666666665,198,64.21144444444442,0.05634118967452301,150,65.46377777777776,51.89161870370369,65.46377777777776,185,58.5126111111111,122.6658720513804,348,2571,186,13973.761444444443,28,
피커 2명 · DD→PD (strict),greedy:count_ddweighted:qty_desc:demand_desc,2026-07-07,64.18366666666664,198,63.534916666666646,0.05634118967452301,150,64.84852777777776,51.246763518518485,64.84852777777776,183,58.425222222222196,121.41515077657462,348,2571,186,13878.717111111106,28,
피커 2명 · DD→PD (strict),greedy:count_ddweighted:qty_desc:cells_asc,2026-07-07,64.18366666666664,198,63.534916666666646,0.05634118967452301,150,64.84852777777776,51.24096092592589,64.84852777777776,183,58.05886111111109,121.32569744794169,348,2571,186,13879.644388888884,28,
피커 2명 · DD→PD (strict),search:genetic,2026-07-07,64.18366666666664,198,63.53491666666664,0.0659652076318743,150,64.84852777777775,49.194801666666635,64.84852777777775,182,58.1008333333333,124.38130352483799,348,2571,186,14388.580277777772,31,
피커 2명 · DD→PD (strict),sort:qty_desc,2026-07-08,58.81933333333333,189,58.886,0.0704291593180482,58,58.61858333333333,40.65827059386973,58.886,147,52.20241666666667,87.49644322174295,247,1786,174,6586.072611111108,24,
피커 2명 · DD→PD (strict),sort:qty_asc,2026-07-08,58.819333333333354,189,59.55333333333335,0.21179659024103414,58,60.133888888888904,3.7428975095785435,60.133888888888904,176,58.547777777777796,87.85608457054167,247,1786,174,14109.695888888893,173,
피커 2명 · DD→PD (strict),sort:time_asc,2026-07-08,58.81933333333332,189,59.14155555555554,0.0879482657260435,58,59.716555555555544,6.315153256704979,59.716555555555544,176,56.77394444444443,113.92066782150492,247,1786,174,13347.063777777781,170,
피커 2명 · DD→PD (strict),sort:demand_desc,2026-07-08,58.81933333333333,189,58.886,0.0704291593180482,58,58.287083333333335,40.38972988505747,58.886,146,51.87091666666667,86.60686137433156,247,1786,174,6562.530055555555,24,
피커 2명 · DD→PD (strict),sort:cells_asc,2026-07-08,58.819333333333354,189,59.23911111111113,0.15584126984127047,58,59.825222222222244,3.934186302681996,59.825222222222244,180,57.8730277777778,86.37862282166385,247,1786,174,13947.280194444453,173,
피커 2명 · DD→PD (strict),sort:code,2026-07-08,58.81933333333332,189,58.88599999999999,0.09013815402704291,58,58.27041666666665,11.78899233716475,58.88599999999999,159,51.092499999999994,98.3914045783378,247,1786,174,12737.932249999996,152,
피커 2명 · DD→PD (strict),sort:random,2026-07-08,58.81933333333331,189,58.46474999999998,0.10910934744268078,58,59.03974999999998,3.9751867816091977,59.03974999999998,190,53.10486111111108,104.96909709136641,247,1786,174,13562.724722222221,162,
피커 2명 · DD→PD (strict),greedy:count:none:none,2026-07-08,58.81933333333332,189,58.88599999999999,0.08838918283362728,58,58.766027777777765,17.791921455938695,58.88599999999999,149,52.86624999999997,95.15824408367203,247,1786,174,11811.597944444442,129,
피커 2명 · DD→PD (strict),greedy:count:time_asc:none,2026-07-08,58.81933333333334,189,57.897027777777794,0.07113462669018225,58,58.84711111111112,10.379661877394641,58.84711111111112,158,40.21594444444445,104.40549805144784,247,1786,174,11929.506166666672,146,
피커 2명 · DD→PD (strict),greedy:count:time_asc:demand_desc,2026-07-08,58.81933333333334,189,57.897027777777794,0.07113462669018225,58,58.84711111111112,10.379661877394641,58.84711111111112,158,40.21594444444445,104.40549805144784,247,1786,174,11929.506166666672,146,
피커 2명 · DD→PD (strict),greedy:count:time_asc:cells_asc,2026-07-08,58.81933333333334,189,57.897027777777794,0.07113462669018225,58,58.84711111111112,10.379661877394641,58.84711111111112,158,40.21594444444445,104.39776615108079,247,1786,174,11929.506166666672,146,
피커 2명 · DD→PD (strict),greedy:count:time_asc:qty_desc,2026-07-08,58.81933333333334,189,57.897027777777794,0.07113462669018225,58,58.84711111111112,10.379661877394641,58.84711111111112,158,40.21594444444445,104.40549805144784,247,1786,174,11929.506166666672,146,
피커 2명 · DD→PD (strict),greedy:count:demand_desc:none,2026-07-08,58.81933333333334,189,58.88600000000001,0.07031158142269253,58,58.55491666666668,41.78927538314177,58.88600000000001,135,57.34936111111112,84.01013445942633,247,1786,174,6406.020305555555,27,
피커 2명 · DD→PD (strict),greedy:count:demand_desc:time_asc,2026-07-08,58.81933333333334,189,57.897027777777794,0.07031158142269253,58,58.84711111111112,41.3414655172414,58.84711111111112,137,53.157361111111136,82.99621146322676,247,1786,174,6378.3820555555585,27,
피커 2명 · DD→PD (strict),greedy:count:demand_desc:cells_asc,2026-07-08,58.81933333333334,189,58.88600000000001,0.07031158142269253,58,58.55491666666668,41.78927538314177,58.88600000000001,135,57.34936111111112,83.98135757603204,247,1786,174,6406.020305555555,27,
피커 2명 · DD→PD (strict),greedy:count:demand_desc:qty_desc,2026-07-08,58.81933333333334,189,58.88600000000001,0.07031158142269253,58,58.886416666666676,42.111683429118784,58.886416666666676,136,57.68086111111112,84.77392588651128,247,1786,174,6429.385416666671,27,
피커 2명 · DD→PD (strict),greedy:count:cells_asc:none,2026-07-08,58.81933333333334,189,59.0748888888889,0.08850676072898295,58,59.65822222222223,11.65448994252874,59.65822222222223,156,50.82936111111111,86.64149302322117,247,1786,174,12586.70780555556,155,
피커 2명 · DD→PD (strict),greedy:count:cells_asc:time_asc,2026-07-08,58.81933333333333,189,59.07488888888889,0.07854203409758964,58,59.65544444444445,10.38122988505747,59.65544444444445,152,56.65763888888889,97.12662670260141,247,1786,174,12687.418111111116,152,
피커 2명 · DD→PD (strict),greedy:count:cells_asc:demand_desc,2026-07-08,58.819333333333326,189,59.074888888888886,0.09088771310993533,58,59.65266666666666,13.137740421455943,59.65266666666666,156,46.25744444444443,89.77348875155066,247,1786,174,12150.12491666667,138,
피커 2명 · DD→PD (strict),greedy:count:cells_asc:qty_desc,2026-07-08,58.819333333333326,189,59.074888888888886,0.09088771310993533,58,59.65266666666666,13.011028256704984,59.65266666666666,156,46.25744444444443,89.84730309160064,247,1786,174,12167.11380555556,138,
피커 2명 · DD→PD (strict),greedy:count:qty_desc:none,2026-07-08,58.81933333333334,189,58.88600000000001,0.07031158142269253,58,58.886416666666676,42.111683429118784,58.886416666666676,136,57.68086111111112,84.78831281124538,247,1786,174,6429.385416666671,27,
피커 2명 · DD→PD (strict),greedy:count:qty_desc:time_asc,2026-07-08,58.81933333333334,189,57.897027777777794,0.07031158142269253,58,58.84711111111112,41.305055076628356,58.84711111111112,138,53.488861111111135,83.15365193042612,247,1786,174,6380.267361111114,27,
피커 2명 · DD→PD (strict),greedy:count:qty_desc:demand_desc,2026-07-08,58.81933333333334,189,58.88600000000001,0.07031158142269253,58,58.886416666666676,42.111683429118784,58.886416666666676,136,57.68086111111112,84.78803685626426,247,1786,174,6429.385416666671,27,
피커 2명 · DD→PD (strict),greedy:count:qty_desc:cells_asc,2026-07-08,58.81933333333334,189,58.88600000000001,0.07031158142269253,58,58.886416666666676,42.111683429118784,58.886416666666676,136,57.68086111111112,84.75953613146967,247,1786,174,6429.385416666671,27,
피커 2명 · DD→PD (strict),greedy:count_partial:none:none,2026-07-08,58.819333333333326,189,58.885999999999996,0.07031158142269253,58,57.906888888888886,41.925079022988506,58.885999999999996,134,52.14391666666666,83.42396089242115,247,1786,174,6241.7108611111125,24,
피커 2명 · DD→PD (strict),greedy:count_partial:time_asc:none,2026-07-08,58.819333333333326,189,58.885999999999996,0.07031158142269253,58,57.906888888888886,41.84319157088123,58.885999999999996,134,52.38927777777778,83.17550247748004,247,1786,174,6233.0013333333345,24,
피커 2명 · DD→PD (strict),greedy:count_partial:time_asc:demand_desc,2026-07-08,58.819333333333326,189,58.885999999999996,0.07031158142269253,58,57.906888888888886,41.84319157088123,58.885999999999996,134,52.38927777777778,83.17550247748004,247,1786,174,6233.0013333333345,24,
피커 2명 · DD→PD (strict),greedy:count_partial:time_asc:cells_asc,2026-07-08,58.819333333333326,189,58.885999999999996,0.07031158142269253,58,57.906888888888886,41.84319157088123,58.885999999999996,134,52.38927777777778,83.17550247748004,247,1786,174,6233.0013333333345,24,
피커 2명 · DD→PD (strict),greedy:count_partial:time_asc:qty_desc,2026-07-08,58.819333333333326,189,58.885999999999996,0.07031158142269253,58,57.906888888888886,41.84319157088123,58.885999999999996,134,52.38927777777778,83.17550247748004,247,1786,174,6233.0013333333345,24,
피커 2명 · DD→PD (strict),greedy:count_partial:demand_desc:none,2026-07-08,58.819333333333326,189,58.885999999999996,0.07031158142269253,58,57.906888888888886,41.83465134099617,58.885999999999996,134,52.14391666666666,83.51118592610204,247,1786,174,6243.435944444446,24,
피커 2명 · DD→PD (strict),greedy:count_partial:demand_desc:time_asc,2026-07-08,58.819333333333326,189,58.885999999999996,0.07031158142269253,58,57.906888888888886,41.745649425287354,58.885999999999996,134,52.38927777777778,83.29802169540393,247,1786,174,6233.444111111113,24,
피커 2명 · DD→PD (strict),greedy:count_partial:demand_desc:cells_asc,2026-07-08,58.819333333333326,189,58.885999999999996,0.07031158142269253,58,57.906888888888886,41.83465134099617,58.885999999999996,134,52.14391666666666,83.50344498031978,247,1786,174,6243.435944444446,24,
피커 2명 · DD→PD (strict),greedy:count_partial:demand_desc:qty_desc,2026-07-08,58.819333333333326,189,58.885999999999996,0.07031158142269253,58,57.906888888888886,41.83465134099617,58.885999999999996,134,52.14391666666666,83.510931668346,247,1786,174,6243.435944444446,24,
피커 2명 · DD→PD (strict),greedy:count_partial:cells_asc:none,2026-07-08,58.819333333333326,189,58.885999999999996,0.07031158142269253,58,57.906888888888886,41.925079022988506,58.885999999999996,134,52.14391666666666,83.4162199466389,247,1786,174,6241.7108611111125,24,
피커 2명 · DD→PD (strict),greedy:count_partial:cells_asc:time_asc,2026-07-08,58.819333333333326,189,58.885999999999996,0.07031158142269253,58,57.906888888888886,41.84319157088123,58.885999999999996,134,52.38927777777778,83.16120460626371,247,1786,174,6233.0013333333345,24,
피커 2명 · DD→PD (strict),greedy:count_partial:cells_asc:demand_desc,2026-07-08,58.819333333333326,189,58.885999999999996,0.07031158142269253,58,57.906888888888886,41.83465134099617,58.885999999999996,134,52.14391666666666,83.50344498031978,247,1786,174,6243.435944444446,24,
피커 2명 · DD→PD (strict),greedy:count_partial:cells_asc:qty_desc,2026-07-08,58.819333333333326,189,58.885999999999996,0.07031158142269253,58,57.906888888888886,41.83465134099617,58.885999999999996,134,52.14391666666666,83.50319072256376,247,1786,174,6243.435944444446,24,
피커 2명 · DD→PD (strict),greedy:count_partial:qty_desc:none,2026-07-08,58.819333333333326,189,58.885999999999996,0.07031158142269253,58,57.906888888888886,41.83465134099617,58.885999999999996,134,52.14391666666666,83.510931668346,247,1786,174,6243.435944444446,24,
피커 2명 · DD→PD (strict),greedy:count_partial:qty_desc:time_asc,2026-07-08,58.819333333333326,189,58.885999999999996,0.07031158142269253,58,57.906888888888886,41.745649425287354,58.885999999999996,134,52.38927777777778,83.29603716408731,247,1786,174,6233.444111111113,24,
피커 2명 · DD→PD (strict),greedy:count_partial:qty_desc:demand_desc,2026-07-08,58.819333333333326,189,58.885999999999996,0.07031158142269253,58,57.906888888888886,41.83465134099617,58.885999999999996,134,52.14391666666666,83.510931668346,247,1786,174,6243.435944444446,24,
피커 2명 · DD→PD (strict),greedy:count_partial:qty_desc:cells_asc,2026-07-08,58.819333333333326,189,58.885999999999996,0.07031158142269253,58,57.906888888888886,41.83465134099617,58.885999999999996,134,52.14391666666666,83.50319072256376,247,1786,174,6243.435944444446,24,
피커 2명 · DD→PD (strict),greedy:count_ddweighted:none:none,2026-07-08,58.819333333333326,189,58.885999999999996,0.08838918283362728,58,58.76602777777777,15.324907088122606,58.885999999999996,149,52.86624999999999,95.91178812545523,247,1786,174,11980.974833333335,129,
피커 2명 · DD→PD (strict),greedy:count_ddweighted:time_asc:none,2026-07-08,58.81933333333334,189,57.897027777777794,0.07113462669018225,58,58.84711111111112,10.24997892720307,58.84711111111112,158,40.21594444444445,104.46951752564085,247,1786,174,11922.509583333338,146,
피커 2명 · DD→PD (strict),greedy:count_ddweighted:time_asc:demand_desc,2026-07-08,58.81933333333334,189,57.897027777777794,0.07113462669018225,58,58.84711111111112,10.24997892720307,58.84711111111112,158,40.21594444444445,104.46951752564085,247,1786,174,11922.509583333338,146,
피커 2명 · DD→PD (strict),greedy:count_ddweighted:time_asc:cells_asc,2026-07-08,58.81933333333334,189,57.897027777777794,0.07113462669018225,58,58.84711111111112,10.24997892720307,58.84711111111112,158,40.21594444444445,104.46178562527379,247,1786,174,11922.509583333338,146,
피커 2명 · DD→PD (strict),greedy:count_ddweighted:time_asc:qty_desc,2026-07-08,58.81933333333334,189,57.897027777777794,0.07113462669018225,58,58.84711111111112,10.24997892720307,58.84711111111112,158,40.21594444444445,104.46951752564085,247,1786,174,11922.509583333338,146,
피커 2명 · DD→PD (strict),greedy:count_ddweighted:demand_desc:none,2026-07-08,58.81933333333334,189,58.88600000000001,0.07031158142269253,58,58.55491666666668,41.764284482758626,58.88600000000001,135,57.34936111111112,83.98028959911241,247,1786,174,6404.6722222222215,27,
피커 2명 · DD→PD (strict),greedy:count_ddweighted:demand_desc:time_asc,2026-07-08,58.81933333333334,189,57.897027777777794,0.07031158142269253,58,58.84711111111112,41.30699329501917,58.84711111111112,137,53.157361111111136,82.96498789707417,247,1786,174,6376.2665000000015,27,
피커 2명 · DD→PD (strict),greedy:count_ddweighted:demand_desc:cells_asc,2026-07-08,58.81933333333334,189,58.88600000000001,0.07031158142269253,58,58.55491666666668,41.764284482758626,58.88600000000001,135,57.34936111111112,83.95151271571812,247,1786,174,6404.6722222222215,27,
피커 2명 · DD→PD (strict),greedy:count_ddweighted:demand_desc:qty_desc,2026-07-08,58.81933333333334,189,58.88600000000001,0.07031158142269253,58,58.886416666666676,42.09238122605365,58.886416666666676,136,57.68086111111112,84.74968430278442,247,1786,174,6428.249333333338,27,
피커 2명 · DD→PD (strict),greedy:count_ddweighted:cells_asc:none,2026-07-08,58.81933333333334,189,59.0748888888889,0.08838918283362728,58,59.65822222222223,11.49806800766284,59.65822222222223,156,50.82936111111111,86.60659981673385,247,1786,174,12555.750861111115,155,
피커 2명 · DD→PD (strict),greedy:count_ddweighted:cells_asc:time_asc,2026-07-08,58.81933333333333,189,59.07488888888889,0.07854203409758964,58,59.65544444444445,9.569862547892718,59.65544444444445,159,47.216888888888896,98.50065375424428,247,1786,174,12753.288861111118,153,
피커 2명 · DD→PD (strict),greedy:count_ddweighted:cells_asc:demand_desc,2026-07-08,58.819333333333326,189,59.074888888888886,0.09088771310993533,58,59.65266666666666,13.012189655172419,59.65266666666666,156,46.25744444444443,89.79123732942926,247,1786,174,12144.192861111114,138,
피커 2명 · DD→PD (strict),greedy:count_ddweighted:cells_asc:qty_desc,2026-07-08,58.819333333333326,189,59.074888888888886,0.09088771310993533,58,59.65266666666666,12.882855363984675,59.65266666666666,156,46.25744444444443,89.87114201842518,247,1786,174,12160.949472222224,138,
피커 2명 · DD→PD (strict),greedy:count_ddweighted:qty_desc:none,2026-07-08,58.81933333333334,189,58.88600000000001,0.07031158142269253,58,58.886416666666676,42.09238122605365,58.886416666666676,136,57.68086111111112,84.76407122751851,247,1786,174,6428.249333333338,27,
피커 2명 · DD→PD (strict),greedy:count_ddweighted:qty_desc:time_asc,2026-07-08,58.81933333333334,189,57.897027777777794,0.07031158142269253,58,58.84711111111112,41.270582854406136,58.84711111111112,138,53.488861111111135,83.12242836427355,247,1786,174,6378.151805555559,27,
피커 2명 · DD→PD (strict),greedy:count_ddweighted:qty_desc:demand_desc,2026-07-08,58.81933333333334,189,58.88600000000001,0.07031158142269253,58,58.886416666666676,42.09238122605365,58.886416666666676,136,57.68086111111112,84.76379527253738,247,1786,174,6428.249333333338,27,
피커 2명 · DD→PD (strict),greedy:count_ddweighted:qty_desc:cells_asc,2026-07-08,58.81933333333334,189,58.88600000000001,0.07031158142269253,58,58.886416666666676,42.09238122605365,58.886416666666676,136,57.68086111111112,84.73529454774281,247,1786,174,6428.249333333338,27,
피커 2명 · DD→PD (strict),search:genetic,2026-07-08,58.81933333333332,189,58.88599999999999,0.07178130511463846,58,57.90688888888888,41.36665469348659,58.88599999999999,134,52.143916666666655,84.01018965081306,247,1786,174,6335.037527777778,24,
피커 2명 · DD→PD (strict),sort:qty_desc,2026-07-09,64.87997222222224,227,64.8855277777778,0.08992902594224178,135,65.9381388888889,45.32596481481483,65.9381388888889,176,58.37030555555558,107.02715676688547,362,2522,188,13093.89075,30,
피커 2명 · DD→PD (strict),sort:qty_asc,2026-07-09,64.87997222222221,227,65.8549722222222,0.25151737640724425,135,67.07997222222221,4.753742798353912,67.07997222222221,220,63.22436111111109,98.74055428864136,362,2522,188,23188.13041666666,186,
피커 2명 · DD→PD (strict),sort:time_asc,2026-07-09,64.87997222222225,227,65.57441666666669,0.2044297601566324,135,66.80497222222225,5.343282304526755,66.80497222222225,216,61.089277777777795,130.70139614524703,362,2522,188,22961.25555555556,187,
피커 2명 · DD→PD (strict),sort:demand_desc,2026-07-09,64.87997222222224,227,64.8855277777778,0.08992902594224178,135,65.9381388888889,45.3417096707819,65.9381388888889,176,58.37030555555558,107.0762275921076,362,2522,188,13094.958222222225,30,
피커 2명 · DD→PD (strict),sort:cells_asc,2026-07-09,64.87997222222225,227,65.85497222222224,0.2459251101321586,135,67.07997222222224,5.0688141975308705,67.07997222222224,218,62.90819444444446,99.70447380593399,362,2522,188,23250.260277777783,186,
피커 2명 · DD→PD (strict),sort:code,2026-07-09,64.87997222222224,227,65.28830555555557,0.11777716593245227,135,66.51886111111112,6.453548765432101,66.51886111111112,209,55.14161111111111,127.29881082182624,362,2522,188,22189.696083333332,183,
피커 2명 · DD→PD (strict),sort:random,2026-07-09,64.87997222222221,227,64.91330555555554,0.15331008321096426,135,65.99541666666666,12.517931069958836,65.99541666666666,206,61.52716666666665,118.44348871028501,362,2522,188,21610.157222222217,166,
피커 2명 · DD→PD (strict),greedy:count:none:none,2026-07-09,64.87997222222225,227,65.1494166666667,0.09014317180616749,135,66.38275000000002,14.821268724279845,66.38275000000002,174,56.28555555555559,112.37458442809985,362,2522,188,19426.657750000002,130,
피커 2명 · DD→PD (strict),greedy:count:time_asc:none,2026-07-09,64.87997222222224,227,64.90219444444446,0.12005628976994616,135,65.70775000000002,18.918468106995892,65.70775000000002,195,54.402777777777786,127.49082067522056,362,2522,188,20558.561972222225,150,
피커 2명 · DD→PD (strict),greedy:count:time_asc:demand_desc,2026-07-09,64.87997222222224,227,64.90219444444446,0.12005628976994616,135,65.70775000000002,19.03459032921812,65.70775000000002,195,54.402777777777786,127.510341034522,362,2522,188,20559.227027777782,150,
피커 2명 · DD→PD (strict),greedy:count:time_asc:cells_asc,2026-07-09,64.87997222222224,227,64.90219444444446,0.12005628976994616,135,65.70775000000002,18.918468106995892,65.70775000000002,195,54.402777777777786,127.49082067522056,362,2522,188,20558.561972222225,150,
피커 2명 · DD→PD (strict),greedy:count:time_asc:qty_desc,2026-07-09,64.87997222222224,227,64.90219444444446,0.12005628976994616,135,65.70775000000002,19.03459032921812,65.70775000000002,195,54.402777777777786,127.510341034522,362,2522,188,20559.227027777782,150,
피커 2명 · DD→PD (strict),greedy:count:demand_desc:none,2026-07-09,64.87997222222226,227,64.9244166666667,0.08992902594224178,135,65.82719444444449,45.60966584362143,65.82719444444449,170,55.81197222222224,105.277119090008,362,2522,188,12832.765888888896,31,
피커 2명 · DD→PD (strict),greedy:count:demand_desc:time_asc,2026-07-09,64.87997222222226,227,64.90219444444449,0.08992902594224178,135,65.70794444444448,45.736600617283976,65.70794444444448,169,55.27863888888891,105.23638694120363,362,2522,188,12810.102194444451,31,
피커 2명 · DD→PD (strict),greedy:count:demand_desc:cells_asc,2026-07-09,64.87997222222226,227,64.9244166666667,0.08992902594224178,135,65.82719444444449,45.65988230452679,65.82719444444449,170,55.81197222222224,105.14585706093271,362,2522,188,12821.201333333342,31,
피커 2명 · DD→PD (strict),greedy:count:demand_desc:qty_desc,2026-07-09,64.87997222222226,227,64.9244166666667,0.08992902594224178,135,65.82719444444449,45.60398436213995,65.82719444444449,170,55.81197222222224,105.27443782732487,362,2522,188,12832.388305555563,31,
피커 2명 · DD→PD (strict),greedy:count:cells_asc:none,2026-07-09,64.87997222222225,227,65.32719444444447,0.1215002447381302,135,66.5605277777778,10.346353086419755,66.5605277777778,189,53.10788888888892,104.51113460221461,362,2522,188,21818.972111111118,177,
피커 2명 · DD→PD (strict),greedy:count:cells_asc:time_asc,2026-07-09,64.87997222222225,227,65.32719444444447,0.1215002447381302,135,66.5605277777778,14.201523045267507,66.5605277777778,193,54.652916666666684,117.50048180874639,362,2522,188,21892.69313888889,173,
피커 2명 · DD→PD (strict),greedy:count:cells_asc:demand_desc,2026-07-09,64.87997222222226,227,65.32719444444449,0.1215002447381302,135,66.56052777777782,16.975373662551455,66.56052777777782,201,52.378944444444464,112.37837490437904,362,2522,188,21768.47497222224,181,
피커 2명 · DD→PD (strict),greedy:count:cells_asc:qty_desc,2026-07-09,64.87997222222225,227,65.32719444444447,0.1215002447381302,135,66.5605277777778,16.905511728395073,66.5605277777778,201,52.37894444444446,112.21145957793638,362,2522,188,21771.93144444445,181,
피커 2명 · DD→PD (strict),greedy:count:qty_desc:none,2026-07-09,64.87997222222226,227,64.9244166666667,0.08992902594224178,135,65.82719444444449,45.60398436213995,65.82719444444449,170,55.81197222222224,105.27172027433787,362,2522,188,12832.388305555563,31,
피커 2명 · DD→PD (strict),greedy:count:qty_desc:time_asc,2026-07-09,64.87997222222226,227,64.90219444444449,0.08992902594224178,135,65.70794444444448,45.72114176954735,65.70794444444448,169,55.27863888888891,105.2140410046815,362,2522,188,12809.61130555556,31,
피커 2명 · DD→PD (strict),greedy:count:qty_desc:demand_desc,2026-07-09,64.87997222222226,227,64.9244166666667,0.08992902594224178,135,65.82719444444449,45.60398436213995,65.82719444444449,170,55.81197222222224,105.27443782732487,362,2522,188,12832.388305555563,31,
피커 2명 · DD→PD (strict),greedy:count:qty_desc:cells_asc,2026-07-09,64.87997222222226,227,64.9244166666667,0.08992902594224178,135,65.82719444444449,45.65420082304531,65.82719444444449,170,55.81197222222224,105.14045824526256,362,2522,188,12820.823750000009,31,
피커 2명 · DD→PD (strict),greedy:count_partial:none:none,2026-07-09,64.87997222222225,227,64.9244166666667,0.0899290259422418,135,65.65497222222226,47.73608477366258,65.65497222222226,169,54.45052777777779,104.30574480480661,362,2522,188,12514.163027777779,29,
피커 2명 · DD→PD (strict),greedy:count_partial:time_asc:none,2026-07-09,64.87997222222225,227,64.92441666666669,0.0899290259422418,135,65.64402777777781,47.70493971193419,65.64402777777781,168,54.01736111111112,104.03598660282628,362,2522,188,12499.976111111111,29,
피커 2명 · DD→PD (strict),greedy:count_partial:time_asc:demand_desc,2026-07-09,64.87997222222225,227,64.92441666666669,0.0899290259422418,135,65.64402777777781,47.70493971193419,65.64402777777781,168,54.01736111111112,104.03598660282628,362,2522,188,12499.976111111111,29,
피커 2명 · DD→PD (strict),greedy:count_partial:time_asc:cells_asc,2026-07-09,64.87997222222225,227,64.92441666666669,0.0899290259422418,135,65.64402777777781,47.70493971193419,65.64402777777781,168,54.01736111111112,104.03598660282628,362,2522,188,12499.976111111111,29,
피커 2명 · DD→PD (strict),greedy:count_partial:time_asc:qty_desc,2026-07-09,64.87997222222225,227,64.92441666666669,0.0899290259422418,135,65.64402777777781,47.70493971193419,65.64402777777781,168,54.01736111111112,104.03598660282628,362,2522,188,12499.976111111111,29,
피커 2명 · DD→PD (strict),greedy:count_partial:demand_desc:none,2026-07-09,64.87997222222225,227,64.92441666666669,0.0899290259422418,135,65.65236111111113,47.70892139917698,65.65236111111113,169,55.61261111111113,104.22703211571049,362,2522,188,12519.178138888892,29,
피커 2명 · DD→PD (strict),greedy:count_partial:demand_desc:time_asc,2026-07-09,64.87997222222225,227,64.92441666666669,0.0899290259422418,135,65.64125000000003,47.67808765432102,65.64125000000003,167,53.78802777777779,103.96330347829216,362,2522,188,12506.921027777778,29,
피커 2명 · DD→PD (strict),greedy:count_partial:demand_desc:cells_asc,2026-07-09,64.87997222222225,227,64.92441666666669,0.0899290259422418,135,65.65236111111113,47.70892139917698,65.65236111111113,169,55.61261111111113,104.2064942235724,362,2522,188,12519.178138888892,29,
피커 2명 · DD→PD (strict),greedy:count_partial:demand_desc:qty_desc,2026-07-09,64.87997222222225,227,64.92441666666669,0.0899290259422418,135,65.65236111111113,47.70892139917698,65.65236111111113,169,55.61261111111113,104.2264681180545,362,2522,188,12519.178138888892,29,
피커 2명 · DD→PD (strict),greedy:count_partial:cells_asc:none,2026-07-09,64.87997222222225,227,64.9244166666667,0.0899290259422418,135,65.65497222222226,47.73608477366258,65.65497222222226,169,54.45052777777779,104.28520772946452,362,2522,188,12514.163027777779,29,
피커 2명 · DD→PD (strict),greedy:count_partial:cells_asc:time_asc,2026-07-09,64.87997222222225,227,64.92441666666669,0.0899290259422418,135,65.64402777777781,47.70493971193419,65.64402777777781,168,54.01736111111112,103.99565163116728,362,2522,188,12499.976111111111,29,
피커 2명 · DD→PD (strict),greedy:count_partial:cells_asc:demand_desc,2026-07-09,64.87997222222225,227,64.92441666666669,0.0899290259422418,135,65.65236111111113,47.70892139917698,65.65236111111113,169,55.61261111111113,104.2064942235724,362,2522,188,12519.178138888892,29,
피커 2명 · DD→PD (strict),greedy:count_partial:cells_asc:qty_desc,2026-07-09,64.87997222222225,227,64.92441666666669,0.0899290259422418,135,65.65236111111113,47.70892139917698,65.65236111111113,169,55.61261111111113,104.2059302259164,362,2522,188,12519.178138888892,29,
피커 2명 · DD→PD (strict),greedy:count_partial:qty_desc:none,2026-07-09,64.87997222222225,227,64.92441666666669,0.0899290259422418,135,65.65236111111113,47.70892139917698,65.65236111111113,169,55.61261111111113,104.2264681180545,362,2522,188,12519.178138888892,29,
피커 2명 · DD→PD (strict),greedy:count_partial:qty_desc:time_asc,2026-07-09,64.87997222222225,227,64.92441666666669,0.0899290259422418,135,65.64125000000003,47.67808765432102,65.64125000000003,167,53.78802777777779,103.96273938516813,362,2522,188,12506.921027777778,29,
피커 2명 · DD→PD (strict),greedy:count_partial:qty_desc:demand_desc,2026-07-09,64.87997222222225,227,64.92441666666669,0.0899290259422418,135,65.65236111111113,47.70892139917698,65.65236111111113,169,55.61261111111113,104.2264681180545,362,2522,188,12519.178138888892,29,
피커 2명 · DD→PD (strict),greedy:count_partial:qty_desc:cells_asc,2026-07-09,64.87997222222225,227,64.92441666666669,0.0899290259422418,135,65.65236111111113,47.70892139917698,65.65236111111113,169,55.61261111111113,104.2059302259164,362,2522,188,12519.178138888892,29,
피커 2명 · DD→PD (strict),greedy:count_ddweighted:none:none,2026-07-09,64.87997222222225,227,65.1494166666667,0.09014317180616749,135,66.38275000000002,14.698143621399186,66.38275000000002,173,55.93350000000003,112.19026278162124,362,2522,188,19420.938166666667,130,
피커 2명 · DD→PD (strict),greedy:count_ddweighted:time_asc:none,2026-07-09,64.87997222222224,227,64.90219444444446,0.12005628976994616,135,65.70775000000002,18.713988683127585,65.70775000000002,195,54.402777777777786,127.37827137759413,362,2522,188,20599.446388888893,150,
피커 2명 · DD→PD (strict),greedy:count_ddweighted:time_asc:demand_desc,2026-07-09,64.87997222222224,227,64.90219444444446,0.12005628976994616,135,65.70775000000002,18.830110905349805,65.70775000000002,195,54.402777777777786,127.39779173689558,362,2522,188,20600.11144444445,150,
피커 2명 · DD→PD (strict),greedy:count_ddweighted:time_asc:cells_asc,2026-07-09,64.87997222222224,227,64.90219444444446,0.12005628976994616,135,65.70775000000002,18.713988683127585,65.70775000000002,195,54.402777777777786,127.37827137759413,362,2522,188,20599.446388888893,150,
피커 2명 · DD→PD (strict),greedy:count_ddweighted:time_asc:qty_desc,2026-07-09,64.87997222222224,227,64.90219444444446,0.12005628976994616,135,65.70775000000002,18.830110905349805,65.70775000000002,195,54.402777777777786,127.39779173689558,362,2522,188,20600.11144444445,150,
피커 2명 · DD→PD (strict),greedy:count_ddweighted:demand_desc:none,2026-07-09,64.87997222222226,227,64.9244166666667,0.08992902594224178,135,65.82719444444449,45.59421707818933,65.82719444444449,170,55.81197222222224,105.25536178690082,362,2522,188,12830.92661111112,31,
피커 2명 · DD→PD (strict),greedy:count_ddweighted:demand_desc:time_asc,2026-07-09,64.87997222222226,227,64.90219444444449,0.08992902594224178,135,65.70794444444448,45.69690288065846,65.70794444444448,169,55.27863888888891,105.15640506855674,362,2522,188,12805.851611111117,31,
피커 2명 · DD→PD (strict),greedy:count_ddweighted:demand_desc:cells_asc,2026-07-09,64.87997222222226,227,64.9244166666667,0.08992902594224178,135,65.82719444444449,45.644433539094685,65.82719444444449,170,55.81197222222224,105.12409975782555,362,2522,188,12819.36205555556,31,
피커 2명 · DD→PD (strict),greedy:count_ddweighted:demand_desc:qty_desc,2026-07-09,64.87997222222226,227,64.9244166666667,0.08992902594224178,135,65.82719444444449,45.591684567901275,65.82719444444449,170,55.81197222222224,105.25340253247246,362,2522,188,12830.92661111112,31,
피커 2명 · DD→PD (strict),greedy:count_ddweighted:cells_asc:none,2026-07-09,64.87997222222225,227,65.32719444444447,0.1215002447381302,135,66.5605277777778,10.212947119341568,66.5605277777778,195,53.9691666666667,105.33836453787467,362,2522,188,21824.617777777785,177,
피커 2명 · DD→PD (strict),greedy:count_ddweighted:cells_asc:time_asc,2026-07-09,64.87997222222225,227,65.32719444444447,0.1215002447381302,135,66.5605277777778,14.228539094650223,66.5605277777778,192,51.84572222222223,118.85275056663133,362,2522,188,21828.950888888892,171,
피커 2명 · DD→PD (strict),greedy:count_ddweighted:cells_asc:demand_desc,2026-07-09,64.87997222222226,227,65.32719444444449,0.1215002447381302,135,66.56052777777782,16.950929012345693,66.56052777777782,201,52.378944444444464,112.47518862322057,362,2522,188,21764.36694444446,181,
피커 2명 · DD→PD (strict),greedy:count_ddweighted:cells_asc:qty_desc,2026-07-09,64.87997222222225,227,65.32719444444447,0.1215002447381302,135,66.5605277777778,16.866015637860095,66.5605277777778,201,52.37894444444446,112.37251557583973,362,2522,188,21765.263972222227,181,
피커 2명 · DD→PD (strict),greedy:count_ddweighted:qty_desc:none,2026-07-09,64.87997222222226,227,64.9244166666667,0.08992902594224178,135,65.82719444444449,45.591684567901275,65.82719444444449,170,55.81197222222224,105.25068497948544,362,2522,188,12830.92661111112,31,
피커 2명 · DD→PD (strict),greedy:count_ddweighted:qty_desc:time_asc,2026-07-09,64.87997222222226,227,64.90219444444449,0.08992902594224178,135,65.70794444444448,45.693491358024716,65.70794444444448,169,55.27863888888891,105.14613698833982,362,2522,188,12806.193500000005,31,
피커 2명 · DD→PD (strict),greedy:count_ddweighted:qty_desc:demand_desc,2026-07-09,64.87997222222226,227,64.9244166666667,0.08992902594224178,135,65.82719444444449,45.591684567901275,65.82719444444449,170,55.81197222222224,105.25340253247246,362,2522,188,12830.92661111112,31,
피커 2명 · DD→PD (strict),greedy:count_ddweighted:qty_desc:cells_asc,2026-07-09,64.87997222222226,227,64.9244166666667,0.08992902594224178,135,65.82719444444449,45.64190102880662,65.82719444444449,170,55.81197222222224,105.11942295041017,362,2522,188,12819.36205555556,31,
피커 2명 · DD→PD (strict),search:genetic,2026-07-09,64.87997222222224,227,64.92441666666667,0.0899290259422418,135,65.65219444444445,47.20055082304527,65.65219444444445,169,54.450527777777765,104.3970790516861,362,2522,188,12663.63547222222,29,
피커 2명 · DD→PD (strict),sort:qty_desc,2026-07-10,61.90063888888892,137,61.92008333333336,0.025101378751013786,53,62.158750000000026,40.98731027253672,62.158750000000026,142,53.08,86.25756005568181,190,1437,185,7087.83738888889,46,
피커 2명 · DD→PD (strict),sort:qty_asc,2026-07-10,61.90063888888889,137,62.353416666666675,0.10218978102189781,53,62.87286111111111,2.1022541928721177,62.87286111111111,182,59.789500000000004,92.47671645998119,190,1437,185,11420.15152777778,183,
피커 2명 · DD→PD (strict),sort:time_asc,2026-07-10,61.9006388888889,137,62.18675000000001,0.0659367396593674,53,62.7006388888889,5.982198637316562,62.7006388888889,183,57.8578888888889,112.85774600028445,190,1437,185,11261.376277777781,179,
피커 2명 · DD→PD (strict),sort:demand_desc,2026-07-10,61.90063888888893,137,61.92008333333337,0.025101378751013786,53,62.16152777777781,40.937409853249505,62.16152777777781,142,53.080000000000005,86.23142887146616,190,1437,185,7077.962416666668,45,
피커 2명 · DD→PD (strict),sort:cells_asc,2026-07-10,61.90063888888889,137,62.353416666666675,0.09793187347931874,53,62.87008333333334,3.693352201257861,62.87008333333334,173,59.01936111111112,91.14426001061274,190,1437,185,11344.221361111113,183,
피커 2명 · DD→PD (strict),sort:code,2026-07-10,61.9006388888889,137,61.9756388888889,0.033779399837793996,53,62.49508333333335,5.6881242138364785,62.49508333333335,159,52.36841666666668,94.00788061994211,190,1437,185,10862.15677777778,169,
피커 2명 · DD→PD (strict),sort:random,2026-07-10,61.90063888888891,137,61.94508333333336,0.049290348742903486,53,62.45897222222224,10.768009958071284,62.45897222222224,169,55.39888888888892,98.63395482278813,190,1437,185,10431.915611111117,168,
피커 2명 · DD→PD (strict),greedy:count:none:none,2026-07-10,61.900638888888885,137,62.09786111111111,0.025912408759124088,53,62.617305555555554,15.873503668763105,62.617305555555554,133,49.58875,86.05126511440972,190,1437,185,9766.004027777777,134,
피커 2명 · DD→PD (strict),greedy:count:time_asc:none,2026-07-10,61.90063888888889,137,62.097861111111115,0.028588807785888078,53,62.61452777777778,20.17436844863732,62.61452777777778,157,44.892611111111115,103.03250488105576,190,1437,185,10009.598000000002,152,
피커 2명 · DD→PD (strict),greedy:count:time_asc:demand_desc,2026-07-10,61.90063888888889,137,62.097861111111115,0.028588807785888078,53,62.61452777777778,20.17436844863732,62.61452777777778,157,44.892611111111115,103.03250488105576,190,1437,185,10009.598000000002,152,
피커 2명 · DD→PD (strict),greedy:count:time_asc:cells_asc,2026-07-10,61.90063888888889,137,62.097861111111115,0.028588807785888078,53,62.61452777777778,20.17436844863732,62.61452777777778,157,44.892611111111115,103.03250488105576,190,1437,185,10009.598000000002,152,
피커 2명 · DD→PD (strict),greedy:count:time_asc:qty_desc,2026-07-10,61.90063888888889,137,62.097861111111115,0.028588807785888078,53,62.61452777777778,20.17436844863732,62.61452777777778,157,44.892611111111115,103.03250488105576,190,1437,185,10009.598000000002,152,
피커 2명 · DD→PD (strict),greedy:count:demand_desc:none,2026-07-10,61.90063888888893,137,61.517861111111145,0.025101378751013786,53,61.91730555555559,42.91426729559752,61.91730555555559,131,51.84905555555558,81.79092768446087,190,1437,185,6755.538805555559,38,
피커 2명 · DD→PD (strict),greedy:count:demand_desc:time_asc,2026-07-10,61.900638888888935,137,61.933972222222266,0.025101378751013786,53,62.07297222222227,43.52971069182393,62.07297222222227,133,51.24886111111114,83.0870700121318,190,1437,185,6753.930416666671,38,
피커 2명 · DD→PD (strict),greedy:count:demand_desc:cells_asc,2026-07-10,61.90063888888893,137,61.517861111111145,0.025101378751013786,53,61.91730555555559,42.8612452830189,61.91730555555559,131,51.84905555555558,81.73267346276823,190,1437,185,6752.396833333337,38,
피커 2명 · DD→PD (strict),greedy:count:demand_desc:qty_desc,2026-07-10,61.900638888888935,137,61.51786111111116,0.025101378751013786,53,61.9173055555556,43.07190251572331,61.9173055555556,131,51.84905555555559,81.77584843225038,190,1437,185,6756.483805555559,38,
피커 2명 · DD→PD (strict),greedy:count:cells_asc:none,2026-07-10,61.9006388888889,137,62.09786111111112,0.029602595296025953,53,62.61452777777779,9.143366352201259,62.61452777777779,137,48.41255555555556,81.23221714165554,190,1437,185,10160.364833333335,154,
피커 2명 · DD→PD (strict),greedy:count:cells_asc:time_asc,2026-07-10,61.90063888888888,137,62.0978611111111,0.03615166261151662,53,62.61452777777777,18.27762368972746,62.61452777777777,153,50.838166666666666,97.46033645901313,190,1437,185,10227.464944444444,160,
피커 2명 · DD→PD (strict),greedy:count:cells_asc:demand_desc,2026-07-10,61.90063888888892,137,62.09786111111114,0.03140713706407137,53,62.62008333333336,26.823420335429788,62.62008333333336,135,46.73950000000002,84.63365542559784,190,1437,185,9278.607277777784,138,
피커 2명 · DD→PD (strict),greedy:count:cells_asc:qty_desc,2026-07-10,61.90063888888892,137,62.09786111111114,0.026905920519059205,53,62.62008333333336,27.317393081761022,62.62008333333336,133,49.97661111111113,83.57016674185556,190,1437,185,9110.85719444445,120,
피커 2명 · DD→PD (strict),greedy:count:qty_desc:none,2026-07-10,61.900638888888935,137,61.51786111111116,0.025101378751013786,53,61.9173055555556,43.119659853249516,61.9173055555556,131,51.84905555555559,81.74347415885798,190,1437,185,6755.9684722222255,38,
피커 2명 · DD→PD (strict),greedy:count:qty_desc:time_asc,2026-07-10,61.900638888888935,137,61.933972222222266,0.025101378751013786,53,62.07297222222227,43.61044339622645,62.07297222222227,133,51.24886111111114,82.94327196440393,190,1437,185,6756.91105555556,38,
피커 2명 · DD→PD (strict),greedy:count:qty_desc:demand_desc,2026-07-10,61.900638888888935,137,61.51786111111116,0.025101378751013786,53,61.9173055555556,43.07190251572331,61.9173055555556,131,51.84905555555559,81.7817909460782,190,1437,185,6756.483805555559,38,
피커 2명 · DD→PD (strict),greedy:count:qty_desc:cells_asc,2026-07-10,61.900638888888935,137,61.51786111111116,0.025101378751013786,53,61.9173055555556,43.06190094339627,61.9173055555556,131,51.84905555555559,81.69513638935088,190,1437,185,6754.332833333337,38,
피커 2명 · DD→PD (strict),greedy:count_partial:none:none,2026-07-10,61.900638888888935,137,61.92563888888893,0.025101378751013786,53,61.67088888888893,43.914717505241136,61.92563888888893,134,49.46844444444447,81.93252884395847,190,1437,185,6628.900416666669,33,
피커 2명 · DD→PD (strict),greedy:count_partial:time_asc:none,2026-07-10,61.900638888888935,137,61.92563888888893,0.025101378751013786,53,62.00922222222226,44.41552201257865,62.00922222222226,136,51.52400000000003,82.91941834816687,190,1437,185,6648.580583333337,33,
피커 2명 · DD→PD (strict),greedy:count_partial:time_asc:demand_desc,2026-07-10,61.900638888888935,137,61.92563888888893,0.025101378751013786,53,62.00922222222226,44.41552201257865,62.00922222222226,136,51.52400000000003,82.91941834816687,190,1437,185,6648.580583333337,33,
피커 2명 · DD→PD (strict),greedy:count_partial:time_asc:cells_asc,2026-07-10,61.900638888888935,137,61.92563888888893,0.025101378751013786,53,62.00922222222226,44.41552201257865,62.00922222222226,136,51.52400000000003,82.91941834816687,190,1437,185,6648.580583333337,33,
피커 2명 · DD→PD (strict),greedy:count_partial:time_asc:qty_desc,2026-07-10,61.900638888888935,137,61.92563888888893,0.025101378751013786,53,62.00922222222226,44.41552201257865,62.00922222222226,136,51.52400000000003,82.91941834816687,190,1437,185,6648.580583333337,33,
피커 2명 · DD→PD (strict),greedy:count_partial:demand_desc:none,2026-07-10,61.900638888888935,137,61.92563888888893,0.025101378751013786,53,61.67088888888893,43.914717505241136,61.92563888888893,136,51.06580555555558,82.00829489490756,190,1437,185,6630.219555555558,33,
피커 2명 · DD→PD (strict),greedy:count_partial:demand_desc:time_asc,2026-07-10,61.900638888888935,137,61.92563888888893,0.025101378751013786,53,62.00922222222226,44.399863207547206,62.00922222222226,136,50.91783333333336,82.83890747433627,190,1437,185,6649.367527777781,33,
피커 2명 · DD→PD (strict),greedy:count_partial:demand_desc:cells_asc,2026-07-10,61.900638888888935,137,61.92563888888893,0.025101378751013786,53,61.67088888888893,43.914717505241136,61.92563888888893,136,51.06580555555558,81.99739562189957,190,1437,185,6630.219555555558,33,
피커 2명 · DD→PD (strict),greedy:count_partial:demand_desc:qty_desc,2026-07-10,61.900638888888935,137,61.92563888888893,0.025101378751013786,53,61.67088888888893,43.914717505241136,61.92563888888893,136,51.06580555555558,82.00829489490756,190,1437,185,6630.219555555558,33,
피커 2명 · DD→PD (strict),greedy:count_partial:cells_asc:none,2026-07-10,61.900638888888935,137,61.92563888888893,0.025101378751013786,53,61.67088888888893,43.914717505241136,61.92563888888893,134,49.46844444444447,81.92162957095047,190,1437,185,6628.900416666669,33,
피커 2명 · DD→PD (strict),greedy:count_partial:cells_asc:time_asc,2026-07-10,61.900638888888935,137,61.92563888888893,0.025101378751013786,53,62.00922222222226,44.41552201257865,62.00922222222226,136,51.52400000000003,82.88352449366852,190,1437,185,6648.580583333337,33,
피커 2명 · DD→PD (strict),greedy:count_partial:cells_asc:demand_desc,2026-07-10,61.900638888888935,137,61.92563888888893,0.025101378751013786,53,61.67088888888893,43.914717505241136,61.92563888888893,136,51.06580555555558,81.99739562189957,190,1437,185,6630.219555555558,33,
피커 2명 · DD→PD (strict),greedy:count_partial:cells_asc:qty_desc,2026-07-10,61.900638888888935,137,61.92563888888893,0.025101378751013786,53,61.67088888888893,43.914717505241136,61.92563888888893,136,51.06580555555558,81.99739562189957,190,1437,185,6630.219555555558,33,
피커 2명 · DD→PD (strict),greedy:count_partial:qty_desc:none,2026-07-10,61.900638888888935,137,61.92563888888893,0.025101378751013786,53,61.67088888888893,43.914717505241136,61.92563888888893,136,51.06580555555558,82.00829489490756,190,1437,185,6630.219555555558,33,
피커 2명 · DD→PD (strict),greedy:count_partial:qty_desc:time_asc,2026-07-10,61.900638888888935,137,61.92563888888893,0.025101378751013786,53,62.00922222222226,44.399863207547206,62.00922222222226,136,50.91783333333336,82.81666078343187,190,1437,185,6649.400027777781,33,
피커 2명 · DD→PD (strict),greedy:count_partial:qty_desc:demand_desc,2026-07-10,61.900638888888935,137,61.92563888888893,0.025101378751013786,53,61.67088888888893,43.914717505241136,61.92563888888893,136,51.06580555555558,82.00829489490756,190,1437,185,6630.219555555558,33,
피커 2명 · DD→PD (strict),greedy:count_partial:qty_desc:cells_asc,2026-07-10,61.900638888888935,137,61.92563888888893,0.025101378751013786,53,61.67088888888893,43.914717505241136,61.92563888888893,136,51.06580555555558,81.99739562189957,190,1437,185,6630.219555555558,33,
피커 2명 · DD→PD (strict),greedy:count_ddweighted:none:none,2026-07-10,61.900638888888885,137,62.09786111111111,0.025912408759124088,53,62.617305555555554,15.499408805031448,62.617305555555554,132,52.989277777777794,85.6156529322964,190,1437,185,9751.063361111112,134,
피커 2명 · DD→PD (strict),greedy:count_ddweighted:time_asc:none,2026-07-10,61.90063888888889,137,62.097861111111115,0.028588807785888078,53,62.61452777777778,20.15682914046122,62.61452777777778,157,44.892611111111115,103.01765875242835,190,1437,185,10008.884472222224,152,
피커 2명 · DD→PD (strict),greedy:count_ddweighted:time_asc:demand_desc,2026-07-10,61.90063888888889,137,62.097861111111115,0.028588807785888078,53,62.61452777777778,20.15682914046122,62.61452777777778,157,44.892611111111115,103.01765875242835,190,1437,185,10008.884472222224,152,
피커 2명 · DD→PD (strict),greedy:count_ddweighted:time_asc:cells_asc,2026-07-10,61.90063888888889,137,62.097861111111115,0.028588807785888078,53,62.61452777777778,20.15682914046122,62.61452777777778,157,44.892611111111115,103.01765875242835,190,1437,185,10008.884472222224,152,
피커 2명 · DD→PD (strict),greedy:count_ddweighted:time_asc:qty_desc,2026-07-10,61.90063888888889,137,62.097861111111115,0.028588807785888078,53,62.61452777777778,20.15682914046122,62.61452777777778,157,44.892611111111115,103.01765875242835,190,1437,185,10008.884472222224,152,
피커 2명 · DD→PD (strict),greedy:count_ddweighted:demand_desc:none,2026-07-10,61.90063888888893,137,61.517861111111145,0.025101378751013786,53,61.91730555555559,42.833111111111144,61.91730555555559,130,49.0064166666667,81.69284928867941,190,1437,185,6749.144722222224,38,
피커 2명 · DD→PD (strict),greedy:count_ddweighted:demand_desc:time_asc,2026-07-10,61.900638888888935,137,61.933972222222266,0.025101378751013786,53,62.07297222222227,43.41253563941303,62.07297222222227,133,51.24886111111114,82.93691385631698,190,1437,185,6746.703055555558,38,
피커 2명 · DD→PD (strict),greedy:count_ddweighted:demand_desc:cells_asc,2026-07-10,61.90063888888893,137,61.517861111111145,0.025101378751013786,53,61.91730555555559,42.78008909853253,61.91730555555559,130,49.0064166666667,81.63459506698676,190,1437,185,6746.0027500000015,38,
피커 2명 · DD→PD (strict),greedy:count_ddweighted:demand_desc:qty_desc,2026-07-10,61.90063888888893,137,61.517861111111145,0.025101378751013786,53,61.91730555555559,42.99074633123693,61.91730555555559,130,49.0064166666667,81.6777700364689,190,1437,185,6750.089722222226,38,
피커 2명 · DD→PD (strict),greedy:count_ddweighted:cells_asc:none,2026-07-10,61.9006388888889,137,62.09786111111112,0.029602595296025953,53,62.61730555555557,9.16810744234801,62.61730555555557,137,48.41255555555556,81.24482449163195,190,1437,185,10125.878527777779,154,
피커 2명 · DD→PD (strict),greedy:count_ddweighted:cells_asc:time_asc,2026-07-10,61.90063888888888,137,62.0978611111111,0.03499594484995945,53,62.61452777777777,16.908256289308166,62.61452777777777,150,54.052749999999996,97.50700117074358,190,1437,185,10273.423972222223,166,
피커 2명 · DD→PD (strict),greedy:count_ddweighted:cells_asc:demand_desc,2026-07-10,61.90063888888892,137,62.09786111111114,0.03140713706407137,53,62.62008333333336,26.717506289308194,62.62008333333336,135,46.73950000000002,84.55992863489396,190,1437,185,9273.613611111115,138,
피커 2명 · DD→PD (strict),greedy:count_ddweighted:cells_asc:qty_desc,2026-07-10,61.90063888888892,137,62.09786111111114,0.026905920519059205,53,62.62008333333336,27.25613259958073,62.62008333333336,133,49.97661111111113,83.50227629314877,190,1437,185,9108.163916666672,120,
피커 2명 · DD→PD (strict),greedy:count_ddweighted:qty_desc:none,2026-07-10,61.90063888888893,137,61.517861111111145,0.025101378751013786,53,61.91730555555559,43.038503668763134,61.91730555555559,130,49.0064166666667,81.6453957630765,190,1437,185,6749.574388888892,38,
피커 2명 · DD→PD (strict),greedy:count_ddweighted:qty_desc:time_asc,2026-07-10,61.900638888888935,137,61.933972222222266,0.025101378751013786,53,62.07297222222227,43.48876991614259,62.07297222222227,133,51.24886111111114,82.79132222066593,190,1437,185,6749.278361111114,38,
피커 2명 · DD→PD (strict),greedy:count_ddweighted:qty_desc:demand_desc,2026-07-10,61.90063888888893,137,61.517861111111145,0.025101378751013786,53,61.91730555555559,42.99074633123693,61.91730555555559,130,49.0064166666667,81.6837125502967,190,1437,185,6750.089722222226,38,
피커 2명 · DD→PD (strict),greedy:count_ddweighted:qty_desc:cells_asc,2026-07-10,61.90063888888893,137,61.517861111111145,0.025101378751013786,53,61.91730555555559,42.980744758909886,61.91730555555559,130,49.0064166666667,81.5970579935694,190,1437,185,6747.938750000003,38,
피커 2명 · DD→PD (strict),search:genetic,2026-07-10,61.90063888888892,137,61.51786111111114,0.025101378751013786,53,61.917305555555586,40.54859119496858,61.917305555555586,131,51.84905555555557,82.41955242274307,190,1437,185,6822.549027777779,34,
피커 2명 · DD→PD (strict),sort:qty_desc,2026-07-12,65.65863888888889,346,65.67252777777777,0.13986833654463712,0,,,65.67252777777777,131,52.14941666666666,73.53301418528211,346,2566,192,6688.217722222223,25,
피커 2명 · DD→PD (strict),sort:qty_asc,2026-07-12,65.6586388888889,346,67.18966666666668,0.4077815510597315,0,,,67.18966666666668,199,61.37372222222224,99.70613660830783,346,2566,192,21890.94097222223,191,
피커 2명 · DD→PD (strict),sort:time_asc,2026-07-12,65.65863888888889,346,66.84391666666666,0.370199100834939,0,,,66.84391666666666,223,57.774472222222215,127.2710539187269,346,2566,192,21785.18869444445,191,
피커 2명 · DD→PD (strict),sort:demand_desc,2026-07-12,65.65863888888889,346,65.67252777777777,0.13986833654463712,0,,,65.67252777777777,130,51.919194444444436,73.59156183606285,346,2566,192,6698.303777777778,25,
피커 2명 · DD→PD (strict),sort:cells_asc,2026-07-12,65.65863888888889,346,67.13966666666667,0.3687240687219023,0,,,67.13966666666667,195,63.43677777777778,99.31090165277357,346,2566,192,22077.8635,191,
피커 2명 · DD→PD (strict),sort:code,2026-07-12,65.65863888888889,346,66.03916666666667,0.2312161207450227,0,,,66.03916666666667,211,53.96327777777778,117.68111263938485,346,2566,192,20639.629972222225,179,
피커 2명 · DD→PD (strict),sort:random,2026-07-12,65.65863888888886,346,65.91574999999997,0.2845359666024408,0,,,65.91574999999997,194,62.027805555555524,120.53646300180321,346,2566,192,19890.874166666657,182,
피커 2명 · DD→PD (strict),greedy:count:none:none,2026-07-12,65.65863888888889,346,66.24752777777778,0.1589022157996143,0,,,66.24752777777778,158,45.659111111111116,92.02167082964522,346,2566,192,16982.590694444447,134,
피커 2명 · DD→PD (strict),greedy:count:time_asc:none,2026-07-12,65.65863888888887,346,66.24752777777776,0.19753548490687217,0,,,66.24752777777776,187,44.718555555555525,111.06823776652459,346,2566,192,19234.532055555548,174,
피커 2명 · DD→PD (strict),greedy:count:time_asc:demand_desc,2026-07-12,65.65863888888887,346,66.24752777777776,0.19753548490687217,0,,,66.24752777777776,187,44.718555555555525,111.08731772380602,346,2566,192,19234.532055555548,174,
피커 2명 · DD→PD (strict),greedy:count:time_asc:cells_asc,2026-07-12,65.65863888888887,346,66.24752777777776,0.19753548490687217,0,,,66.24752777777776,187,44.718555555555525,111.06823776652459,346,2566,192,19234.532055555548,174,
피커 2명 · DD→PD (strict),greedy:count:time_asc:qty_desc,2026-07-12,65.65863888888887,346,66.24752777777776,0.19753548490687217,0,,,66.24752777777776,187,44.718555555555525,111.08731772380602,346,2566,192,19234.532055555548,174,
피커 2명 · DD→PD (strict),greedy:count:demand_desc:none,2026-07-12,65.65863888888889,346,65.68363888888888,0.13966763005780347,0,,,65.68363888888888,113,50.32222222222223,66.30283839498337,346,2566,192,6269.723777777778,26,
피커 2명 · DD→PD (strict),greedy:count:demand_desc:time_asc,2026-07-12,65.65863888888889,346,65.68919444444444,0.13966763005780347,0,,,65.68919444444444,116,46.21711111111112,66.83875244152706,346,2566,192,6262.267000000001,26,
피커 2명 · DD→PD (strict),greedy:count:demand_desc:cells_asc,2026-07-12,65.65863888888889,346,65.68363888888888,0.13966763005780347,0,,,65.68363888888888,113,50.32222222222223,66.21977441532667,346,2566,192,6269.723777777778,26,
피커 2명 · DD→PD (strict),greedy:count:demand_desc:qty_desc,2026-07-12,65.65863888888889,346,65.68363888888888,0.13966763005780347,0,,,65.68363888888888,113,50.32222222222223,66.2442008431831,346,2566,192,6272.539638888889,26,
피커 2명 · DD→PD (strict),greedy:count:cells_asc:none,2026-07-12,65.6586388888889,346,66.24752777777779,0.18113230571612104,0,,,66.24752777777779,170,47.48844444444446,87.46313971464764,346,2566,192,19694.027777777785,172,
피커 2명 · DD→PD (strict),greedy:count:cells_asc:time_asc,2026-07-12,65.65863888888889,346,66.24752777777778,0.17642935131663484,0,,,66.24752777777778,163,45.37091666666665,97.9512904255127,346,2566,192,19697.21080555556,176,
피커 2명 · DD→PD (strict),greedy:count:cells_asc:demand_desc,2026-07-12,65.65863888888889,346,66.24752777777778,0.1740796403339759,0,,,66.24752777777778,156,45.39813888888889,82.93210983554523,346,2566,192,18065.57713888889,146,
피커 2명 · DD→PD (strict),greedy:count:cells_asc:qty_desc,2026-07-12,65.65863888888889,346,66.24752777777778,0.17285549132948008,0,,,66.24752777777778,155,46.86152777777776,84.25144082944814,346,2566,192,18104.51197222222,145,
피커 2명 · DD→PD (strict),greedy:count:qty_desc:none,2026-07-12,65.65863888888889,346,65.68363888888888,0.13966763005780347,0,,,65.68363888888888,113,50.32222222222223,66.02598820693976,346,2566,192,6273.752555555557,26,
피커 2명 · DD→PD (strict),greedy:count:qty_desc:time_asc,2026-07-12,65.65863888888889,346,65.68919444444444,0.13966763005780347,0,,,65.68919444444444,116,46.21711111111112,66.834153342487,346,2566,192,6267.468000000002,26,
피커 2명 · DD→PD (strict),greedy:count:qty_desc:demand_desc,2026-07-12,65.65863888888889,346,65.68363888888888,0.13966763005780347,0,,,65.68363888888888,113,50.32222222222223,66.2442008431831,346,2566,192,6272.539638888889,26,
피커 2명 · DD→PD (strict),greedy:count:qty_desc:cells_asc,2026-07-12,65.65863888888889,346,65.68363888888888,0.13966763005780347,0,,,65.68363888888888,113,50.32222222222223,65.93538810400527,346,2566,192,6273.752555555557,26,
피커 2명 · DD→PD (strict),greedy:count_partial:none:none,2026-07-12,65.65863888888887,346,65.68919444444442,0.13966763005780347,0,,,65.68919444444442,117,45.86805555555555,67.41376879589954,346,2566,192,6104.103194444443,22,
피커 2명 · DD→PD (strict),greedy:count_partial:time_asc:none,2026-07-12,65.65863888888886,346,65.68919444444442,0.13966763005780347,0,,,65.68919444444442,117,47.18938888888887,67.7053502372917,346,2566,192,6084.45097222222,22,
피커 2명 · DD→PD (strict),greedy:count_partial:time_asc:demand_desc,2026-07-12,65.65863888888886,346,65.68919444444442,0.13966763005780347,0,,,65.68919444444442,117,47.18938888888887,67.7053502372917,346,2566,192,6084.45097222222,22,
피커 2명 · DD→PD (strict),greedy:count_partial:time_asc:cells_asc,2026-07-12,65.65863888888886,346,65.68919444444442,0.13966763005780347,0,,,65.68919444444442,117,47.18938888888887,67.7053502372917,346,2566,192,6084.45097222222,22,
피커 2명 · DD→PD (strict),greedy:count_partial:time_asc:qty_desc,2026-07-12,65.65863888888886,346,65.68919444444442,0.13966763005780347,0,,,65.68919444444442,117,47.18938888888887,67.7053502372917,346,2566,192,6084.45097222222,22,
피커 2명 · DD→PD (strict),greedy:count_partial:demand_desc:none,2026-07-12,65.65863888888887,346,65.68919444444442,0.13966763005780347,0,,,65.68919444444442,117,45.86805555555555,68.57201484600672,346,2566,192,6107.5611666666655,22,
피커 2명 · DD→PD (strict),greedy:count_partial:demand_desc:time_asc,2026-07-12,65.65863888888887,346,65.68919444444442,0.13966763005780347,0,,,65.68919444444442,118,46.189333333333316,68.17748310541519,346,2566,192,6097.742194444443,22,
피커 2명 · DD→PD (strict),greedy:count_partial:demand_desc:cells_asc,2026-07-12,65.65863888888887,346,65.68919444444442,0.13966763005780347,0,,,65.68919444444442,117,45.86805555555555,68.52817582462194,346,2566,192,6107.5611666666655,22,
피커 2명 · DD→PD (strict),greedy:count_partial:demand_desc:qty_desc,2026-07-12,65.65863888888887,346,65.68919444444442,0.13966763005780347,0,,,65.68919444444442,117,45.86805555555555,68.55335288951211,346,2566,192,6106.948499999999,22,
피커 2명 · DD→PD (strict),greedy:count_partial:cells_asc:none,2026-07-12,65.65863888888887,346,65.68919444444442,0.13966763005780347,0,,,65.68919444444442,117,45.86805555555555,67.36992977451476,346,2566,192,6104.103194444443,22,
피커 2명 · DD→PD (strict),greedy:count_partial:cells_asc:time_asc,2026-07-12,65.65863888888886,346,65.68919444444442,0.13966763005780347,0,,,65.68919444444442,117,47.18938888888887,67.63084534028302,346,2566,192,6084.45097222222,22,
피커 2명 · DD→PD (strict),greedy:count_partial:cells_asc:demand_desc,2026-07-12,65.65863888888887,346,65.68919444444442,0.13966763005780347,0,,,65.68919444444442,117,45.86805555555555,68.52817582462194,346,2566,192,6107.5611666666655,22,
피커 2명 · DD→PD (strict),greedy:count_partial:cells_asc:qty_desc,2026-07-12,65.65863888888887,346,65.68919444444442,0.13966763005780347,0,,,65.68919444444442,117,45.86805555555555,68.45158365721404,346,2566,192,6107.100888888887,22,
피커 2명 · DD→PD (strict),greedy:count_partial:qty_desc:none,2026-07-12,65.65863888888887,346,65.68919444444442,0.13966763005780347,0,,,65.68919444444442,117,45.86805555555555,68.49542267859884,346,2566,192,6107.100888888887,22,
피커 2명 · DD→PD (strict),greedy:count_partial:qty_desc:time_asc,2026-07-12,65.65863888888886,346,65.68919444444442,0.13966763005780347,0,,,65.68919444444442,118,46.18933333333331,68.09823195172892,346,2566,192,6098.3447777777765,22,
피커 2명 · DD→PD (strict),greedy:count_partial:qty_desc:demand_desc,2026-07-12,65.65863888888887,346,65.68919444444442,0.13966763005780347,0,,,65.68919444444442,117,45.86805555555555,68.55335288951211,346,2566,192,6106.948499999999,22,
피커 2명 · DD→PD (strict),greedy:count_partial:qty_desc:cells_asc,2026-07-12,65.65863888888887,346,65.68919444444442,0.13966763005780347,0,,,65.68919444444442,117,45.86805555555555,68.45158365721404,346,2566,192,6107.100888888887,22,
피커 2명 · DD→PD (strict),greedy:count_ddweighted:none:none,2026-07-12,65.65863888888889,346,66.24752777777778,0.1589022157996143,0,,,66.24752777777778,158,45.659111111111116,92.02167082964522,346,2566,192,16982.590694444447,134,
피커 2명 · DD→PD (strict),greedy:count_ddweighted:time_asc:none,2026-07-12,65.65863888888887,346,66.24752777777776,0.19753548490687217,0,,,66.24752777777776,187,44.718555555555525,111.06823776652459,346,2566,192,19234.532055555548,174,
피커 2명 · DD→PD (strict),greedy:count_ddweighted:time_asc:demand_desc,2026-07-12,65.65863888888887,346,66.24752777777776,0.19753548490687217,0,,,66.24752777777776,187,44.718555555555525,111.08731772380602,346,2566,192,19234.532055555548,174,
피커 2명 · DD→PD (strict),greedy:count_ddweighted:time_asc:cells_asc,2026-07-12,65.65863888888887,346,66.24752777777776,0.19753548490687217,0,,,66.24752777777776,187,44.718555555555525,111.06823776652459,346,2566,192,19234.532055555548,174,
피커 2명 · DD→PD (strict),greedy:count_ddweighted:time_asc:qty_desc,2026-07-12,65.65863888888887,346,66.24752777777776,0.19753548490687217,0,,,66.24752777777776,187,44.718555555555525,111.08731772380602,346,2566,192,19234.532055555548,174,
피커 2명 · DD→PD (strict),greedy:count_ddweighted:demand_desc:none,2026-07-12,65.65863888888889,346,65.68363888888888,0.13966763005780347,0,,,65.68363888888888,113,50.32222222222223,66.30283839498337,346,2566,192,6269.723777777778,26,
피커 2명 · DD→PD (strict),greedy:count_ddweighted:demand_desc:time_asc,2026-07-12,65.65863888888889,346,65.68919444444444,0.13966763005780347,0,,,65.68919444444444,116,46.21711111111112,66.83875244152706,346,2566,192,6262.267000000001,26,
피커 2명 · DD→PD (strict),greedy:count_ddweighted:demand_desc:cells_asc,2026-07-12,65.65863888888889,346,65.68363888888888,0.13966763005780347,0,,,65.68363888888888,113,50.32222222222223,66.21977441532667,346,2566,192,6269.723777777778,26,
피커 2명 · DD→PD (strict),greedy:count_ddweighted:demand_desc:qty_desc,2026-07-12,65.65863888888889,346,65.68363888888888,0.13966763005780347,0,,,65.68363888888888,113,50.32222222222223,66.2442008431831,346,2566,192,6272.539638888889,26,
피커 2명 · DD→PD (strict),greedy:count_ddweighted:cells_asc:none,2026-07-12,65.6586388888889,346,66.24752777777779,0.18113230571612104,0,,,66.24752777777779,170,47.48844444444446,87.46313971464764,346,2566,192,19694.027777777785,172,
피커 2명 · DD→PD (strict),greedy:count_ddweighted:cells_asc:time_asc,2026-07-12,65.65863888888889,346,66.24752777777778,0.17642935131663484,0,,,66.24752777777778,163,45.37091666666665,97.9512904255127,346,2566,192,19697.21080555556,176,
피커 2명 · DD→PD (strict),greedy:count_ddweighted:cells_asc:demand_desc,2026-07-12,65.65863888888889,346,66.24752777777778,0.1740796403339759,0,,,66.24752777777778,156,45.39813888888889,82.93210983554523,346,2566,192,18065.57713888889,146,
피커 2명 · DD→PD (strict),greedy:count_ddweighted:cells_asc:qty_desc,2026-07-12,65.65863888888889,346,66.24752777777778,0.17285549132948008,0,,,66.24752777777778,155,46.86152777777776,84.25144082944814,346,2566,192,18104.51197222222,145,
피커 2명 · DD→PD (strict),greedy:count_ddweighted:qty_desc:none,2026-07-12,65.65863888888889,346,65.68363888888888,0.13966763005780347,0,,,65.68363888888888,113,50.32222222222223,66.02598820693976,346,2566,192,6273.752555555557,26,
피커 2명 · DD→PD (strict),greedy:count_ddweighted:qty_desc:time_asc,2026-07-12,65.65863888888889,346,65.68919444444444,0.13966763005780347,0,,,65.68919444444444,116,46.21711111111112,66.834153342487,346,2566,192,6267.468000000002,26,
피커 2명 · DD→PD (strict),greedy:count_ddweighted:qty_desc:demand_desc,2026-07-12,65.65863888888889,346,65.68363888888888,0.13966763005780347,0,,,65.68363888888888,113,50.32222222222223,66.2442008431831,346,2566,192,6272.539638888889,26,
피커 2명 · DD→PD (strict),greedy:count_ddweighted:qty_desc:cells_asc,2026-07-12,65.65863888888889,346,65.68363888888888,0.13966763005780347,0,,,65.68363888888888,113,50.32222222222223,65.93538810400527,346,2566,192,6273.752555555557,26,
피커 2명 · DD→PD (strict),search:genetic,2026-07-12,65.65863888888889,346,65.68363888888888,0.13966763005780347,0,,,65.68363888888888,113,50.32222222222223,66.30283839498337,346,2566,192,6269.723777777778,26,
피커 2명 · DD→PD (strict),sort:qty_desc,2026-07-13,66.70138888888887,326,66.72638888888886,0.15722264826175875,173,68.48733333333331,43.140026974951816,68.48733333333331,208,66.49011111111109,125.02660954337058,499,3710,191,17493.585972222216,28,
피커 2명 · DD→PD (strict),sort:qty_asc,2026-07-13,66.70138888888889,326,68.10416666666667,0.3784602931152011,173,69.98472222222222,5.816122350674374,69.98472222222222,269,65.70611111111111,108.30024608545517,499,3710,191,32815.1785,189,
피커 2명 · DD→PD (strict),sort:time_asc,2026-07-13,66.70138888888891,326,68.03194444444448,0.3345944103612815,173,69.89861111111114,5.63418737957611,69.89861111111114,262,64.9106666666667,139.6711693524351,499,3710,191,32605.527638888896,190,
피커 2명 · DD→PD (strict),sort:demand_desc,2026-07-13,66.70138888888887,326,66.72638888888886,0.15722264826175875,173,68.48733333333331,43.18252809890814,68.48733333333331,208,66.49011111111109,125.0894224560584,499,3710,191,17488.46194444444,28,
피커 2명 · DD→PD (strict),sort:cells_asc,2026-07-13,66.7013888888889,326,68.05416666666667,0.31964042263122017,173,69.9263888888889,6.35003323699422,69.9263888888889,264,66.18466666666667,106.58071344866627,499,3710,191,32666.88805555556,189,
피커 2명 · DD→PD (strict),sort:code,2026-07-13,66.70138888888889,326,67.34991666666666,0.31314118950238495,173,69.22769444444444,8.302423410404622,69.22769444444444,259,65.71380555555555,138.28475076408483,499,3710,191,31980.487305555558,187,
피커 2명 · DD→PD (strict),sort:random,2026-07-13,66.70138888888887,326,67.60416666666666,0.22295739604635315,173,69.47083333333332,9.34157691072574,69.47083333333332,263,63.42888888888889,148.49516183850133,499,3710,191,31473.14086111111,182,
피커 2명 · DD→PD (strict),greedy:count:none:none,2026-07-13,66.70138888888889,326,67.60416666666666,0.2238296693933195,173,69.46805555555555,12.91231872190109,69.46805555555555,240,65.6665,133.57677109782674,499,3710,191,30767.615111111103,164,
피커 2명 · DD→PD (strict),greedy:count:time_asc:none,2026-07-13,66.70138888888889,326,67.09861111111111,0.22408546353101555,173,68.97361111111111,11.828353082851638,68.97361111111111,251,60.71941666666667,140.3764318076559,499,3710,191,30787.37313888889,179,
피커 2명 · DD→PD (strict),greedy:count:time_asc:demand_desc,2026-07-13,66.70138888888889,326,67.09861111111111,0.22408546353101555,173,68.97361111111111,11.828353082851638,68.97361111111111,251,60.71941666666667,140.3764318076559,499,3710,191,30787.37313888889,179,
피커 2명 · DD→PD (strict),greedy:count:time_asc:cells_asc,2026-07-13,66.70138888888889,326,67.09861111111111,0.22408546353101555,173,68.97361111111111,11.828353082851638,68.97361111111111,251,60.71941666666667,140.3764318076559,499,3710,191,30787.37313888889,179,
피커 2명 · DD→PD (strict),greedy:count:time_asc:qty_desc,2026-07-13,66.70138888888889,326,67.09861111111111,0.22408546353101555,173,68.97361111111111,11.828353082851638,68.97361111111111,251,60.71941666666667,140.3764318076559,499,3710,191,30787.37313888889,179,
피커 2명 · DD→PD (strict),greedy:count:demand_desc:none,2026-07-13,66.70138888888884,326,66.72638888888885,0.15391956373551466,173,68.33749999999996,44.21844894026973,68.33749999999996,207,66.1509444444444,120.41705952889049,499,3710,191,17068.42852777777,24,
피커 2명 · DD→PD (strict),greedy:count:demand_desc:time_asc,2026-07-13,66.70138888888884,326,66.72638888888885,0.15391956373551466,173,68.33149999999996,44.43672559409118,68.33149999999996,207,66.1509444444444,120.41654206982788,499,3710,191,17037.009972222215,23,
피커 2명 · DD→PD (strict),greedy:count:demand_desc:cells_asc,2026-07-13,66.70138888888884,326,66.72638888888885,0.15391956373551466,173,68.33749999999996,44.25520648683362,68.33749999999996,207,66.1509444444444,120.3469861593805,499,3710,191,17056.22877777777,23,
피커 2명 · DD→PD (strict),greedy:count:demand_desc:qty_desc,2026-07-13,66.70138888888886,326,66.72638888888886,0.15391956373551466,173,68.33749999999996,44.221174213230555,68.33749999999996,207,66.1509444444444,120.45733471536288,499,3710,191,17066.99758333333,24,
피커 2명 · DD→PD (strict),greedy:count:cells_asc:none,2026-07-13,66.70138888888889,326,67.60416666666667,0.23086639400136316,173,69.46805555555555,11.694668754014128,69.46805555555555,253,61.17377777777778,125.1198668452726,499,3710,191,31597.72566666667,178,
피커 2명 · DD→PD (strict),greedy:count:cells_asc:time_asc,2026-07-13,66.70138888888889,326,67.60416666666667,0.23044180299931813,173,69.46805555555555,11.12737235067437,69.46805555555555,255,60.064388888888885,133.50002319211467,499,3710,191,31329.47111111111,183,
피커 2명 · DD→PD (strict),greedy:count:cells_asc:demand_desc,2026-07-13,66.7013888888889,326,67.60416666666667,0.2264943762781186,173,69.46805555555557,14.471579961464354,69.46805555555557,240,65.66650000000001,127.4990735150049,499,3710,191,30224.77947222222,179,
피커 2명 · DD→PD (strict),greedy:count:cells_asc:qty_desc,2026-07-13,66.70138888888889,326,67.60416666666667,0.2264943762781186,173,69.46805555555555,14.484456807964031,69.46805555555555,240,65.66650000000001,127.5320734950117,499,3710,191,30223.576027777774,179,
피커 2명 · DD→PD (strict),greedy:count:qty_desc:none,2026-07-13,66.70138888888884,326,66.72638888888885,0.15391956373551466,173,68.33749999999996,44.25706406551058,68.33749999999996,207,66.1509444444444,120.61787817815987,499,3710,191,17065.852416666658,24,
피커 2명 · DD→PD (strict),greedy:count:qty_desc:time_asc,2026-07-13,66.70138888888884,326,66.72638888888885,0.15391956373551466,173,68.32916666666662,44.46712427745662,68.32916666666662,207,66.1509444444444,120.4594312661341,499,3710,191,17041.56238888888,23,
피커 2명 · DD→PD (strict),greedy:count:qty_desc:demand_desc,2026-07-13,66.70138888888886,326,66.72638888888886,0.15391956373551466,173,68.33749999999996,44.221174213230555,68.33749999999996,207,66.1509444444444,120.4645172042355,499,3710,191,17066.99758333333,24,
피커 2명 · DD→PD (strict),greedy:count:qty_desc:cells_asc,2026-07-13,66.70138888888884,326,66.72638888888885,0.15391956373551466,173,68.33749999999996,44.29107241490043,68.33749999999996,207,66.1509444444444,120.54700567038594,499,3710,191,17053.652666666658,23,
피커 2명 · DD→PD (strict),greedy:count_partial:none:none,2026-07-13,66.70138888888886,326,66.72638888888886,0.1539195637355146,173,68.32038888888886,46.01827890173409,68.32038888888886,207,66.1509444444444,120.64398865801411,499,3710,191,16659.539444444436,23,
피커 2명 · DD→PD (strict),greedy:count_partial:time_asc:none,2026-07-13,66.70138888888886,326,66.72638888888886,0.1539195637355146,173,68.32594444444442,46.03698619139369,68.32594444444442,207,65.27655555555552,120.66118084313183,499,3710,191,16657.76002777777,23,
피커 2명 · DD→PD (strict),greedy:count_partial:time_asc:demand_desc,2026-07-13,66.70138888888886,326,66.72638888888886,0.1539195637355146,173,68.32594444444442,46.03698619139369,68.32594444444442,207,65.27655555555552,120.66118084313183,499,3710,191,16657.76002777777,23,
피커 2명 · DD→PD (strict),greedy:count_partial:time_asc:cells_asc,2026-07-13,66.70138888888886,326,66.72638888888886,0.1539195637355146,173,68.32594444444442,46.03698619139369,68.32594444444442,207,65.27655555555552,120.66118084313183,499,3710,191,16657.76002777777,23,
피커 2명 · DD→PD (strict),greedy:count_partial:time_asc:qty_desc,2026-07-13,66.70138888888886,326,66.72638888888886,0.1539195637355146,173,68.32594444444442,46.03698619139369,68.32594444444442,207,65.27655555555552,120.66118084313183,499,3710,191,16657.76002777777,23,
피커 2명 · DD→PD (strict),greedy:count_partial:demand_desc:none,2026-07-13,66.70138888888886,326,66.72638888888886,0.1539195637355146,173,68.31761111111108,46.00154945407833,68.31761111111108,207,64.97677777777774,120.64399369936336,499,3710,191,16658.245249999993,23,
피커 2명 · DD→PD (strict),greedy:count_partial:demand_desc:time_asc,2026-07-13,66.70138888888886,326,66.72638888888886,0.1539195637355146,173,68.32316666666664,46.00895680796402,68.32316666666664,207,65.27655555555552,120.62104565150752,499,3710,191,16656.17627777777,23,
피커 2명 · DD→PD (strict),greedy:count_partial:demand_desc:cells_asc,2026-07-13,66.70138888888886,326,66.72638888888886,0.1539195637355146,173,68.31761111111108,46.00154945407833,68.31761111111108,207,64.97677777777774,120.64399369936336,499,3710,191,16658.245249999993,23,
피커 2명 · DD→PD (strict),greedy:count_partial:demand_desc:qty_desc,2026-07-13,66.70138888888886,326,66.72638888888886,0.1539195637355146,173,68.31761111111108,46.00154945407833,68.31761111111108,207,64.97677777777774,120.64399369936336,499,3710,191,16658.245249999993,23,
피커 2명 · DD→PD (strict),greedy:count_partial:cells_asc:none,2026-07-13,66.70138888888886,326,66.72638888888886,0.1539195637355146,173,68.32038888888886,46.01827890173409,68.32038888888886,207,66.1509444444444,120.64398865801411,499,3710,191,16659.539444444436,23,
피커 2명 · DD→PD (strict),greedy:count_partial:cells_asc:time_asc,2026-07-13,66.70138888888886,326,66.72638888888886,0.1539195637355146,173,68.32594444444442,46.03698619139369,68.32594444444442,207,65.27655555555552,120.66118084313183,499,3710,191,16657.76002777777,23,
피커 2명 · DD→PD (strict),greedy:count_partial:cells_asc:demand_desc,2026-07-13,66.70138888888886,326,66.72638888888886,0.1539195637355146,173,68.31761111111108,46.00154945407833,68.31761111111108,207,64.97677777777774,120.64399369936336,499,3710,191,16658.245249999993,23,
피커 2명 · DD→PD (strict),greedy:count_partial:cells_asc:qty_desc,2026-07-13,66.70138888888886,326,66.72638888888886,0.1539195637355146,173,68.31761111111108,46.00154945407833,68.31761111111108,207,64.97677777777774,120.64399369936336,499,3710,191,16658.245249999993,23,
피커 2명 · DD→PD (strict),greedy:count_partial:qty_desc:none,2026-07-13,66.70138888888886,326,66.72638888888886,0.1539195637355146,173,68.31761111111108,46.00154945407833,68.31761111111108,207,64.97677777777774,120.64399369936336,499,3710,191,16658.245249999993,23,
피커 2명 · DD→PD (strict),greedy:count_partial:qty_desc:time_asc,2026-07-13,66.70138888888886,326,66.72638888888886,0.1539195637355146,173,68.32316666666664,46.00895680796402,68.32316666666664,207,65.27655555555552,120.62104565150752,499,3710,191,16656.17627777777,23,
피커 2명 · DD→PD (strict),greedy:count_partial:qty_desc:demand_desc,2026-07-13,66.70138888888886,326,66.72638888888886,0.1539195637355146,173,68.31761111111108,46.00154945407833,68.31761111111108,207,64.97677777777774,120.64399369936336,499,3710,191,16658.245249999993,23,
피커 2명 · DD→PD (strict),greedy:count_partial:qty_desc:cells_asc,2026-07-13,66.70138888888886,326,66.72638888888886,0.1539195637355146,173,68.31761111111108,46.00154945407833,68.31761111111108,207,64.97677777777774,120.64399369936336,499,3710,191,16658.245249999993,23,
피커 2명 · DD→PD (strict),greedy:count_ddweighted:none:none,2026-07-13,66.70138888888887,326,67.60416666666666,0.23078970688479875,173,69.46805555555554,11.599039017341036,69.46805555555554,251,60.70538888888887,135.1940692164664,499,3710,191,31192.22466666666,176,
피커 2명 · DD→PD (strict),greedy:count_ddweighted:time_asc:none,2026-07-13,66.70138888888889,326,67.09861111111111,0.22284977845944084,173,68.97361111111111,12.218921001926782,68.97361111111111,249,59.334583333333335,140.5807510924065,499,3710,191,30462.07930555556,176,
피커 2명 · DD→PD (strict),greedy:count_ddweighted:time_asc:demand_desc,2026-07-13,66.70138888888889,326,67.09861111111111,0.22284977845944084,173,68.97361111111111,12.218921001926782,68.97361111111111,249,59.334583333333335,140.5807510924065,499,3710,191,30462.07930555556,176,
피커 2명 · DD→PD (strict),greedy:count_ddweighted:time_asc:cells_asc,2026-07-13,66.70138888888889,326,67.09861111111111,0.22284977845944084,173,68.97361111111111,12.218921001926782,68.97361111111111,249,59.334583333333335,140.5807510924065,499,3710,191,30462.07930555556,176,
피커 2명 · DD→PD (strict),greedy:count_ddweighted:time_asc:qty_desc,2026-07-13,66.70138888888889,326,67.09861111111111,0.22284977845944084,173,68.97361111111111,12.218921001926782,68.97361111111111,249,59.334583333333335,140.5807510924065,499,3710,191,30462.07930555556,176,
피커 2명 · DD→PD (strict),greedy:count_ddweighted:demand_desc:none,2026-07-13,66.70138888888884,326,66.72638888888885,0.15391956373551466,173,68.33749999999996,44.081804752729596,68.33749999999996,207,66.1509444444444,119.90939902038494,499,3710,191,17048.770583333324,24,
피커 2명 · DD→PD (strict),greedy:count_ddweighted:demand_desc:time_asc,2026-07-13,66.70138888888884,326,66.72638888888885,0.15391956373551466,173,68.32916666666662,44.282093127809866,68.32916666666662,207,66.1509444444444,119.81864016098544,499,3710,191,17018.158666666655,23,
피커 2명 · DD→PD (strict),greedy:count_ddweighted:demand_desc:cells_asc,2026-07-13,66.70138888888884,326,66.72638888888885,0.15391956373551466,173,68.33749999999996,44.11856229929349,68.33749999999996,207,66.1509444444444,119.83932565087494,499,3710,191,17036.570833333324,23,
피커 2명 · DD→PD (strict),greedy:count_ddweighted:demand_desc:qty_desc,2026-07-13,66.70138888888886,326,66.72638888888886,0.15391956373551466,173,68.33749999999996,44.08453002569042,68.33749999999996,207,66.1509444444444,119.94967420685731,499,3710,191,17047.339638888883,24,
피커 2명 · DD→PD (strict),greedy:count_ddweighted:cells_asc:none,2026-07-13,66.70138888888889,326,67.60416666666667,0.23078970688479875,173,69.46805555555555,11.135533397559406,69.46805555555555,253,61.17377777777778,127.37256852670095,499,3710,191,31541.438277777776,178,
피커 2명 · DD→PD (strict),greedy:count_ddweighted:cells_asc:time_asc,2026-07-13,66.70138888888889,326,67.60416666666667,0.23044180299931813,173,69.46805555555555,10.775928709055874,69.46805555555555,256,61.36369444444444,133.52018993542197,499,3710,191,31396.64136111111,182,
피커 2명 · DD→PD (strict),greedy:count_ddweighted:cells_asc:demand_desc,2026-07-13,66.7013888888889,326,67.60416666666667,0.2264943762781186,173,69.46805555555557,14.834950064226074,69.46805555555557,240,65.66650000000001,127.57578743227303,499,3710,191,29981.434500000007,179,
피커 2명 · DD→PD (strict),greedy:count_ddweighted:cells_asc:qty_desc,2026-07-13,66.70138888888889,326,67.60416666666667,0.2264943762781186,173,69.46805555555555,14.85022896596018,69.46805555555555,240,65.66650000000001,127.6098910370474,499,3710,191,29980.569944444444,179,
피커 2명 · DD→PD (strict),greedy:count_ddweighted:qty_desc:none,2026-07-13,66.70138888888884,326,66.72638888888885,0.15391956373551466,173,68.33749999999996,44.09846949261398,68.33749999999996,207,66.1509444444444,120.05444668008047,499,3710,191,17044.368166666656,24,
피커 2명 · DD→PD (strict),greedy:count_ddweighted:qty_desc:time_asc,2026-07-13,66.70138888888884,326,66.72638888888885,0.15391956373551466,173,68.32916666666662,44.30848410404622,68.32916666666662,207,66.1509444444444,119.85702014350468,499,3710,191,17021.695222222213,23,
피커 2명 · DD→PD (strict),greedy:count_ddweighted:qty_desc:demand_desc,2026-07-13,66.70138888888886,326,66.72638888888886,0.15391956373551466,173,68.33749999999996,44.08453002569042,68.33749999999996,207,66.1509444444444,119.95685669572994,499,3710,191,17047.339638888883,24,
피커 2명 · DD→PD (strict),greedy:count_ddweighted:qty_desc:cells_asc,2026-07-13,66.70138888888884,326,66.72638888888885,0.15391956373551466,173,68.33749999999996,44.13247784200382,68.33749999999996,207,66.1509444444444,119.98357417230656,499,3710,191,17032.168416666656,23,
피커 2명 · DD→PD (strict),search:genetic,2026-07-13,66.70138888888884,326,66.72638888888883,0.21938658827539198,173,68.09305555555551,32.87571885035321,68.09305555555551,206,64.77077777777772,137.308373753238,499,3710,191,21468.251083333318,100,
피커 2명 · DD→PD (strict),sort:qty_desc,2026-07-14,61.15455555555555,176,61.1601111111111,0.06261805555555554,135,61.858388888888875,47.60322181069958,61.858388888888875,169,50.416972222222206,111.04985491054387,311,2330,179,11977.029138888884,28,
피커 2명 · DD→PD (strict),sort:qty_asc,2026-07-14,61.154555555555575,176,61.80455555555558,0.17708017676767676,135,63.12955555555558,3.303259670781893,63.12955555555558,183,60.563583333333355,90.15164142169719,311,2330,179,18634.636555555564,178,
피커 2명 · DD→PD (strict),sort:time_asc,2026-07-14,61.15455555555556,176,61.46011111111112,0.09070391414141415,135,62.793444444444454,3.4038460905349806,62.793444444444454,188,50.069277777777785,114.21416027150748,311,2330,179,18202.22716666666,176,
피커 2명 · DD→PD (strict),sort:demand_desc,2026-07-14,61.15455555555555,176,61.1601111111111,0.06261805555555554,135,61.858388888888875,47.55297160493826,61.858388888888875,169,50.416972222222206,110.9904719650887,311,2330,179,11979.905861111105,28,
피커 2명 · DD→PD (strict),sort:cells_asc,2026-07-14,61.15455555555559,176,61.571222222222254,0.13729482323232323,135,62.89622222222226,3.387887242798355,62.89622222222226,175,59.09355555555558,88.78801632671811,311,2330,179,18585.266222222228,175,
피커 2명 · DD→PD (strict),sort:code,2026-07-14,61.154555555555575,176,61.160111111111135,0.07975063131313131,135,62.37405555555558,10.936317695473264,62.37405555555558,193,54.30277777777779,110.35247160277646,311,2330,179,17896.281305555563,159,
피커 2명 · DD→PD (strict),sort:random,2026-07-14,61.154555555555554,176,61.42263888888889,0.1366164772727273,135,62.747638888888886,5.9306695473251025,62.747638888888886,203,58.77641666666667,123.90907670275332,311,2330,179,17811.65127777778,176,
피커 2명 · DD→PD (strict),greedy:count:none:none,2026-07-14,61.15455555555556,176,61.39344444444445,0.06906486742424242,135,62.724000000000004,15.04909588477367,62.724000000000004,181,47.82341666666667,104.79826391103175,311,2330,179,16783.112333333327,139,
피커 2명 · DD→PD (strict),greedy:count:time_asc:none,2026-07-14,61.154555555555554,176,61.190666666666665,0.0609375,135,62.120444444444445,8.644269547325102,62.120444444444445,166,49.74380555555554,105.04600247905503,311,2330,179,16572.179055555556,168,
피커 2명 · DD→PD (strict),greedy:count:time_asc:demand_desc,2026-07-14,61.154555555555554,176,61.190666666666665,0.0609375,135,62.120444444444445,8.642244855967077,62.120444444444445,166,49.74380555555554,105.0580427091457,311,2330,179,16572.45238888889,168,
피커 2명 · DD→PD (strict),greedy:count:time_asc:cells_asc,2026-07-14,61.154555555555554,176,61.190666666666665,0.0609375,135,62.120444444444445,8.644269547325102,62.120444444444445,166,49.74380555555554,105.04600247905503,311,2330,179,16572.179055555556,168,
피커 2명 · DD→PD (strict),greedy:count:time_asc:qty_desc,2026-07-14,61.154555555555554,176,61.190666666666665,0.0609375,135,62.120444444444445,8.642244855967077,62.120444444444445,166,49.74380555555554,105.0580427091457,311,2330,179,16572.45238888889,168,
피커 2명 · DD→PD (strict),greedy:count:demand_desc:none,2026-07-14,61.154555555555554,176,61.16011111111111,0.049037247474747477,135,61.886833333333335,49.35609197530863,61.886833333333335,162,49.17094444444443,108.94002089836017,311,2330,179,11759.463194444446,22,
피커 2명 · DD→PD (strict),greedy:count:demand_desc:time_asc,2026-07-14,61.154555555555554,176,61.190666666666665,0.049037247474747477,135,61.37738888888888,48.50890761316871,61.37738888888888,161,48.67611111111111,108.43545170905317,311,2330,179,11618.643444444446,22,
피커 2명 · DD→PD (strict),greedy:count:demand_desc:cells_asc,2026-07-14,61.154555555555554,176,61.16011111111111,0.049037247474747477,135,61.886833333333335,49.362754320987655,61.886833333333335,162,49.17094444444443,108.86268529565163,311,2330,179,11763.18177777778,22,
피커 2명 · DD→PD (strict),greedy:count:demand_desc:qty_desc,2026-07-14,61.154555555555554,176,61.16011111111111,0.049037247474747477,135,61.886833333333335,49.35475246913579,61.886833333333335,162,49.17094444444443,108.96908829108325,311,2330,179,11759.463194444446,22,
피커 2명 · DD→PD (strict),greedy:count:cells_asc:none,2026-07-14,61.15455555555559,176,61.39344444444448,0.0727422664141414,135,62.72400000000003,8.861435390946507,62.72400000000003,163,46.70663888888891,93.2107832196076,311,2330,179,17118.978972222227,157,
피커 2명 · DD→PD (strict),greedy:count:cells_asc:time_asc,2026-07-14,61.15455555555555,176,61.393444444444434,0.07286931818181817,135,62.72399999999999,6.4471236625514425,62.72399999999999,161,59.9681111111111,98.1997644885176,311,2330,179,17577.908194444437,172,
피커 2명 · DD→PD (strict),greedy:count:cells_asc:demand_desc,2026-07-14,61.154555555555554,176,61.39344444444444,0.07768308080808081,135,62.724,9.870433127572015,62.724,161,59.32330555555556,91.99189172671811,311,2330,179,16882.792833333326,158,
피커 2명 · DD→PD (strict),greedy:count:cells_asc:qty_desc,2026-07-14,61.154555555555554,176,61.39344444444444,0.07768308080808081,135,62.724,9.824560493827159,62.724,161,59.32330555555556,92.50145080033163,311,2330,179,16895.525611111105,158,
피커 2명 · DD→PD (strict),greedy:count:qty_desc:none,2026-07-14,61.154555555555554,176,61.16011111111111,0.049037247474747477,135,61.886833333333335,49.328089917695465,61.886833333333335,162,49.17094444444443,109.05803693659483,311,2330,179,11765.353194444446,22,
피커 2명 · DD→PD (strict),greedy:count:qty_desc:time_asc,2026-07-14,61.154555555555554,176,61.190666666666665,0.049037247474747477,135,61.37738888888888,48.482245061728385,61.37738888888888,161,48.67611111111111,108.53509254674856,311,2330,179,11624.533444444445,22,
피커 2명 · DD→PD (strict),greedy:count:qty_desc:demand_desc,2026-07-14,61.154555555555554,176,61.16011111111111,0.049037247474747477,135,61.886833333333335,49.328089917695465,61.886833333333335,162,49.17094444444443,109.05803693659483,311,2330,179,11765.353194444446,22,
피커 2명 · DD→PD (strict),greedy:count:qty_desc:cells_asc,2026-07-14,61.154555555555554,176,61.16011111111111,0.049037247474747477,135,61.886833333333335,49.33475226337448,61.886833333333335,162,49.17094444444443,109.00120291248452,311,2330,179,11769.071777777779,22,
피커 2명 · DD→PD (strict),greedy:count_partial:none:none,2026-07-14,61.15455555555556,176,61.16011111111112,0.049037247474747477,135,61.88961111111112,49.78243148148149,61.88961111111112,159,46.686555555555564,107.43716141553104,311,2330,179,11551.8255,17,
피커 2명 · DD→PD (strict),greedy:count_partial:time_asc:none,2026-07-14,61.15455555555556,176,61.19066666666667,0.049037247474747477,135,61.371833333333335,49.085058024691364,61.371833333333335,159,46.686555555555564,107.13711320701768,311,2330,179,11424.53491666667,17,
피커 2명 · DD→PD (strict),greedy:count_partial:time_asc:demand_desc,2026-07-14,61.15455555555556,176,61.19066666666667,0.049037247474747477,135,61.371833333333335,49.085058024691364,61.371833333333335,159,46.686555555555564,107.13711320701768,311,2330,179,11424.53491666667,17,
피커 2명 · DD→PD (strict),greedy:count_partial:time_asc:cells_asc,2026-07-14,61.15455555555556,176,61.19066666666667,0.049037247474747477,135,61.371833333333335,49.085058024691364,61.371833333333335,159,46.686555555555564,107.13711320701768,311,2330,179,11424.53491666667,17,
피커 2명 · DD→PD (strict),greedy:count_partial:time_asc:qty_desc,2026-07-14,61.15455555555556,176,61.19066666666667,0.049037247474747477,135,61.371833333333335,49.085058024691364,61.371833333333335,159,46.686555555555564,107.13711320701768,311,2330,179,11424.53491666667,17,
피커 2명 · DD→PD (strict),greedy:count_partial:demand_desc:none,2026-07-14,61.15455555555556,176,61.16011111111112,0.049037247474747477,135,61.88961111111112,49.76355864197532,61.88961111111112,160,51.436916666666676,107.6900686975825,311,2330,179,11558.186861111113,17,
피커 2명 · DD→PD (strict),greedy:count_partial:demand_desc:time_asc,2026-07-14,61.15455555555556,176,61.19066666666667,0.049037247474747477,135,61.371833333333335,48.913976543209884,61.371833333333335,161,49.953250000000004,107.30232381304124,311,2330,179,11433.288611111113,17,
피커 2명 · DD→PD (strict),greedy:count_partial:demand_desc:cells_asc,2026-07-14,61.15455555555556,176,61.16011111111112,0.049037247474747477,135,61.88961111111112,49.76355864197532,61.88961111111112,160,51.436916666666676,107.66956803915214,311,2330,179,11558.186861111113,17,
피커 2명 · DD→PD (strict),greedy:count_partial:demand_desc:qty_desc,2026-07-14,61.15455555555556,176,61.16011111111112,0.049037247474747477,135,61.88961111111112,49.76355864197532,61.88961111111112,160,51.436916666666676,107.6900686975825,311,2330,179,11558.186861111113,17,
피커 2명 · DD→PD (strict),greedy:count_partial:cells_asc:none,2026-07-14,61.15455555555556,176,61.16011111111112,0.049037247474747477,135,61.88961111111112,49.78243148148149,61.88961111111112,159,46.686555555555564,107.41666075710067,311,2330,179,11551.8255,17,
피커 2명 · DD→PD (strict),greedy:count_partial:cells_asc:time_asc,2026-07-14,61.15455555555556,176,61.19066666666667,0.049037247474747477,135,61.371833333333335,49.085058024691364,61.371833333333335,159,46.686555555555564,107.11643959000374,311,2330,179,11424.53491666667,17,
피커 2명 · DD→PD (strict),greedy:count_partial:cells_asc:demand_desc,2026-07-14,61.15455555555556,176,61.16011111111112,0.049037247474747477,135,61.88961111111112,49.76355864197532,61.88961111111112,160,51.436916666666676,107.66956803915214,311,2330,179,11558.186861111113,17,
피커 2명 · DD→PD (strict),greedy:count_partial:cells_asc:qty_desc,2026-07-14,61.15455555555556,176,61.16011111111112,0.049037247474747477,135,61.88961111111112,49.76355864197532,61.88961111111112,160,51.436916666666676,107.66956803915214,311,2330,179,11558.186861111113,17,
피커 2명 · DD→PD (strict),greedy:count_partial:qty_desc:none,2026-07-14,61.15455555555556,176,61.16011111111112,0.049037247474747477,135,61.88961111111112,49.76355864197532,61.88961111111112,160,51.436916666666676,107.6900686975825,311,2330,179,11558.186861111113,17,
피커 2명 · DD→PD (strict),greedy:count_partial:qty_desc:time_asc,2026-07-14,61.15455555555556,176,61.19066666666667,0.049037247474747477,135,61.371833333333335,48.913976543209884,61.371833333333335,161,49.953250000000004,107.30232381304124,311,2330,179,11433.288611111113,17,
피커 2명 · DD→PD (strict),greedy:count_partial:qty_desc:demand_desc,2026-07-14,61.15455555555556,176,61.16011111111112,0.049037247474747477,135,61.88961111111112,49.76355864197532,61.88961111111112,160,51.436916666666676,107.6900686975825,311,2330,179,11558.186861111113,17,
피커 2명 · DD→PD (strict),greedy:count_partial:qty_desc:cells_asc,2026-07-14,61.15455555555556,176,61.16011111111112,0.049037247474747477,135,61.88961111111112,49.76355864197532,61.88961111111112,160,51.436916666666676,107.6900686975825,311,2330,179,11558.186861111113,17,
피커 2명 · DD→PD (strict),greedy:count_ddweighted:none:none,2026-07-14,61.15455555555556,176,61.39344444444445,0.06906486742424242,135,62.724000000000004,14.771849382716056,62.724000000000004,181,47.82341666666667,104.90198594902537,311,2330,179,16817.464583333327,139,
피커 2명 · DD→PD (strict),greedy:count_ddweighted:time_asc:none,2026-07-14,61.154555555555554,176,61.190666666666665,0.0609375,135,62.120444444444445,9.501761111111113,62.120444444444445,166,49.74380555555554,105.41417837033434,311,2330,179,16450.48122222222,168,
피커 2명 · DD→PD (strict),greedy:count_ddweighted:time_asc:demand_desc,2026-07-14,61.154555555555554,176,61.190666666666665,0.0609375,135,62.120444444444445,9.499736419753088,62.120444444444445,166,49.74380555555554,105.42621860042496,311,2330,179,16450.754555555555,168,
피커 2명 · DD→PD (strict),greedy:count_ddweighted:time_asc:cells_asc,2026-07-14,61.154555555555554,176,61.190666666666665,0.0609375,135,62.120444444444445,9.501761111111113,62.120444444444445,166,49.74380555555554,105.41417837033434,311,2330,179,16450.48122222222,168,
피커 2명 · DD→PD (strict),greedy:count_ddweighted:time_asc:qty_desc,2026-07-14,61.154555555555554,176,61.190666666666665,0.0609375,135,62.120444444444445,9.499736419753088,62.120444444444445,166,49.74380555555554,105.42621860042496,311,2330,179,16450.754555555555,168,
피커 2명 · DD→PD (strict),greedy:count_ddweighted:demand_desc:none,2026-07-14,61.154555555555554,176,61.16011111111111,0.049037247474747477,135,61.886833333333335,49.34092139917695,61.886833333333335,162,49.17094444444443,108.9099916244974,311,2330,179,11757.812472222224,22,
피커 2명 · DD→PD (strict),greedy:count_ddweighted:demand_desc:time_asc,2026-07-14,61.15455555555556,176,61.19066666666667,0.049037247474747477,135,61.37738888888889,48.49964938271605,61.37738888888889,161,48.67611111111112,108.42446639325193,311,2330,179,11617.01575,22,
피커 2명 · DD→PD (strict),greedy:count_ddweighted:demand_desc:cells_asc,2026-07-14,61.154555555555554,176,61.16011111111111,0.049037247474747477,135,61.886833333333335,49.34758374485595,61.886833333333335,162,49.17094444444443,108.83265602178886,311,2330,179,11761.531055555559,22,
피커 2명 · DD→PD (strict),greedy:count_ddweighted:demand_desc:qty_desc,2026-07-14,61.154555555555554,176,61.16011111111111,0.049037247474747477,135,61.886833333333335,49.33958189300411,61.886833333333335,162,49.17094444444443,108.93905901722047,311,2330,179,11757.812472222224,22,
피커 2명 · DD→PD (strict),greedy:count_ddweighted:cells_asc:none,2026-07-14,61.15455555555559,176,61.39344444444448,0.07278188131313132,135,62.72400000000003,8.669143415637866,62.72400000000003,164,46.45805555555558,93.23173213868165,311,2330,179,17156.167833333337,157,
피커 2명 · DD→PD (strict),greedy:count_ddweighted:cells_asc:time_asc,2026-07-14,61.15455555555555,176,61.393444444444434,0.07274305555555556,135,62.72122222222221,6.5971201646090565,62.72122222222221,161,59.9681111111111,97.61058856562815,311,2330,179,17453.70655555555,167,
피커 2명 · DD→PD (strict),greedy:count_ddweighted:cells_asc:demand_desc,2026-07-14,61.154555555555554,176,61.39344444444444,0.07768308080808081,135,62.724,9.855821399176957,62.724,161,59.32330555555556,91.98292475323996,311,2330,179,16881.02391666666,158,
피커 2명 · DD→PD (strict),greedy:count_ddweighted:cells_asc:qty_desc,2026-07-14,61.154555555555554,176,61.39344444444444,0.07768308080808081,135,62.724,9.809948765432097,62.724,161,59.32330555555556,92.49248382685346,311,2330,179,16893.756694444437,158,
피커 2명 · DD→PD (strict),greedy:count_ddweighted:qty_desc:none,2026-07-14,61.154555555555554,176,61.16011111111111,0.049037247474747477,135,61.886833333333335,49.31291934156378,61.886833333333335,162,49.17094444444443,109.02800766273205,311,2330,179,11763.702472222223,22,
피커 2명 · DD→PD (strict),greedy:count_ddweighted:qty_desc:time_asc,2026-07-14,61.15455555555556,176,61.19066666666667,0.049037247474747477,135,61.37738888888889,48.47298683127572,61.37738888888889,161,48.67611111111112,108.52410723094732,311,2330,179,11622.905750000002,22,
피커 2명 · DD→PD (strict),greedy:count_ddweighted:qty_desc:demand_desc,2026-07-14,61.154555555555554,176,61.16011111111111,0.049037247474747477,135,61.886833333333335,49.31291934156378,61.886833333333335,162,49.17094444444443,109.02800766273205,311,2330,179,11763.702472222223,22,
피커 2명 · DD→PD (strict),greedy:count_ddweighted:qty_desc:cells_asc,2026-07-14,61.154555555555554,176,61.16011111111111,0.049037247474747477,135,61.886833333333335,49.31958168724279,61.886833333333335,162,49.17094444444443,108.97117363862174,311,2330,179,11767.421055555558,22,
피커 2명 · DD→PD (strict),search:genetic,2026-07-14,61.154555555555554,176,61.16011111111111,0.052229008838383814,135,61.88788888888889,47.84741666666667,61.88788888888889,159,46.68655555555556,110.71943622069298,311,2330,179,12395.114083333334,27,
피커 2명 · DD→PD (strict),sort:qty_desc,2026-07-15,63.59383333333332,187,63.62438888888888,0.08033273915626857,119,64.75494444444443,46.329722689075616,64.75494444444443,179,58.12397222222222,109.32570185545676,306,2308,185,11187.157527777777,25,
피커 2명 · DD→PD (strict),sort:qty_asc,2026-07-15,63.59383333333333,187,64.24938888888889,0.17369191919191915,119,65.47716666666666,3.871985060690941,65.47716666666666,202,62.282999999999994,96.37588633527038,306,2308,185,19110.549444444445,184,
피커 2명 · DD→PD (strict),sort:time_asc,2026-07-15,63.593833333333315,187,64.01049999999998,0.10684789067142007,119,65.23827777777775,5.032857609710547,65.23827777777775,196,57.79694444444443,121.77029419504053,306,2308,185,18647.475583333322,182,
피커 2명 · DD→PD (strict),sort:demand_desc,2026-07-15,63.59383333333332,187,63.62438888888888,0.08033273915626857,119,64.75494444444443,46.25699859943977,64.75494444444443,179,58.12397222222222,109.37422367575536,306,2308,185,11182.390527777778,25,
피커 2명 · DD→PD (strict),sort:cells_asc,2026-07-15,63.59383333333333,187,64.10216666666666,0.14311497326203165,119,65.32994444444444,4.636166199813259,65.32994444444444,196,62.76805555555555,94.69314139593973,306,2308,185,19030.727527777777,183,
피커 2명 · DD→PD (strict),sort:code,2026-07-15,63.59383333333332,187,63.891055555555546,0.0996286393345217,119,65.1216111111111,10.545193510737622,65.1216111111111,201,57.04808333333332,113.7239660157193,306,2308,185,18484.087166666664,175,
피커 2명 · DD→PD (strict),sort:random,2026-07-15,63.59383333333333,187,63.62716666666666,0.11860606060606058,119,64.62933333333332,8.82968814192343,64.62933333333332,209,60.850694444444436,119.08294780147988,306,2308,185,17541.116472222224,172,
피커 2명 · DD→PD (strict),greedy:count:none:none,2026-07-15,63.59383333333333,187,63.89105555555555,0.09041384432560903,119,65.1105,16.53818253968253,65.1105,181,45.1856388888889,109.21371787619165,306,2308,185,17462.616222222223,145,
피커 2명 · DD→PD (strict),greedy:count:time_asc:none,2026-07-15,63.59383333333331,187,63.891055555555525,0.1118351158645278,119,65.12161111111108,14.549527077497654,65.12161111111108,202,58.26730555555554,120.28809517919036,306,2308,185,17311.91566666666,173,
피커 2명 · DD→PD (strict),greedy:count:time_asc:demand_desc,2026-07-15,63.59383333333331,187,63.891055555555525,0.1118351158645278,119,65.12161111111108,14.549527077497654,65.12161111111108,202,58.26730555555554,120.28809517919036,306,2308,185,17311.91566666666,173,
피커 2명 · DD→PD (strict),greedy:count:time_asc:cells_asc,2026-07-15,63.59383333333331,187,63.891055555555525,0.1118351158645278,119,65.12161111111108,14.549527077497654,65.12161111111108,202,58.26730555555554,120.28809517919036,306,2308,185,17311.91566666666,173,
피커 2명 · DD→PD (strict),greedy:count:time_asc:qty_desc,2026-07-15,63.59383333333331,187,63.891055555555525,0.1118351158645278,119,65.12161111111108,14.549527077497654,65.12161111111108,202,58.26730555555554,120.28809517919036,306,2308,185,17311.91566666666,173,
피커 2명 · DD→PD (strict),greedy:count:demand_desc:none,2026-07-15,63.59383333333332,187,63.62716666666665,0.08033273915626857,119,64.64224999999999,48.245379084967304,64.64224999999999,173,60.76261111111109,105.41978564930659,306,2308,185,10960.863749999999,19,
피커 2명 · DD→PD (strict),greedy:count:demand_desc:time_asc,2026-07-15,63.59383333333332,187,62.71913888888888,0.08033273915626857,119,63.62438888888888,47.08476330532212,63.62438888888888,171,59.92177777777776,104.80124672666578,306,2308,185,10801.633499999996,19,
피커 2명 · DD→PD (strict),greedy:count:demand_desc:cells_asc,2026-07-15,63.59383333333332,187,63.62716666666665,0.08033273915626857,119,64.64224999999999,48.24905788982259,64.64224999999999,173,60.76261111111109,105.38743494644241,306,2308,185,10960.863749999999,19,
피커 2명 · DD→PD (strict),greedy:count:demand_desc:qty_desc,2026-07-15,63.59383333333332,187,63.62716666666665,0.08033273915626857,119,64.64224999999999,48.23024976657327,64.64224999999999,173,60.76261111111109,105.34117134433491,306,2308,185,10959.70911111111,19,
피커 2명 · DD→PD (strict),greedy:count:cells_asc:none,2026-07-15,63.59383333333334,187,63.89105555555557,0.09928193701723113,119,65.1132777777778,13.450391456582638,65.1132777777778,196,52.22594444444446,102.50092957657552,306,2308,185,17975.986888888896,161,
피커 2명 · DD→PD (strict),greedy:count:cells_asc:time_asc,2026-07-15,63.593833333333315,187,63.89105555555554,0.09814319667260844,119,65.11327777777775,11.79199439775909,65.11327777777775,198,56.527222222222214,107.84304660510442,306,2308,185,17941.612333333327,169,
피커 2명 · DD→PD (strict),greedy:count:cells_asc:demand_desc,2026-07-15,63.593833333333336,187,63.89105555555556,0.09977317290552583,119,65.1105,15.830864845938379,65.1105,193,50.24747222222223,105.30899863394622,306,2308,185,17719.926611111114,160,
피커 2명 · DD→PD (strict),greedy:count:cells_asc:qty_desc,2026-07-15,63.593833333333336,187,63.89105555555556,0.09977317290552583,119,65.1105,15.817038515406164,65.1105,193,50.24747222222223,105.17945390272432,306,2308,185,17720.337944444447,160,
피커 2명 · DD→PD (strict),greedy:count:qty_desc:none,2026-07-15,63.59383333333332,187,63.62716666666665,0.08033273915626857,119,64.64224999999999,48.22333660130719,64.64224999999999,173,60.76261111111109,105.36274821979605,306,2308,185,10960.299999999997,19,
피커 2명 · DD→PD (strict),greedy:count:qty_desc:time_asc,2026-07-15,63.59383333333332,187,62.71913888888888,0.08033273915626857,119,63.62438888888888,47.05608683473388,63.62438888888888,171,59.92177777777776,104.73670823295399,306,2308,185,10797.630249999998,19,
피커 2명 · DD→PD (strict),greedy:count:qty_desc:demand_desc,2026-07-15,63.59383333333332,187,63.62716666666665,0.08033273915626857,119,64.64224999999999,48.22333660130719,64.64224999999999,173,60.76261111111109,105.38632756955913,306,2308,185,10960.531777777778,19,
피커 2명 · DD→PD (strict),greedy:count:qty_desc:cells_asc,2026-07-15,63.59383333333332,187,63.62716666666665,0.08033273915626857,119,64.64224999999999,48.227015406162465,64.64224999999999,173,60.76261111111109,105.35360731135167,306,2308,185,10960.299999999997,19,
피커 2명 · DD→PD (strict),greedy:count_partial:none:none,2026-07-15,63.593833333333315,187,63.627166666666646,0.064349376114082,119,64.64224999999998,48.74945284780576,64.64224999999998,173,60.762611111111084,105.2458574350023,306,2308,185,10819.425444444441,19,
피커 2명 · DD→PD (strict),greedy:count_partial:time_asc:none,2026-07-15,63.593833333333315,187,62.71913888888887,0.064349376114082,119,63.624388888888866,47.599949346405225,63.624388888888866,171,59.92177777777775,103.93816705508631,306,2308,185,10675.29672222222,19,
피커 2명 · DD→PD (strict),greedy:count_partial:time_asc:demand_desc,2026-07-15,63.593833333333315,187,62.71913888888887,0.064349376114082,119,63.624388888888866,47.599949346405225,63.624388888888866,171,59.92177777777775,103.93816705508631,306,2308,185,10675.29672222222,19,
피커 2명 · DD→PD (strict),greedy:count_partial:time_asc:cells_asc,2026-07-15,63.593833333333315,187,62.71913888888887,0.064349376114082,119,63.624388888888866,47.599949346405225,63.624388888888866,171,59.92177777777775,103.93816705508631,306,2308,185,10675.29672222222,19,
피커 2명 · DD→PD (strict),greedy:count_partial:time_asc:qty_desc,2026-07-15,63.593833333333315,187,62.71913888888887,0.064349376114082,119,63.624388888888866,47.599949346405225,63.624388888888866,171,59.92177777777775,103.93816705508631,306,2308,185,10675.29672222222,19,
피커 2명 · DD→PD (strict),greedy:count_partial:demand_desc:none,2026-07-15,63.59383333333331,187,63.62716666666664,0.064349376114082,119,64.64224999999998,48.734337301587274,64.64224999999998,173,60.76261111111108,105.29439380247094,306,2308,185,10819.322138888885,19,
피커 2명 · DD→PD (strict),greedy:count_partial:demand_desc:time_asc,2026-07-15,63.59383333333331,187,62.719138888888864,0.064349376114082,119,63.62438888888886,47.602700280111996,63.62438888888886,171,59.92177777777774,104.10556311826613,306,2308,185,10676.091249999996,19,
피커 2명 · DD→PD (strict),greedy:count_partial:demand_desc:cells_asc,2026-07-15,63.59383333333331,187,63.62716666666664,0.064349376114082,119,64.64224999999998,48.734337301587274,64.64224999999998,173,60.76261111111108,105.27118400805115,306,2308,185,10819.322138888885,19,
피커 2명 · DD→PD (strict),greedy:count_partial:demand_desc:qty_desc,2026-07-15,63.59383333333331,187,63.62716666666664,0.064349376114082,119,64.64224999999998,48.734337301587274,64.64224999999998,173,60.76261111111108,105.29439380247094,306,2308,185,10819.322138888885,19,
피커 2명 · DD→PD (strict),greedy:count_partial:cells_asc:none,2026-07-15,63.593833333333315,187,63.627166666666646,0.064349376114082,119,64.64224999999998,48.74945284780576,64.64224999999998,173,60.762611111111084,105.2226476405825,306,2308,185,10819.425444444441,19,
피커 2명 · DD→PD (strict),greedy:count_partial:cells_asc:time_asc,2026-07-15,63.593833333333315,187,62.71913888888887,0.064349376114082,119,63.624388888888866,47.599949346405225,63.624388888888866,171,59.92177777777775,103.91458595105475,306,2308,185,10675.29672222222,19,
피커 2명 · DD→PD (strict),greedy:count_partial:cells_asc:demand_desc,2026-07-15,63.59383333333331,187,63.62716666666664,0.064349376114082,119,64.64224999999998,48.734337301587274,64.64224999999998,173,60.76261111111108,105.27118400805115,306,2308,185,10819.322138888885,19,
피커 2명 · DD→PD (strict),greedy:count_partial:cells_asc:qty_desc,2026-07-15,63.59383333333331,187,63.62716666666664,0.064349376114082,119,64.64224999999998,48.734337301587274,64.64224999999998,173,60.76261111111108,105.27118400805115,306,2308,185,10819.322138888885,19,
피커 2명 · DD→PD (strict),greedy:count_partial:qty_desc:none,2026-07-15,63.59383333333331,187,63.62716666666664,0.064349376114082,119,64.64224999999998,48.734337301587274,64.64224999999998,173,60.76261111111108,105.29439380247094,306,2308,185,10819.322138888885,19,
피커 2명 · DD→PD (strict),greedy:count_partial:qty_desc:time_asc,2026-07-15,63.59383333333331,187,62.719138888888864,0.064349376114082,119,63.62438888888886,47.602700280111996,63.62438888888886,171,59.92177777777774,104.10556311826613,306,2308,185,10676.091249999996,19,
피커 2명 · DD→PD (strict),greedy:count_partial:qty_desc:demand_desc,2026-07-15,63.59383333333331,187,63.62716666666664,0.064349376114082,119,64.64224999999998,48.734337301587274,64.64224999999998,173,60.76261111111108,105.29439380247094,306,2308,185,10819.322138888885,19,
피커 2명 · DD→PD (strict),greedy:count_partial:qty_desc:cells_asc,2026-07-15,63.59383333333331,187,63.62716666666664,0.064349376114082,119,64.64224999999998,48.734337301587274,64.64224999999998,173,60.76261111111108,105.29439380247094,306,2308,185,10819.322138888885,19,
피커 2명 · DD→PD (strict),greedy:count_ddweighted:none:none,2026-07-15,63.59383333333333,187,63.89105555555555,0.09041384432560903,119,65.1105,17.409559290382813,65.1105,180,57.92041666666666,109.02044345126104,306,2308,185,17337.999527777778,144,
피커 2명 · DD→PD (strict),greedy:count_ddweighted:time_asc:none,2026-07-15,63.593833333333315,187,63.89105555555554,0.09888755199049316,119,65.12716666666665,17.5522630718954,65.12716666666665,190,49.80269444444445,118.71058970953406,306,2308,185,16878.183722222217,154,
피커 2명 · DD→PD (strict),greedy:count_ddweighted:time_asc:demand_desc,2026-07-15,63.593833333333315,187,63.89105555555554,0.09888755199049316,119,65.12716666666665,17.5522630718954,65.12716666666665,190,49.80269444444445,118.71058970953406,306,2308,185,16878.183722222217,154,
피커 2명 · DD→PD (strict),greedy:count_ddweighted:time_asc:cells_asc,2026-07-15,63.593833333333315,187,63.89105555555554,0.09888755199049316,119,65.12716666666665,17.5522630718954,65.12716666666665,190,49.80269444444445,118.71058970953406,306,2308,185,16878.183722222217,154,
피커 2명 · DD→PD (strict),greedy:count_ddweighted:time_asc:qty_desc,2026-07-15,63.593833333333315,187,63.89105555555554,0.09888755199049316,119,65.12716666666665,17.5522630718954,65.12716666666665,190,49.80269444444445,118.71058970953406,306,2308,185,16878.183722222217,154,
피커 2명 · DD→PD (strict),greedy:count_ddweighted:demand_desc:none,2026-07-15,63.593833333333315,187,63.627166666666646,0.08033273915626857,119,64.64224999999998,48.23153898225956,64.64224999999998,173,60.762611111111084,105.38844692648125,306,2308,185,10958.491777777774,19,
피커 2명 · DD→PD (strict),greedy:count_ddweighted:demand_desc:time_asc,2026-07-15,63.593833333333315,187,62.71913888888887,0.08033273915626857,119,63.624388888888866,47.06807889822594,63.624388888888866,171,59.92177777777775,104.785417716302,306,2308,185,10799.236638888886,19,
피커 2명 · DD→PD (strict),greedy:count_ddweighted:demand_desc:cells_asc,2026-07-15,63.593833333333315,187,63.627166666666646,0.08033273915626857,119,64.64224999999998,48.235217787114834,64.64224999999998,173,60.762611111111084,105.35609622361707,306,2308,185,10958.491777777774,19,
피커 2명 · DD→PD (strict),greedy:count_ddweighted:demand_desc:qty_desc,2026-07-15,63.593833333333315,187,63.627166666666646,0.08033273915626857,119,64.64224999999998,48.21640966386553,64.64224999999998,173,60.762611111111084,105.30983262150957,306,2308,185,10957.337138888886,19,
피커 2명 · DD→PD (strict),greedy:count_ddweighted:cells_asc:none,2026-07-15,63.59383333333334,187,63.89105555555557,0.09690522875816994,119,65.1132777777778,14.072624883286649,65.1132777777778,184,50.24258333333334,102.0278992422607,306,2308,185,17861.62741666667,157,
피커 2명 · DD→PD (strict),greedy:count_ddweighted:cells_asc:time_asc,2026-07-15,63.593833333333315,187,63.89105555555554,0.09084967320261438,119,65.11327777777775,13.276521942110161,65.11327777777775,196,49.791916666666665,111.09900694430816,306,2308,185,17719.27152777777,159,
피커 2명 · DD→PD (strict),greedy:count_ddweighted:cells_asc:demand_desc,2026-07-15,63.593833333333336,187,63.89105555555556,0.09977317290552583,119,65.1105,15.794077264239032,65.1105,193,50.24747222222223,105.4446833545366,306,2308,185,17717.68494444445,160,
피커 2명 · DD→PD (strict),greedy:count_ddweighted:cells_asc:qty_desc,2026-07-15,63.593833333333336,187,63.89105555555556,0.09977317290552583,119,65.1105,15.780250933706817,65.1105,193,50.24747222222223,105.31513862331472,306,2308,185,17718.09627777778,160,
피커 2명 · DD→PD (strict),greedy:count_ddweighted:qty_desc:none,2026-07-15,63.593833333333315,187,63.627166666666646,0.08033273915626857,119,64.64224999999998,48.20949649859943,64.64224999999998,173,60.762611111111084,105.33140949697072,306,2308,185,10957.928027777773,19,
피커 2명 · DD→PD (strict),greedy:count_ddweighted:qty_desc:time_asc,2026-07-15,63.593833333333315,187,62.71913888888887,0.08033273915626857,119,63.624388888888866,47.039402427637704,63.624388888888866,171,59.92177777777775,104.72087922259021,306,2308,185,10795.233388888886,19,
피커 2명 · DD→PD (strict),greedy:count_ddweighted:qty_desc:demand_desc,2026-07-15,63.593833333333315,187,63.627166666666646,0.08033273915626857,119,64.64224999999998,48.20949649859943,64.64224999999998,173,60.762611111111084,105.3549888467338,306,2308,185,10958.159805555553,19,
피커 2명 · DD→PD (strict),greedy:count_ddweighted:qty_desc:cells_asc,2026-07-15,63.593833333333315,187,63.627166666666646,0.08033273915626857,119,64.64224999999998,48.2131753034547,64.64224999999998,173,60.762611111111084,105.32226858852633,306,2308,185,10957.928027777773,19,
피커 2명 · DD→PD (strict),search:genetic,2026-07-15,63.59383333333331,187,63.62716666666664,0.09700326797385624,119,64.63827777777774,28.868947712418283,64.63827777777774,173,53.30658333333329,114.32060380459117,306,2308,185,12914.537166666662,68,
피커 2명 · DD→PD (strict),sort:qty_desc,2026-07-16,54.82850000000002,206,54.85350000000002,0.09599514563106795,0,,,54.85350000000002,101,44.90905555555557,56.72780628806226,206,1508,161,3427.6063888888893,29,
피커 2명 · DD→PD (strict),sort:qty_asc,2026-07-16,54.82850000000002,206,55.70350000000002,0.213403451995685,0,,,55.70350000000002,153,52.798055555555564,79.61157687079309,206,1508,161,10929.402388888895,160,
피커 2명 · DD→PD (strict),sort:time_asc,2026-07-16,54.828500000000034,206,55.24794444444448,0.1297734627831715,0,,,55.24794444444448,154,44.12950000000002,90.23528527456527,206,1508,161,10135.47825000001,149,
피커 2명 · DD→PD (strict),sort:demand_desc,2026-07-16,54.82850000000002,206,54.85350000000002,0.09599514563106795,0,,,54.85350000000002,101,44.90905555555557,56.618589110590534,206,1508,161,3403.3902222222227,29,
피커 2명 · DD→PD (strict),sort:cells_asc,2026-07-16,54.82850000000002,206,55.70350000000002,0.21254045307443367,0,,,55.70350000000002,136,53.155027777777796,75.9283178894604,206,1508,161,10863.964361111119,160,
피커 2명 · DD→PD (strict),sort:code,2026-07-16,54.82850000000001,206,54.96622222222223,0.11613160733549077,0,,,54.96622222222223,132,37.697083333333325,80.72537376489807,206,1508,161,10141.269111111109,154,
피커 2명 · DD→PD (strict),sort:random,2026-07-16,54.828499999999984,206,54.85349999999998,0.15826860841423948,0,,,54.85349999999998,150,41.27752777777776,88.95088787001337,206,1508,161,10084.851944444441,146,
피커 2명 · DD→PD (strict),greedy:count:none:none,2026-07-16,54.82849999999999,206,55.17849999999999,0.09617259978425029,0,,,55.17849999999999,112,39.858583333333314,69.99441056450127,206,1508,161,9492.598055555556,141,
피커 2명 · DD→PD (strict),greedy:count:time_asc:none,2026-07-16,54.82850000000003,206,55.08683333333336,0.0886326860841424,0,,,55.08683333333336,118,34.58436111111113,73.93088185016988,206,1508,161,8907.512277777783,143,
피커 2명 · DD→PD (strict),greedy:count:time_asc:demand_desc,2026-07-16,54.82850000000003,206,55.08683333333336,0.0886326860841424,0,,,55.08683333333336,118,34.58436111111113,73.93088185016988,206,1508,161,8907.512277777783,143,
피커 2명 · DD→PD (strict),greedy:count:time_asc:cells_asc,2026-07-16,54.82850000000003,206,55.08683333333336,0.0886326860841424,0,,,55.08683333333336,118,34.58436111111113,73.93088185016988,206,1508,161,8907.512277777783,143,
피커 2명 · DD→PD (strict),greedy:count:time_asc:qty_desc,2026-07-16,54.82850000000003,206,55.08683333333336,0.0886326860841424,0,,,55.08683333333336,118,34.58436111111113,73.93088185016988,206,1508,161,8907.512277777783,143,
피커 2명 · DD→PD (strict),greedy:count:demand_desc:none,2026-07-16,54.82850000000002,206,54.85072222222224,0.09599514563106795,0,,,54.85072222222224,81,38.510638888888884,47.2679175702133,206,1508,161,3184.3403333333335,29,
피커 2명 · DD→PD (strict),greedy:count:demand_desc:time_asc,2026-07-16,54.82850000000002,206,54.845166666666685,0.08938781014023732,0,,,54.845166666666685,83,39.134,47.191592391915435,206,1508,161,3138.7397222222216,30,
피커 2명 · DD→PD (strict),greedy:count:demand_desc:cells_asc,2026-07-16,54.82850000000002,206,54.85072222222224,0.0893878101402374,0,,,54.85072222222224,81,38.510638888888884,47.11749313540894,206,1508,161,3167.8793333333338,30,
피커 2명 · DD→PD (strict),greedy:count:demand_desc:qty_desc,2026-07-16,54.82850000000002,206,54.85072222222224,0.09599514563106795,0,,,54.85072222222224,81,38.510638888888884,47.26524719111367,206,1508,161,3184.9775555555557,29,
피커 2명 · DD→PD (strict),greedy:count:cells_asc:none,2026-07-16,54.82850000000001,206,55.2173888888889,0.10271035598705501,0,,,55.2173888888889,117,41.40769444444444,62.757734328859776,206,1508,161,10094.249250000006,153,
피커 2명 · DD→PD (strict),greedy:count:cells_asc:time_asc,2026-07-16,54.82850000000002,206,55.217388888888905,0.10271035598705501,0,,,55.217388888888905,113,35.304194444444455,70.2705493337948,206,1508,161,10063.47397222223,155,
피커 2명 · DD→PD (strict),greedy:count:cells_asc:demand_desc,2026-07-16,54.82850000000002,206,55.217388888888905,0.10271035598705501,0,,,55.217388888888905,114,38.54847222222224,61.9721695963329,206,1508,161,10111.050388888896,155,
피커 2명 · DD→PD (strict),greedy:count:cells_asc:qty_desc,2026-07-16,54.82850000000002,206,55.217388888888905,0.10271035598705501,0,,,55.217388888888905,114,38.54847222222224,61.9803101478701,206,1508,161,10111.369000000008,155,
피커 2명 · DD→PD (strict),greedy:count:qty_desc:none,2026-07-16,54.82850000000002,206,54.85072222222224,0.09599514563106795,0,,,54.85072222222224,81,38.510638888888884,47.37509381523388,206,1508,161,3209.1937222222227,29,
피커 2명 · DD→PD (strict),greedy:count:qty_desc:time_asc,2026-07-16,54.82850000000002,206,54.845166666666685,0.08938781014023732,0,,,54.845166666666685,83,39.134,47.20411957703151,206,1508,161,3153.299305555555,30,
피커 2명 · DD→PD (strict),greedy:count:qty_desc:demand_desc,2026-07-16,54.82850000000002,206,54.85072222222224,0.09599514563106795,0,,,54.85072222222224,81,38.510638888888884,47.30058755430144,206,1508,161,3198.478444444445,29,
피커 2명 · DD→PD (strict),greedy:count:qty_desc:cells_asc,2026-07-16,54.82850000000002,206,54.85072222222224,0.08938781014023732,0,,,54.85072222222224,81,38.510638888888884,47.146557373396284,206,1508,161,3181.7280277777786,30,
피커 2명 · DD→PD (strict),greedy:count_partial:none:none,2026-07-16,54.82850000000002,206,54.86461111111113,0.08948422330097086,0,,,54.86461111111113,73,40.448055555555555,41.450846173864356,206,1508,161,2877.304361111111,21,
피커 2명 · DD→PD (strict),greedy:count_partial:time_asc:none,2026-07-16,54.82850000000002,206,54.86461111111113,0.08948422330097086,0,,,54.86461111111113,73,40.38036111111111,42.027806327292545,206,1508,161,2874.918,21,
피커 2명 · DD→PD (strict),greedy:count_partial:time_asc:demand_desc,2026-07-16,54.82850000000002,206,54.86461111111113,0.08948422330097086,0,,,54.86461111111113,73,40.38036111111111,42.027806327292545,206,1508,161,2874.918,21,
피커 2명 · DD→PD (strict),greedy:count_partial:time_asc:cells_asc,2026-07-16,54.82850000000002,206,54.86461111111113,0.08948422330097086,0,,,54.86461111111113,73,40.38036111111111,42.027806327292545,206,1508,161,2874.918,21,
피커 2명 · DD→PD (strict),greedy:count_partial:time_asc:qty_desc,2026-07-16,54.82850000000002,206,54.86461111111113,0.08948422330097086,0,,,54.86461111111113,73,40.38036111111111,42.027806327292545,206,1508,161,2874.918,21,
피커 2명 · DD→PD (strict),greedy:count_partial:demand_desc:none,2026-07-16,54.82850000000002,206,54.86461111111113,0.08948422330097086,0,,,54.86461111111113,73,40.448055555555555,42.12733061080661,206,1508,161,2883.6129444444446,21,
피커 2명 · DD→PD (strict),greedy:count_partial:demand_desc:time_asc,2026-07-16,54.82850000000002,206,54.86461111111113,0.08948422330097086,0,,,54.86461111111113,73,40.38036111111111,41.94747879375797,206,1508,161,2879.190694444445,21,
피커 2명 · DD→PD (strict),greedy:count_partial:demand_desc:cells_asc,2026-07-16,54.82850000000002,206,54.86461111111113,0.08948422330097086,0,,,54.86461111111113,73,40.448055555555555,42.11610955452969,206,1508,161,2883.6129444444446,21,
피커 2명 · DD→PD (strict),greedy:count_partial:demand_desc:qty_desc,2026-07-16,54.82850000000002,206,54.86461111111113,0.08948422330097086,0,,,54.86461111111113,73,40.448055555555555,42.12733061080661,206,1508,161,2883.6129444444446,21,
피커 2명 · DD→PD (strict),greedy:count_partial:cells_asc:none,2026-07-16,54.82850000000002,206,54.86461111111113,0.08948422330097086,0,,,54.86461111111113,73,40.448055555555555,41.43962511758744,206,1508,161,2877.304361111111,21,
피커 2명 · DD→PD (strict),greedy:count_partial:cells_asc:time_asc,2026-07-16,54.82850000000002,206,54.86461111111113,0.08948422330097086,0,,,54.86461111111113,73,40.38036111111111,42.00895132766214,206,1508,161,2874.918,21,
피커 2명 · DD→PD (strict),greedy:count_partial:cells_asc:demand_desc,2026-07-16,54.82850000000002,206,54.86461111111113,0.08948422330097086,0,,,54.86461111111113,73,40.448055555555555,42.11610955452969,206,1508,161,2883.6129444444446,21,
피커 2명 · DD→PD (strict),greedy:count_partial:cells_asc:qty_desc,2026-07-16,54.82850000000002,206,54.86461111111113,0.08948422330097086,0,,,54.86461111111113,73,40.448055555555555,42.11610955452969,206,1508,161,2883.6129444444446,21,
피커 2명 · DD→PD (strict),greedy:count_partial:qty_desc:none,2026-07-16,54.82850000000002,206,54.86461111111113,0.08948422330097086,0,,,54.86461111111113,73,40.448055555555555,42.12733061080661,206,1508,161,2883.6129444444446,21,
피커 2명 · DD→PD (strict),greedy:count_partial:qty_desc:time_asc,2026-07-16,54.82850000000002,206,54.86461111111113,0.08948422330097086,0,,,54.86461111111113,73,40.38036111111111,41.94861188602652,206,1508,161,2879.190694444445,21,
피커 2명 · DD→PD (strict),greedy:count_partial:qty_desc:demand_desc,2026-07-16,54.82850000000002,206,54.86461111111113,0.08948422330097086,0,,,54.86461111111113,73,40.448055555555555,42.12733061080661,206,1508,161,2883.6129444444446,21,
피커 2명 · DD→PD (strict),greedy:count_partial:qty_desc:cells_asc,2026-07-16,54.82850000000002,206,54.86461111111113,0.08948422330097086,0,,,54.86461111111113,73,40.448055555555555,42.117437064774606,206,1508,161,2883.6129444444446,21,
피커 2명 · DD→PD (strict),greedy:count_ddweighted:none:none,2026-07-16,54.82849999999999,206,55.17849999999999,0.09617259978425029,0,,,55.17849999999999,112,39.858583333333314,69.99441056450127,206,1508,161,9492.598055555556,141,
피커 2명 · DD→PD (strict),greedy:count_ddweighted:time_asc:none,2026-07-16,54.82850000000003,206,55.08683333333336,0.0886326860841424,0,,,55.08683333333336,118,34.58436111111113,73.93088185016988,206,1508,161,8907.512277777783,143,
피커 2명 · DD→PD (strict),greedy:count_ddweighted:time_asc:demand_desc,2026-07-16,54.82850000000003,206,55.08683333333336,0.0886326860841424,0,,,55.08683333333336,118,34.58436111111113,73.93088185016988,206,1508,161,8907.512277777783,143,
피커 2명 · DD→PD (strict),greedy:count_ddweighted:time_asc:cells_asc,2026-07-16,54.82850000000003,206,55.08683333333336,0.0886326860841424,0,,,55.08683333333336,118,34.58436111111113,73.93088185016988,206,1508,161,8907.512277777783,143,
피커 2명 · DD→PD (strict),greedy:count_ddweighted:time_asc:qty_desc,2026-07-16,54.82850000000003,206,55.08683333333336,0.0886326860841424,0,,,55.08683333333336,118,34.58436111111113,73.93088185016988,206,1508,161,8907.512277777783,143,
피커 2명 · DD→PD (strict),greedy:count_ddweighted:demand_desc:none,2026-07-16,54.82850000000002,206,54.85072222222224,0.09599514563106795,0,,,54.85072222222224,81,38.510638888888884,47.2679175702133,206,1508,161,3184.3403333333335,29,
피커 2명 · DD→PD (strict),greedy:count_ddweighted:demand_desc:time_asc,2026-07-16,54.82850000000002,206,54.845166666666685,0.08938781014023732,0,,,54.845166666666685,83,39.134,47.191592391915435,206,1508,161,3138.7397222222216,30,
피커 2명 · DD→PD (strict),greedy:count_ddweighted:demand_desc:cells_asc,2026-07-16,54.82850000000002,206,54.85072222222224,0.0893878101402374,0,,,54.85072222222224,81,38.510638888888884,47.11749313540894,206,1508,161,3167.8793333333338,30,
피커 2명 · DD→PD (strict),greedy:count_ddweighted:demand_desc:qty_desc,2026-07-16,54.82850000000002,206,54.85072222222224,0.09599514563106795,0,,,54.85072222222224,81,38.510638888888884,47.26524719111367,206,1508,161,3184.9775555555557,29,
피커 2명 · DD→PD (strict),greedy:count_ddweighted:cells_asc:none,2026-07-16,54.82850000000001,206,55.2173888888889,0.10271035598705501,0,,,55.2173888888889,117,41.40769444444444,62.757734328859776,206,1508,161,10094.249250000006,153,
피커 2명 · DD→PD (strict),greedy:count_ddweighted:cells_asc:time_asc,2026-07-16,54.82850000000002,206,55.217388888888905,0.10271035598705501,0,,,55.217388888888905,113,35.304194444444455,70.2705493337948,206,1508,161,10063.47397222223,155,
피커 2명 · DD→PD (strict),greedy:count_ddweighted:cells_asc:demand_desc,2026-07-16,54.82850000000002,206,55.217388888888905,0.10271035598705501,0,,,55.217388888888905,114,38.54847222222224,61.9721695963329,206,1508,161,10111.050388888896,155,
피커 2명 · DD→PD (strict),greedy:count_ddweighted:cells_asc:qty_desc,2026-07-16,54.82850000000002,206,55.217388888888905,0.10271035598705501,0,,,55.217388888888905,114,38.54847222222224,61.9803101478701,206,1508,161,10111.369000000008,155,
피커 2명 · DD→PD (strict),greedy:count_ddweighted:qty_desc:none,2026-07-16,54.82850000000002,206,54.85072222222224,0.09599514563106795,0,,,54.85072222222224,81,38.510638888888884,47.37509381523388,206,1508,161,3209.1937222222227,29,
피커 2명 · DD→PD (strict),greedy:count_ddweighted:qty_desc:time_asc,2026-07-16,54.82850000000002,206,54.845166666666685,0.08938781014023732,0,,,54.845166666666685,83,39.134,47.20411957703151,206,1508,161,3153.299305555555,30,
피커 2명 · DD→PD (strict),greedy:count_ddweighted:qty_desc:demand_desc,2026-07-16,54.82850000000002,206,54.85072222222224,0.09599514563106795,0,,,54.85072222222224,81,38.510638888888884,47.30058755430144,206,1508,161,3198.478444444445,29,
피커 2명 · DD→PD (strict),greedy:count_ddweighted:qty_desc:cells_asc,2026-07-16,54.82850000000002,206,54.85072222222224,0.08938781014023732,0,,,54.85072222222224,81,38.510638888888884,47.146557373396284,206,1508,161,3181.7280277777786,30,
피커 2명 · DD→PD (strict),search:genetic,2026-07-16,54.82850000000002,206,54.85072222222224,0.1218331984897519,0,,,54.85072222222224,73,40.448055555555555,43.055615088629445,206,1508,161,3077.025777777778,34,
피커 2명 · DD→PD (strict),sort:qty_desc,2026-07-17,57.35286111111112,108,57.375083333333336,0.021733539094650207,0,,,57.375083333333336,112,45.86150000000001,60.579391073264,108,855,170,2718.7417777777773,37,
피커 2명 · DD→PD (strict),sort:qty_asc,2026-07-17,57.352861111111125,108,57.763972222222236,0.0864454732510288,0,,,57.763972222222236,145,50.55230555555558,81.89436466309498,108,855,170,5854.10352777778,168,
피커 2명 · DD→PD (strict),sort:time_asc,2026-07-17,57.35286111111113,108,57.43619444444447,0.03693415637860082,0,,,57.43619444444447,140,44.56825000000002,89.73873375431579,108,855,170,5344.131861111114,154,
피커 2명 · DD→PD (strict),sort:demand_desc,2026-07-17,57.35286111111112,108,57.375083333333336,0.021733539094650207,0,,,57.375083333333336,114,45.65733333333334,61.35476830583156,108,855,170,2710.960305555556,37,
피커 2명 · DD→PD (strict),sort:cells_asc,2026-07-17,57.35286111111113,108,57.76397222222224,0.08289609053497943,0,,,57.76397222222224,145,55.247666666666696,80.28621502349363,108,855,170,5830.502750000003,167,
피커 2명 · DD→PD (strict),sort:code,2026-07-17,57.352861111111146,108,57.47230555555559,0.02962962962962963,0,,,57.47230555555559,129,43.99830555555557,72.0137061183575,108,855,170,5213.218250000003,157,
피커 2명 · DD→PD (strict),sort:random,2026-07-17,57.35286111111112,108,57.377861111111116,0.0393261316872428,0,,,57.377861111111116,135,45.29613888888888,78.16707954045381,108,855,170,5233.154861111111,141,
피커 2명 · DD→PD (strict),greedy:count:none:none,2026-07-17,57.352861111111125,108,57.48619444444446,0.025334362139917698,0,,,57.48619444444446,110,44.82366666666666,64.65408844539002,108,855,170,4786.819194444445,136,
피커 2명 · DD→PD (strict),greedy:count:time_asc:none,2026-07-17,57.35286111111113,108,57.37508333333336,0.025334362139917698,0,,,57.37508333333336,131,39.544416666666685,79.80529778944887,108,855,170,5019.305305555557,153,
피커 2명 · DD→PD (strict),greedy:count:time_asc:demand_desc,2026-07-17,57.35286111111113,108,57.37508333333336,0.025334362139917698,0,,,57.37508333333336,131,39.544416666666685,79.80529778944887,108,855,170,5019.305305555557,153,
피커 2명 · DD→PD (strict),greedy:count:time_asc:cells_asc,2026-07-17,57.35286111111113,108,57.37508333333336,0.025334362139917698,0,,,57.37508333333336,131,39.544416666666685,79.80529778944887,108,855,170,5019.305305555557,153,
피커 2명 · DD→PD (strict),greedy:count:time_asc:qty_desc,2026-07-17,57.35286111111113,108,57.37508333333336,0.025334362139917698,0,,,57.37508333333336,131,39.544416666666685,79.80529778944887,108,855,170,5019.305305555557,153,
피커 2명 · DD→PD (strict),greedy:count:demand_desc:none,2026-07-17,57.35286111111112,108,57.37230555555556,0.021733539094650207,0,,,57.37230555555556,96,42.86147222222221,51.23873500716325,108,855,170,2414.808277777778,35,
피커 2명 · DD→PD (strict),greedy:count:demand_desc:time_asc,2026-07-17,57.352861111111125,108,57.37786111111112,0.021733539094650207,0,,,57.37786111111112,92,39.52986111111112,50.22431415910995,108,855,170,2371.396666666667,34,
피커 2명 · DD→PD (strict),greedy:count:demand_desc:cells_asc,2026-07-17,57.35286111111112,108,57.37230555555556,0.021733539094650207,0,,,57.37230555555556,96,42.86147222222221,51.17874816682265,108,855,170,2409.7136111111113,35,
피커 2명 · DD→PD (strict),greedy:count:demand_desc:qty_desc,2026-07-17,57.35286111111112,108,57.37230555555556,0.021733539094650207,0,,,57.37230555555556,97,43.289555555555545,51.52715620147739,108,855,170,2422.513777777778,35,
피커 2명 · DD→PD (strict),greedy:count:cells_asc:none,2026-07-17,57.35286111111113,108,57.486194444444465,0.025334362139917698,0,,,57.486194444444465,115,43.886944444444445,63.98770960950529,108,855,170,5040.059416666669,136,
피커 2명 · DD→PD (strict),greedy:count:cells_asc:time_asc,2026-07-17,57.35286111111113,108,57.37508333333336,0.020884773662551443,0,,,57.37508333333336,125,41.81205555555557,79.46731377296476,108,855,170,5069.21363888889,152,
피커 2명 · DD→PD (strict),greedy:count:cells_asc:demand_desc,2026-07-17,57.35286111111111,108,57.37230555555555,0.02101337448559671,0,,,57.37230555555555,100,41.3581111111111,51.83744286224043,108,855,170,3014.179638888889,80,
피커 2명 · DD→PD (strict),greedy:count:cells_asc:qty_desc,2026-07-17,57.35286111111111,108,57.37230555555555,0.02101337448559671,0,,,57.37230555555555,101,41.78619444444443,52.152305869605094,108,855,170,3032.6186666666663,80,
피커 2명 · DD→PD (strict),greedy:count:qty_desc:none,2026-07-17,57.35286111111112,108,57.37230555555556,0.021733539094650207,0,,,57.37230555555556,97,43.289555555555545,51.55411268406214,108,855,170,2425.1137222222223,35,
피커 2명 · DD→PD (strict),greedy:count:qty_desc:time_asc,2026-07-17,57.352861111111125,108,57.37786111111112,0.021733539094650207,0,,,57.37786111111112,93,39.95794444444446,50.265064003102246,108,855,170,2381.004722222223,34,
피커 2명 · DD→PD (strict),greedy:count:qty_desc:demand_desc,2026-07-17,57.35286111111112,108,57.37230555555556,0.021733539094650207,0,,,57.37230555555556,97,43.289555555555545,51.54182016778323,108,855,170,2424.8051111111113,35,
피커 2명 · DD→PD (strict),greedy:count:qty_desc:cells_asc,2026-07-17,57.35286111111112,108,57.37230555555556,0.021733539094650207,0,,,57.37230555555556,97,43.289555555555545,51.49412584372154,108,855,170,2420.0190555555555,35,
피커 2명 · DD→PD (strict),greedy:count_partial:none:none,2026-07-17,57.352861111111125,108,57.37786111111112,0.021733539094650207,0,,,57.37786111111112,84,40.47208333333336,46.33534614347481,108,855,170,2179.1425833333337,35,
피커 2명 · DD→PD (strict),greedy:count_partial:time_asc:none,2026-07-17,57.352861111111125,108,57.40008333333335,0.021733539094650207,0,,,57.40008333333335,87,41.2861388888889,46.62392282628316,108,855,170,2172.369944444445,35,
피커 2명 · DD→PD (strict),greedy:count_partial:time_asc:demand_desc,2026-07-17,57.352861111111125,108,57.40008333333335,0.021733539094650207,0,,,57.40008333333335,87,41.2861388888889,46.62392282628316,108,855,170,2172.369944444445,35,
피커 2명 · DD→PD (strict),greedy:count_partial:time_asc:cells_asc,2026-07-17,57.352861111111125,108,57.40008333333335,0.021733539094650207,0,,,57.40008333333335,87,41.2861388888889,46.62392282628316,108,855,170,2172.369944444445,35,
피커 2명 · DD→PD (strict),greedy:count_partial:time_asc:qty_desc,2026-07-17,57.352861111111125,108,57.40008333333335,0.021733539094650207,0,,,57.40008333333335,87,41.2861388888889,46.62392282628316,108,855,170,2172.369944444445,35,
피커 2명 · DD→PD (strict),greedy:count_partial:demand_desc:none,2026-07-17,57.352861111111125,108,57.37786111111112,0.021733539094650207,0,,,57.37786111111112,84,40.47208333333336,46.24587929045416,108,855,170,2180.384527777778,35,
피커 2명 · DD→PD (strict),greedy:count_partial:demand_desc:time_asc,2026-07-17,57.352861111111125,108,57.40008333333335,0.021733539094650207,0,,,57.40008333333335,84,40.47208333333336,46.25436325828021,108,855,170,2177.1623611111113,35,
피커 2명 · DD→PD (strict),greedy:count_partial:demand_desc:cells_asc,2026-07-17,57.352861111111125,108,57.37786111111112,0.021733539094650207,0,,,57.37786111111112,84,40.47208333333336,46.24587929045416,108,855,170,2180.384527777778,35,
피커 2명 · DD→PD (strict),greedy:count_partial:demand_desc:qty_desc,2026-07-17,57.352861111111125,108,57.37786111111112,0.021733539094650207,0,,,57.37786111111112,84,40.47208333333336,46.247830294591935,108,855,170,2180.384527777778,35,
피커 2명 · DD→PD (strict),greedy:count_partial:cells_asc:none,2026-07-17,57.352861111111125,108,57.37786111111112,0.021733539094650207,0,,,57.37786111111112,84,40.47208333333336,46.33534614347481,108,855,170,2179.1425833333337,35,
피커 2명 · DD→PD (strict),greedy:count_partial:cells_asc:time_asc,2026-07-17,57.352861111111125,108,57.40008333333335,0.021733539094650207,0,,,57.40008333333335,87,41.2861388888889,46.62392282628316,108,855,170,2172.369944444445,35,
피커 2명 · DD→PD (strict),greedy:count_partial:cells_asc:demand_desc,2026-07-17,57.352861111111125,108,57.37786111111112,0.021733539094650207,0,,,57.37786111111112,84,40.47208333333336,46.24587929045416,108,855,170,2180.384527777778,35,
피커 2명 · DD→PD (strict),greedy:count_partial:cells_asc:qty_desc,2026-07-17,57.352861111111125,108,57.37786111111112,0.021733539094650207,0,,,57.37786111111112,84,40.47208333333336,46.247830294591935,108,855,170,2180.384527777778,35,
피커 2명 · DD→PD (strict),greedy:count_partial:qty_desc:none,2026-07-17,57.352861111111125,108,57.37786111111112,0.021733539094650207,0,,,57.37786111111112,84,40.47208333333336,46.247830294591935,108,855,170,2180.384527777778,35,
피커 2명 · DD→PD (strict),greedy:count_partial:qty_desc:time_asc,2026-07-17,57.352861111111125,108,57.40008333333335,0.021733539094650207,0,,,57.40008333333335,84,40.47208333333336,46.19625794194065,108,855,170,2176.799527777778,35,
피커 2명 · DD→PD (strict),greedy:count_partial:qty_desc:demand_desc,2026-07-17,57.352861111111125,108,57.37786111111112,0.021733539094650207,0,,,57.37786111111112,84,40.47208333333336,46.247830294591935,108,855,170,2180.384527777778,35,
피커 2명 · DD→PD (strict),greedy:count_partial:qty_desc:cells_asc,2026-07-17,57.352861111111125,108,57.37786111111112,0.021733539094650207,0,,,57.37786111111112,84,40.47208333333336,46.247830294591935,108,855,170,2180.384527777778,35,
피커 2명 · DD→PD (strict),greedy:count_ddweighted:none:none,2026-07-17,57.352861111111125,108,57.48619444444446,0.025334362139917698,0,,,57.48619444444446,110,44.82366666666666,64.65408844539002,108,855,170,4786.819194444445,136,
피커 2명 · DD→PD (strict),greedy:count_ddweighted:time_asc:none,2026-07-17,57.35286111111113,108,57.37508333333336,0.025334362139917698,0,,,57.37508333333336,131,39.544416666666685,79.80529778944887,108,855,170,5019.305305555557,153,
피커 2명 · DD→PD (strict),greedy:count_ddweighted:time_asc:demand_desc,2026-07-17,57.35286111111113,108,57.37508333333336,0.025334362139917698,0,,,57.37508333333336,131,39.544416666666685,79.80529778944887,108,855,170,5019.305305555557,153,
피커 2명 · DD→PD (strict),greedy:count_ddweighted:time_asc:cells_asc,2026-07-17,57.35286111111113,108,57.37508333333336,0.025334362139917698,0,,,57.37508333333336,131,39.544416666666685,79.80529778944887,108,855,170,5019.305305555557,153,
피커 2명 · DD→PD (strict),greedy:count_ddweighted:time_asc:qty_desc,2026-07-17,57.35286111111113,108,57.37508333333336,0.025334362139917698,0,,,57.37508333333336,131,39.544416666666685,79.80529778944887,108,855,170,5019.305305555557,153,
피커 2명 · DD→PD (strict),greedy:count_ddweighted:demand_desc:none,2026-07-17,57.35286111111112,108,57.37230555555556,0.021733539094650207,0,,,57.37230555555556,96,42.86147222222221,51.23873500716325,108,855,170,2414.808277777778,35,
피커 2명 · DD→PD (strict),greedy:count_ddweighted:demand_desc:time_asc,2026-07-17,57.352861111111125,108,57.37786111111112,0.021733539094650207,0,,,57.37786111111112,92,39.52986111111112,50.22431415910995,108,855,170,2371.396666666667,34,
피커 2명 · DD→PD (strict),greedy:count_ddweighted:demand_desc:cells_asc,2026-07-17,57.35286111111112,108,57.37230555555556,0.021733539094650207,0,,,57.37230555555556,96,42.86147222222221,51.17874816682265,108,855,170,2409.7136111111113,35,
피커 2명 · DD→PD (strict),greedy:count_ddweighted:demand_desc:qty_desc,2026-07-17,57.35286111111112,108,57.37230555555556,0.021733539094650207,0,,,57.37230555555556,97,43.289555555555545,51.52715620147739,108,855,170,2422.513777777778,35,
피커 2명 · DD→PD (strict),greedy:count_ddweighted:cells_asc:none,2026-07-17,57.35286111111113,108,57.486194444444465,0.025334362139917698,0,,,57.486194444444465,115,43.886944444444445,63.98770960950529,108,855,170,5040.059416666669,136,
피커 2명 · DD→PD (strict),greedy:count_ddweighted:cells_asc:time_asc,2026-07-17,57.35286111111113,108,57.37508333333336,0.020884773662551443,0,,,57.37508333333336,125,41.81205555555557,79.46731377296476,108,855,170,5069.21363888889,152,
피커 2명 · DD→PD (strict),greedy:count_ddweighted:cells_asc:demand_desc,2026-07-17,57.35286111111111,108,57.37230555555555,0.02101337448559671,0,,,57.37230555555555,100,41.3581111111111,51.83744286224043,108,855,170,3014.179638888889,80,
피커 2명 · DD→PD (strict),greedy:count_ddweighted:cells_asc:qty_desc,2026-07-17,57.35286111111111,108,57.37230555555555,0.02101337448559671,0,,,57.37230555555555,101,41.78619444444443,52.152305869605094,108,855,170,3032.6186666666663,80,
피커 2명 · DD→PD (strict),greedy:count_ddweighted:qty_desc:none,2026-07-17,57.35286111111112,108,57.37230555555556,0.021733539094650207,0,,,57.37230555555556,97,43.289555555555545,51.55411268406214,108,855,170,2425.1137222222223,35,
피커 2명 · DD→PD (strict),greedy:count_ddweighted:qty_desc:time_asc,2026-07-17,57.352861111111125,108,57.37786111111112,0.021733539094650207,0,,,57.37786111111112,93,39.95794444444446,50.265064003102246,108,855,170,2381.004722222223,34,
피커 2명 · DD→PD (strict),greedy:count_ddweighted:qty_desc:demand_desc,2026-07-17,57.35286111111112,108,57.37230555555556,0.021733539094650207,0,,,57.37230555555556,97,43.289555555555545,51.54182016778323,108,855,170,2424.8051111111113,35,
피커 2명 · DD→PD (strict),greedy:count_ddweighted:qty_desc:cells_asc,2026-07-17,57.35286111111112,108,57.37230555555556,0.021733539094650207,0,,,57.37230555555556,97,43.289555555555545,51.49412584372154,108,855,170,2420.0190555555555,35,
피커 2명 · DD→PD (strict),search:genetic,2026-07-17,57.352861111111125,108,57.37786111111112,0.021733539094650207,0,,,57.37786111111112,84,40.47208333333336,46.33534614347481,108,855,170,2179.1425833333337,35,
피커 2명 · DD→PD (strict),sort:qty_desc,2026-07-19,64.24394444444447,343,64.27450000000003,0.145578231292517,0,,,64.27450000000003,125,49.75722222222224,73.2656820875049,343,2546,186,6362.710166666669,26,
피커 2명 · DD→PD (strict),sort:qty_asc,2026-07-19,64.24394444444445,343,65.71555555555557,0.39696080336896544,0,,,65.71555555555557,193,61.02508333333335,94.61650674624643,343,2546,186,21125.70163888889,185,
피커 2명 · DD→PD (strict),sort:time_asc,2026-07-19,64.24394444444445,343,65.10505555555557,0.24848234531908,0,,,65.10505555555557,210,55.10975000000002,117.91662065840596,343,2546,186,20567.736222222225,182,
피커 2명 · DD→PD (strict),sort:demand_desc,2026-07-19,64.24394444444447,343,64.27450000000003,0.145578231292517,0,,,64.27450000000003,125,49.75722222222224,72.85629820362492,343,2546,186,6356.1424166666675,26,
피커 2명 · DD→PD (strict),sort:cells_asc,2026-07-19,64.24394444444442,343,65.6467222222222,0.3508033689666343,0,,,65.6467222222222,196,61.95955555555554,93.41316863582087,343,2546,186,21203.695333333326,184,
피커 2명 · DD→PD (strict),sort:code,2026-07-19,64.24394444444445,343,64.71836111111112,0.2687431972789119,0,,,64.71836111111112,180,56.70527777777779,109.82638835535683,343,2546,186,19066.695361111113,182,
피커 2명 · DD→PD (strict),sort:random,2026-07-19,64.24394444444447,343,64.31338888888891,0.17256948493683183,0,,,64.31338888888891,201,57.20833333333334,115.8308758933037,343,2546,186,18579.84216666667,177,
피커 2명 · DD→PD (strict),greedy:count:none:none,2026-07-19,64.24394444444447,343,64.66061111111114,0.15848242630385487,0,,,64.66061111111114,148,42.56125000000001,92.67815800620507,343,2546,186,16076.502055555557,121,
피커 2명 · DD→PD (strict),greedy:count:time_asc:none,2026-07-19,64.24394444444447,343,64.69394444444447,0.14620181405895694,0,,,64.69394444444447,171,47.09308333333334,104.46956996662063,343,2546,186,17367.418472222227,148,
피커 2명 · DD→PD (strict),greedy:count:time_asc:demand_desc,2026-07-19,64.24394444444447,343,64.69394444444447,0.14620181405895694,0,,,64.69394444444447,171,47.09308333333334,104.46956996662063,343,2546,186,17367.418472222227,148,
피커 2명 · DD→PD (strict),greedy:count:time_asc:cells_asc,2026-07-19,64.24394444444447,343,64.69394444444447,0.14620181405895694,0,,,64.69394444444447,171,47.09308333333334,104.46956996662063,343,2546,186,17367.418472222227,148,
피커 2명 · DD→PD (strict),greedy:count:time_asc:qty_desc,2026-07-19,64.24394444444447,343,64.69394444444447,0.14620181405895694,0,,,64.69394444444447,171,47.09308333333334,104.46956996662063,343,2546,186,17367.418472222227,148,
피커 2명 · DD→PD (strict),greedy:count:demand_desc:none,2026-07-19,64.24394444444444,343,64.3245,0.14547295108519606,0,,,64.3245,102,42.95880555555555,64.05877750053764,343,2546,186,5813.602027777778,26,
피커 2명 · DD→PD (strict),greedy:count:demand_desc:time_asc,2026-07-19,64.24394444444444,343,64.26338888888888,0.14547295108519598,0,,,64.26338888888888,107,47.436166666666665,64.82023201390805,343,2546,186,5817.409972222221,26,
피커 2명 · DD→PD (strict),greedy:count:demand_desc:cells_asc,2026-07-19,64.24394444444445,343,64.3245,0.14547295108519598,0,,,64.3245,102,42.95880555555556,64.05834393496171,343,2546,186,5813.602027777778,26,
피커 2명 · DD→PD (strict),greedy:count:demand_desc:qty_desc,2026-07-19,64.24394444444444,343,64.3245,0.14547295108519598,0,,,64.3245,102,42.95880555555555,64.13250178565106,343,2546,186,5828.127388888888,26,
피커 2명 · DD→PD (strict),greedy:count:cells_asc:none,2026-07-19,64.24394444444444,343,64.69394444444444,0.15786362163913184,0,,,64.69394444444444,163,49.21705555555556,89.8428965960235,343,2546,186,18352.037638888887,150,
피커 2명 · DD→PD (strict),greedy:count:cells_asc:time_asc,2026-07-19,64.24394444444445,343,64.69394444444445,0.1581780045351474,0,,,64.69394444444445,161,52.68111111111113,97.08395213015815,343,2546,186,19319.392916666668,174,
피커 2명 · DD→PD (strict),greedy:count:cells_asc:demand_desc,2026-07-19,64.24394444444444,343,64.69394444444444,0.2135806608357629,0,,,64.69394444444444,147,41.895472222222224,86.77889653075893,343,2546,186,16858.023666666664,142,
피커 2명 · DD→PD (strict),greedy:count:cells_asc:qty_desc,2026-07-19,64.24394444444444,343,64.69394444444444,0.2135806608357629,0,,,64.69394444444444,147,41.895472222222224,86.91629561757024,343,2546,186,16879.633444444444,142,
피커 2명 · DD→PD (strict),greedy:count:qty_desc:none,2026-07-19,64.24394444444445,343,64.32450000000001,0.14547295108519598,0,,,64.32450000000001,102,42.958805555555564,64.19212741645875,343,2546,186,5824.022027777778,26,
피커 2명 · DD→PD (strict),greedy:count:qty_desc:time_asc,2026-07-19,64.24394444444445,343,64.28005555555556,0.14547295108519598,0,,,64.28005555555556,107,47.43616666666667,65.07853740705819,343,2546,186,5816.926194444443,26,
피커 2명 · DD→PD (strict),greedy:count:qty_desc:demand_desc,2026-07-19,64.24394444444444,343,64.3245,0.14547295108519598,0,,,64.3245,102,42.95880555555555,64.10370335823313,343,2546,186,5828.127388888888,26,
피커 2명 · DD→PD (strict),greedy:count:qty_desc:cells_asc,2026-07-19,64.24394444444445,343,64.32450000000001,0.14547295108519598,0,,,64.32450000000001,102,42.958805555555564,64.19169385088281,343,2546,186,5824.022027777778,26,
피커 2명 · DD→PD (strict),greedy:count_partial:none:none,2026-07-19,64.24394444444447,343,64.28005555555558,0.14547295108519598,0,,,64.28005555555558,116,49.71547222222225,67.12082415402739,343,2546,186,5735.631972222223,22,
피커 2명 · DD→PD (strict),greedy:count_partial:time_asc:none,2026-07-19,64.24394444444447,343,64.28005555555558,0.14547295108519598,0,,,64.28005555555558,116,51.22438888888891,66.54448070552384,343,2546,186,5724.87488888889,22,
피커 2명 · DD→PD (strict),greedy:count_partial:time_asc:demand_desc,2026-07-19,64.24394444444447,343,64.28005555555558,0.14547295108519598,0,,,64.28005555555558,116,51.22438888888891,66.54448070552384,343,2546,186,5724.87488888889,22,
피커 2명 · DD→PD (strict),greedy:count_partial:time_asc:cells_asc,2026-07-19,64.24394444444447,343,64.28005555555558,0.14547295108519598,0,,,64.28005555555558,116,51.22438888888891,66.54448070552384,343,2546,186,5724.87488888889,22,
피커 2명 · DD→PD (strict),greedy:count_partial:time_asc:qty_desc,2026-07-19,64.24394444444447,343,64.28005555555558,0.14547295108519598,0,,,64.28005555555558,116,51.22438888888891,66.54448070552384,343,2546,186,5724.87488888889,22,
피커 2명 · DD→PD (strict),greedy:count_partial:demand_desc:none,2026-07-19,64.24394444444447,343,64.28005555555558,0.14547295108519598,0,,,64.28005555555558,116,49.71547222222225,67.1916111875033,343,2546,186,5736.90138888889,22,
피커 2명 · DD→PD (strict),greedy:count_partial:demand_desc:time_asc,2026-07-19,64.24394444444447,343,64.28005555555558,0.14547295108519598,0,,,64.28005555555558,116,49.49819444444447,66.56201292780464,343,2546,186,5726.695416666667,22,
피커 2명 · DD→PD (strict),greedy:count_partial:demand_desc:cells_asc,2026-07-19,64.24394444444447,343,64.28005555555558,0.14547295108519598,0,,,64.28005555555558,116,49.71547222222225,67.1916111875033,343,2546,186,5736.90138888889,22,
피커 2명 · DD→PD (strict),greedy:count_partial:demand_desc:qty_desc,2026-07-19,64.24394444444447,343,64.28005555555558,0.14547295108519598,0,,,64.28005555555558,116,49.71547222222225,67.189471678186,343,2546,186,5736.90138888889,22,
피커 2명 · DD→PD (strict),greedy:count_partial:cells_asc:none,2026-07-19,64.24394444444447,343,64.28005555555558,0.14547295108519598,0,,,64.28005555555558,116,49.71547222222225,67.12082415402739,343,2546,186,5735.631972222223,22,
피커 2명 · DD→PD (strict),greedy:count_partial:cells_asc:time_asc,2026-07-19,64.24394444444447,343,64.28005555555558,0.14547295108519598,0,,,64.28005555555558,116,51.22438888888891,66.54448070552384,343,2546,186,5724.87488888889,22,
피커 2명 · DD→PD (strict),greedy:count_partial:cells_asc:demand_desc,2026-07-19,64.24394444444447,343,64.28005555555558,0.14547295108519598,0,,,64.28005555555558,116,49.71547222222225,67.1916111875033,343,2546,186,5736.90138888889,22,
피커 2명 · DD→PD (strict),greedy:count_partial:cells_asc:qty_desc,2026-07-19,64.24394444444447,343,64.28005555555558,0.14547295108519598,0,,,64.28005555555558,116,49.71547222222225,67.189471678186,343,2546,186,5736.90138888889,22,
피커 2명 · DD→PD (strict),greedy:count_partial:qty_desc:none,2026-07-19,64.24394444444447,343,64.28005555555558,0.14547295108519598,0,,,64.28005555555558,116,49.71547222222225,67.189471678186,343,2546,186,5736.90138888889,22,
피커 2명 · DD→PD (strict),greedy:count_partial:qty_desc:time_asc,2026-07-19,64.24394444444447,343,64.28005555555558,0.14547295108519598,0,,,64.28005555555558,116,49.49819444444447,66.85703272399165,343,2546,186,5726.807833333335,22,
피커 2명 · DD→PD (strict),greedy:count_partial:qty_desc:demand_desc,2026-07-19,64.24394444444447,343,64.28005555555558,0.14547295108519598,0,,,64.28005555555558,116,49.71547222222225,67.189471678186,343,2546,186,5736.90138888889,22,
피커 2명 · DD→PD (strict),greedy:count_partial:qty_desc:cells_asc,2026-07-19,64.24394444444447,343,64.28005555555558,0.14547295108519598,0,,,64.28005555555558,116,49.71547222222225,67.189471678186,343,2546,186,5736.90138888889,22,
피커 2명 · DD→PD (strict),greedy:count_ddweighted:none:none,2026-07-19,64.24394444444447,343,64.66061111111114,0.15848242630385487,0,,,64.66061111111114,148,42.56125000000001,92.67815800620507,343,2546,186,16076.502055555557,121,
피커 2명 · DD→PD (strict),greedy:count_ddweighted:time_asc:none,2026-07-19,64.24394444444447,343,64.69394444444447,0.14620181405895694,0,,,64.69394444444447,171,47.09308333333334,104.46956996662063,343,2546,186,17367.418472222227,148,
피커 2명 · DD→PD (strict),greedy:count_ddweighted:time_asc:demand_desc,2026-07-19,64.24394444444447,343,64.69394444444447,0.14620181405895694,0,,,64.69394444444447,171,47.09308333333334,104.46956996662063,343,2546,186,17367.418472222227,148,
피커 2명 · DD→PD (strict),greedy:count_ddweighted:time_asc:cells_asc,2026-07-19,64.24394444444447,343,64.69394444444447,0.14620181405895694,0,,,64.69394444444447,171,47.09308333333334,104.46956996662063,343,2546,186,17367.418472222227,148,
피커 2명 · DD→PD (strict),greedy:count_ddweighted:time_asc:qty_desc,2026-07-19,64.24394444444447,343,64.69394444444447,0.14620181405895694,0,,,64.69394444444447,171,47.09308333333334,104.46956996662063,343,2546,186,17367.418472222227,148,
피커 2명 · DD→PD (strict),greedy:count_ddweighted:demand_desc:none,2026-07-19,64.24394444444444,343,64.3245,0.14547295108519606,0,,,64.3245,102,42.95880555555555,64.05877750053764,343,2546,186,5813.602027777778,26,
피커 2명 · DD→PD (strict),greedy:count_ddweighted:demand_desc:time_asc,2026-07-19,64.24394444444444,343,64.26338888888888,0.14547295108519598,0,,,64.26338888888888,107,47.436166666666665,64.82023201390805,343,2546,186,5817.409972222221,26,
피커 2명 · DD→PD (strict),greedy:count_ddweighted:demand_desc:cells_asc,2026-07-19,64.24394444444445,343,64.3245,0.14547295108519598,0,,,64.3245,102,42.95880555555556,64.05834393496171,343,2546,186,5813.602027777778,26,
피커 2명 · DD→PD (strict),greedy:count_ddweighted:demand_desc:qty_desc,2026-07-19,64.24394444444444,343,64.3245,0.14547295108519598,0,,,64.3245,102,42.95880555555555,64.13250178565106,343,2546,186,5828.127388888888,26,
피커 2명 · DD→PD (strict),greedy:count_ddweighted:cells_asc:none,2026-07-19,64.24394444444444,343,64.69394444444444,0.15786362163913184,0,,,64.69394444444444,163,49.21705555555556,89.8428965960235,343,2546,186,18352.037638888887,150,
피커 2명 · DD→PD (strict),greedy:count_ddweighted:cells_asc:time_asc,2026-07-19,64.24394444444445,343,64.69394444444445,0.1581780045351474,0,,,64.69394444444445,161,52.68111111111113,97.08395213015815,343,2546,186,19319.392916666668,174,
피커 2명 · DD→PD (strict),greedy:count_ddweighted:cells_asc:demand_desc,2026-07-19,64.24394444444444,343,64.69394444444444,0.2135806608357629,0,,,64.69394444444444,147,41.895472222222224,86.77889653075893,343,2546,186,16858.023666666664,142,
피커 2명 · DD→PD (strict),greedy:count_ddweighted:cells_asc:qty_desc,2026-07-19,64.24394444444444,343,64.69394444444444,0.2135806608357629,0,,,64.69394444444444,147,41.895472222222224,86.91629561757024,343,2546,186,16879.633444444444,142,
피커 2명 · DD→PD (strict),greedy:count_ddweighted:qty_desc:none,2026-07-19,64.24394444444445,343,64.32450000000001,0.14547295108519598,0,,,64.32450000000001,102,42.958805555555564,64.19212741645875,343,2546,186,5824.022027777778,26,
피커 2명 · DD→PD (strict),greedy:count_ddweighted:qty_desc:time_asc,2026-07-19,64.24394444444445,343,64.28005555555556,0.14547295108519598,0,,,64.28005555555556,107,47.43616666666667,65.07853740705819,343,2546,186,5816.926194444443,26,
피커 2명 · DD→PD (strict),greedy:count_ddweighted:qty_desc:demand_desc,2026-07-19,64.24394444444444,343,64.3245,0.14547295108519598,0,,,64.3245,102,42.95880555555555,64.10370335823313,343,2546,186,5828.127388888888,26,
피커 2명 · DD→PD (strict),greedy:count_ddweighted:qty_desc:cells_asc,2026-07-19,64.24394444444445,343,64.32450000000001,0.14547295108519598,0,,,64.32450000000001,102,42.958805555555564,64.19169385088281,343,2546,186,5824.022027777778,26,
피커 2명 · DD→PD (strict),search:genetic,2026-07-19,64.24394444444444,343,64.3245,0.14547295108519606,0,,,64.3245,102,42.95880555555555,64.05877750053764,343,2546,186,5813.602027777778,26,
피커 2명 · DD→PD (strict),sort:qty_desc,2026-07-20,68.19,321,67.02986111111112,0.17819660782277605,202,68.82930555555556,41.96020613311332,68.82930555555556,220,65.56194444444445,138.81555054674308,523,4121,195,19657.333222222223,34,
피커 2명 · DD→PD (strict),sort:qty_asc,2026-07-20,68.19,321,69.86627777777777,0.4968039113880241,202,72.12183333333333,5.7444433443344325,72.12183333333333,297,67.65794444444444,115.43840284148813,523,4121,195,35604.28486111112,194,
피커 2명 · DD→PD (strict),sort:time_asc,2026-07-20,68.19000000000003,321,69.32611111111113,0.3180226722049152,202,71.5677777777778,6.082822057205721,71.5677777777778,299,66.46844444444447,164.82807478536276,523,4121,195,35387.70536111112,192,
피커 2명 · DD→PD (strict),sort:demand_desc,2026-07-20,68.19,321,67.02986111111112,0.17819660782277605,202,68.82930555555556,41.96346328382838,68.82930555555556,220,65.56194444444445,138.8185926940842,523,4121,195,19656.67527777778,34,
피커 2명 · DD→PD (strict),sort:cells_asc,2026-07-20,68.19,321,69.86627777777778,0.49419331948771267,202,72.12183333333334,5.761629537953795,72.12183333333334,297,67.65794444444444,112.94200862275486,523,4121,195,35619.975805555565,194,
피커 2명 · DD→PD (strict),sort:code,2026-07-20,68.19000000000003,321,68.63722222222225,0.1767931810314988,202,70.89277777777781,13.364245874587466,70.89277777777781,271,64.53988888888891,169.19600805598438,523,4121,195,32364.720805555564,169,
피커 2명 · DD→PD (strict),sort:random,2026-07-20,68.19000000000003,321,69.32611111111113,0.26867878158532366,202,71.56500000000003,8.523565594059418,71.56500000000003,290,65.13244444444446,168.03641017878078,523,4121,195,34420.33163888889,188,
피커 2명 · DD→PD (strict),greedy:count:none:none,2026-07-20,68.19000000000003,321,68.64833333333335,0.16703997923156802,202,70.89000000000003,21.766305418041814,70.89000000000003,241,68.19000000000003,161.55496779047354,523,4121,195,29665.045861111117,138,
피커 2명 · DD→PD (strict),greedy:count:time_asc:none,2026-07-20,68.19000000000001,321,68.2177777777778,0.1571500519210796,202,70.28722222222224,16.823033690869092,70.28722222222224,261,51.13230555555556,165.35132788479024,523,4121,195,31495.69025000001,166,
피커 2명 · DD→PD (strict),greedy:count:time_asc:demand_desc,2026-07-20,68.19000000000001,321,68.2177777777778,0.1571500519210796,202,70.28722222222224,16.823033690869092,70.28722222222224,261,51.13230555555556,165.35132788479024,523,4121,195,31495.69025000001,166,
피커 2명 · DD→PD (strict),greedy:count:time_asc:cells_asc,2026-07-20,68.19000000000001,321,68.2177777777778,0.1571500519210796,202,70.28722222222224,16.823033690869092,70.28722222222224,261,51.13230555555556,165.35132788479024,523,4121,195,31495.69025000001,166,
피커 2명 · DD→PD (strict),greedy:count:time_asc:qty_desc,2026-07-20,68.19000000000001,321,68.2177777777778,0.1571500519210796,202,70.28722222222224,16.823033690869092,70.28722222222224,261,51.13230555555556,165.35132788479024,523,4121,195,31495.69025000001,166,
피커 2명 · DD→PD (strict),greedy:count:demand_desc:none,2026-07-20,68.19000000000003,321,68.22888888888892,0.15465559016960886,202,69.53722222222224,43.59089645214524,69.53722222222224,218,66.31500000000003,137.83700895603477,523,4121,195,19548.276638888892,33,
피커 2명 · DD→PD (strict),greedy:count:demand_desc:time_asc,2026-07-20,68.19000000000003,321,68.22888888888892,0.15465559016960886,202,69.72888888888892,43.940932755775606,69.72888888888892,219,66.67783333333337,138.34410215756265,523,4121,195,19600.431500000006,33,
피커 2명 · DD→PD (strict),greedy:count:demand_desc:cells_asc,2026-07-20,68.19000000000003,321,68.22888888888892,0.15465559016960886,202,69.53722222222224,43.69929015401543,69.53722222222224,218,66.31500000000003,137.5191643963665,523,4121,195,19522.473638888892,33,
피커 2명 · DD→PD (strict),greedy:count:demand_desc:qty_desc,2026-07-20,68.19000000000003,321,68.22888888888892,0.15465559016960886,202,69.53722222222224,43.59089645214524,69.53722222222224,218,66.31500000000003,137.83700895603477,523,4121,195,19548.276638888892,33,
피커 2명 · DD→PD (strict),greedy:count:cells_asc:none,2026-07-20,68.18999999999998,321,68.64833333333331,0.17281801661474522,202,70.88999999999999,11.717368811881176,70.88999999999999,271,62.425916666666666,134.5905510885409,523,4121,195,33274.41377777777,178,
피커 2명 · DD→PD (strict),greedy:count:cells_asc:time_asc,2026-07-20,68.19000000000001,321,68.64833333333335,0.16825597092419486,202,70.89000000000001,12.228610286028596,70.89000000000001,276,61.15097222222226,154.37320692465633,523,4121,195,33350.281222222235,179,
피커 2명 · DD→PD (strict),greedy:count:cells_asc:demand_desc,2026-07-20,68.19000000000001,321,68.64833333333335,0.16837002422983693,202,70.89000000000001,16.01313366336634,70.89000000000001,272,65.79936111111112,151.2398712402627,523,4121,195,32319.852111111122,173,
피커 2명 · DD→PD (strict),greedy:count:cells_asc:qty_desc,2026-07-20,68.19000000000001,321,68.64833333333335,0.16837002422983693,202,70.89000000000001,16.009876512651264,70.89000000000001,272,65.79936111111112,151.21846522781775,523,4121,195,32320.181083333344,173,
피커 2명 · DD→PD (strict),greedy:count:qty_desc:none,2026-07-20,68.19000000000003,321,68.22888888888892,0.15465559016960886,202,69.53722222222224,43.59089645214524,69.53722222222224,218,66.31500000000003,137.83091709476142,523,4121,195,19548.276638888892,33,
피커 2명 · DD→PD (strict),greedy:count:qty_desc:time_asc,2026-07-20,68.19000000000003,321,68.22888888888892,0.15465559016960886,202,69.72888888888892,43.940932755775606,69.72888888888892,219,66.67783333333337,138.33802704123912,523,4121,195,19600.431500000006,33,
피커 2명 · DD→PD (strict),greedy:count:qty_desc:demand_desc,2026-07-20,68.19000000000003,321,68.22888888888892,0.15465559016960886,202,69.53722222222224,43.59089645214524,69.53722222222224,218,66.31500000000003,137.83700895603477,523,4121,195,19548.276638888892,33,
피커 2명 · DD→PD (strict),greedy:count:qty_desc:cells_asc,2026-07-20,68.19000000000003,321,68.22888888888892,0.15465559016960886,202,69.53722222222224,43.69929015401543,69.53722222222224,218,66.31500000000003,137.51307253509316,523,4121,195,19522.473638888892,33,
피커 2명 · DD→PD (strict),greedy:count_partial:none:none,2026-07-20,68.19000000000003,321,67.02986111111115,0.15465559016960886,202,68.82652777777781,43.7910981848185,68.82652777777781,219,64.91172222222225,133.9376387092348,523,4121,195,19049.63533333334,28,
피커 2명 · DD→PD (strict),greedy:count_partial:time_asc:none,2026-07-20,68.19000000000003,321,67.75891666666669,0.15465559016960886,202,69.5196666666667,44.54895379537956,69.5196666666667,223,65.44852777777781,135.2617704502483,523,4121,195,19181.73025000001,28,
피커 2명 · DD→PD (strict),greedy:count_partial:time_asc:demand_desc,2026-07-20,68.19000000000003,321,67.75891666666669,0.15465559016960886,202,69.5196666666667,44.54895379537956,69.5196666666667,223,65.44852777777781,135.2617704502483,523,4121,195,19181.73025000001,28,
피커 2명 · DD→PD (strict),greedy:count_partial:time_asc:cells_asc,2026-07-20,68.19000000000003,321,67.75891666666669,0.15465559016960886,202,69.5196666666667,44.54895379537956,69.5196666666667,223,65.44852777777781,135.2617704502483,523,4121,195,19181.73025000001,28,
피커 2명 · DD→PD (strict),greedy:count_partial:time_asc:qty_desc,2026-07-20,68.19000000000003,321,67.75891666666669,0.15465559016960886,202,69.5196666666667,44.54895379537956,69.5196666666667,223,65.44852777777781,135.2617704502483,523,4121,195,19181.73025000001,28,
피커 2명 · DD→PD (strict),greedy:count_partial:demand_desc:none,2026-07-20,68.19000000000003,321,67.02986111111115,0.15465559016960886,202,68.82708333333336,43.83315552805282,68.82708333333336,220,65.56194444444448,133.99099837555872,523,4121,195,19057.679166666672,28,
피커 2명 · DD→PD (strict),greedy:count_partial:demand_desc:time_asc,2026-07-20,68.19000000000003,321,67.75891666666669,0.15465559016960886,202,69.5196666666667,44.58509557205723,69.5196666666667,223,65.44852777777781,135.11694292742104,523,4121,195,19199.586888888898,28,
피커 2명 · DD→PD (strict),greedy:count_partial:demand_desc:cells_asc,2026-07-20,68.19000000000003,321,67.02986111111115,0.15465559016960886,202,68.82708333333336,43.83315552805282,68.82708333333336,220,65.56194444444448,133.99099837555872,523,4121,195,19057.679166666672,28,
피커 2명 · DD→PD (strict),greedy:count_partial:demand_desc:qty_desc,2026-07-20,68.19000000000003,321,67.02986111111115,0.15465559016960886,202,68.82708333333336,43.83315552805282,68.82708333333336,220,65.56194444444448,133.99099837555872,523,4121,195,19057.679166666672,28,
피커 2명 · DD→PD (strict),greedy:count_partial:cells_asc:none,2026-07-20,68.19000000000003,321,67.02986111111115,0.15465559016960886,202,68.82652777777781,43.7910981848185,68.82652777777781,219,64.91172222222225,133.9376387092348,523,4121,195,19049.63533333334,28,
피커 2명 · DD→PD (strict),greedy:count_partial:cells_asc:time_asc,2026-07-20,68.19000000000003,321,67.75891666666669,0.15465559016960886,202,69.5196666666667,44.54895379537956,69.5196666666667,223,65.44852777777781,135.2617704502483,523,4121,195,19181.73025000001,28,
피커 2명 · DD→PD (strict),greedy:count_partial:cells_asc:demand_desc,2026-07-20,68.19000000000003,321,67.02986111111115,0.15465559016960886,202,68.82708333333336,43.83315552805282,68.82708333333336,220,65.56194444444448,133.99099837555872,523,4121,195,19057.679166666672,28,
피커 2명 · DD→PD (strict),greedy:count_partial:cells_asc:qty_desc,2026-07-20,68.19000000000003,321,67.02986111111115,0.15465559016960886,202,68.82708333333336,43.83315552805282,68.82708333333336,220,65.56194444444448,133.99099837555872,523,4121,195,19057.679166666672,28,
피커 2명 · DD→PD (strict),greedy:count_partial:qty_desc:none,2026-07-20,68.19000000000003,321,67.02986111111115,0.15465559016960886,202,68.82708333333336,43.83315552805282,68.82708333333336,220,65.56194444444448,133.99099837555872,523,4121,195,19057.679166666672,28,
피커 2명 · DD→PD (strict),greedy:count_partial:qty_desc:time_asc,2026-07-20,68.19000000000003,321,67.75891666666669,0.15465559016960886,202,69.5196666666667,44.58509557205723,69.5196666666667,223,65.44852777777781,135.11694292742104,523,4121,195,19199.586888888898,28,
피커 2명 · DD→PD (strict),greedy:count_partial:qty_desc:demand_desc,2026-07-20,68.19000000000003,321,67.02986111111115,0.15465559016960886,202,68.82708333333336,43.83315552805282,68.82708333333336,220,65.56194444444448,133.99099837555872,523,4121,195,19057.679166666672,28,
피커 2명 · DD→PD (strict),greedy:count_partial:qty_desc:cells_asc,2026-07-20,68.19000000000003,321,67.02986111111115,0.15465559016960886,202,68.82708333333336,43.83315552805282,68.82708333333336,220,65.56194444444448,133.99099837555872,523,4121,195,19057.679166666672,28,
피커 2명 · DD→PD (strict),greedy:count_ddweighted:none:none,2026-07-20,68.19000000000003,321,68.64833333333335,0.165423329871928,202,70.89000000000003,20.213235011001117,70.89000000000003,253,55.799555555555564,163.76587749408318,523,4121,195,30185.614111111114,148,
피커 2명 · DD→PD (strict),greedy:count_ddweighted:time_asc:none,2026-07-20,68.19000000000003,321,68.2177777777778,0.15842661820699167,202,70.28533333333336,15.016447057205722,70.28533333333336,260,66.72977777777781,165.30925489433548,523,4121,195,31670.6351388889,161,
피커 2명 · DD→PD (strict),greedy:count_ddweighted:time_asc:demand_desc,2026-07-20,68.19000000000003,321,68.2177777777778,0.15842661820699167,202,70.28533333333336,15.016447057205722,70.28533333333336,260,66.72977777777781,165.30925489433548,523,4121,195,31670.6351388889,161,
피커 2명 · DD→PD (strict),greedy:count_ddweighted:time_asc:cells_asc,2026-07-20,68.19000000000003,321,68.2177777777778,0.15842661820699167,202,70.28533333333336,15.016447057205722,70.28533333333336,260,66.72977777777781,165.30925489433548,523,4121,195,31670.6351388889,161,
피커 2명 · DD→PD (strict),greedy:count_ddweighted:time_asc:qty_desc,2026-07-20,68.19000000000003,321,68.2177777777778,0.15842661820699167,202,70.28533333333336,15.016447057205722,70.28533333333336,260,66.72977777777781,165.30925489433548,523,4121,195,31670.6351388889,161,
피커 2명 · DD→PD (strict),greedy:count_ddweighted:demand_desc:none,2026-07-20,68.19000000000003,321,68.22888888888892,0.15465559016960886,202,69.5427777777778,43.17761496149617,69.5427777777778,218,66.31500000000003,137.12763167355027,523,4121,195,19499.700666666668,33,
피커 2명 · DD→PD (strict),greedy:count_ddweighted:demand_desc:time_asc,2026-07-20,68.19000000000003,321,68.22888888888892,0.15465559016960886,202,69.54555555555558,43.23476993949397,69.54555555555558,218,66.31500000000003,137.13499305011902,523,4121,195,19494.061388888895,33,
피커 2명 · DD→PD (strict),greedy:count_ddweighted:demand_desc:cells_asc,2026-07-20,68.19000000000003,321,68.22888888888892,0.15465559016960886,202,69.5427777777778,43.28600866336637,69.5427777777778,218,66.31500000000003,136.80981250549226,523,4121,195,19473.897666666668,33,
피커 2명 · DD→PD (strict),greedy:count_ddweighted:demand_desc:qty_desc,2026-07-20,68.19000000000003,321,68.22888888888892,0.15465559016960886,202,69.5427777777778,43.17761496149617,69.5427777777778,218,66.31500000000003,137.12763167355027,523,4121,195,19499.700666666668,33,
피커 2명 · DD→PD (strict),greedy:count_ddweighted:cells_asc:none,2026-07-20,68.18999999999998,321,68.64833333333331,0.16568431983385257,202,70.88999999999999,12.491265676567648,70.88999999999999,272,55.25663888888888,134.18116056174665,523,4121,195,32430.883944444442,168,
피커 2명 · DD→PD (strict),greedy:count_ddweighted:cells_asc:time_asc,2026-07-20,68.19000000000001,321,68.64833333333335,0.1674079266182066,202,70.89000000000001,11.519748074807476,70.89000000000001,277,60.091611111111135,153.01407658187173,523,4121,195,33306.48669444446,182,
피커 2명 · DD→PD (strict),greedy:count_ddweighted:cells_asc:demand_desc,2026-07-20,68.19000000000001,321,68.64833333333335,0.1675219799238487,202,70.89000000000001,16.450147139713973,70.89000000000001,272,65.79936111111112,151.70479459569597,523,4121,195,32017.534166666675,173,
피커 2명 · DD→PD (strict),greedy:count_ddweighted:cells_asc:qty_desc,2026-07-20,68.19000000000001,321,68.64833333333335,0.1675219799238487,202,70.89000000000001,16.4468899889989,70.89000000000001,272,65.79936111111112,151.68338858325106,523,4121,195,32017.863138888897,173,
피커 2명 · DD→PD (strict),greedy:count_ddweighted:qty_desc:none,2026-07-20,68.19000000000003,321,68.22888888888892,0.15465559016960886,202,69.5427777777778,43.17761496149617,69.5427777777778,218,66.31500000000003,137.12154029893674,523,4121,195,19499.700666666668,33,
피커 2명 · DD→PD (strict),greedy:count_ddweighted:qty_desc:time_asc,2026-07-20,68.19000000000003,321,68.22888888888892,0.15465559016960886,202,69.54555555555558,43.23476993949397,69.54555555555558,218,66.31500000000003,137.12890191880624,523,4121,195,19494.061388888895,33,
피커 2명 · DD→PD (strict),greedy:count_ddweighted:qty_desc:demand_desc,2026-07-20,68.19000000000003,321,68.22888888888892,0.15465559016960886,202,69.5427777777778,43.17761496149617,69.5427777777778,218,66.31500000000003,137.12763167355027,523,4121,195,19499.700666666668,33,
피커 2명 · DD→PD (strict),greedy:count_ddweighted:qty_desc:cells_asc,2026-07-20,68.19000000000003,321,68.22888888888892,0.15465559016960886,202,69.5427777777778,43.28600866336637,69.5427777777778,218,66.31500000000003,136.8037211308787,523,4121,195,19473.897666666668,33,
피커 2명 · DD→PD (strict),search:genetic,2026-07-20,68.19000000000001,321,68.2288888888889,0.15714148494288682,202,69.53722222222223,37.00040676567657,69.53722222222223,218,66.31500000000001,148.1922595412529,523,4121,195,22019.107333333333,73,
피커 2명 · DD→PD (strict),sort:qty_desc,2026-07-21,63.230333333333334,186,63.25255555555556,0.05930406212664277,144,64.12375,46.857576003086415,64.12375,177,59.87566666666667,110.03928341683077,330,2401,184,13008.398583333334,26,
피커 2명 · DD→PD (strict),sort:qty_asc,2026-07-21,63.230333333333306,186,63.58311111111108,0.1818944145758662,144,64.97477777777775,3.4540794753086432,64.97477777777775,195,62.267805555555526,93.08662805909302,330,2401,184,20392.141472222214,182,
피커 2명 · DD→PD (strict),sort:time_asc,2026-07-21,63.23033333333331,186,63.58588888888887,0.08422939068100359,144,64.9803333333333,4.9326496913580264,64.9803333333333,212,52.47211111111108,126.06935859225783,330,2401,184,19955.502333333327,178,
피커 2명 · DD→PD (strict),sort:demand_desc,2026-07-21,63.230333333333334,186,63.25255555555556,0.05930406212664277,144,64.122,46.8163549382716,64.122,177,59.87566666666667,109.99886457759342,330,2401,184,13006.596361111113,26,
피커 2명 · DD→PD (strict),sort:cells_asc,2026-07-21,63.23033333333332,186,63.88016666666665,0.2425454002389483,144,65.27183333333332,3.221560763888889,65.27183333333332,202,61.798999999999985,91.9618637612106,330,2401,184,20457.913749999992,183,
피커 2명 · DD→PD (strict),sort:code,2026-07-21,63.230333333333306,186,63.42755555555553,0.07020609318996417,144,64.82755555555552,10.808350115740733,64.82755555555552,197,54.89683333333331,121.16830762981446,330,2401,184,18871.456083333323,159,
피커 2명 · DD→PD (strict),sort:random,2026-07-21,63.230333333333306,186,63.24144444444442,0.09058273596176825,144,64.42694444444442,9.002255208333331,64.42694444444442,199,52.372944444444414,122.13733901878527,330,2401,184,19250.002833333325,167,
피커 2명 · DD→PD (strict),greedy:count:none:none,2026-07-21,63.2303333333333,186,63.42199999999996,0.06284348864994027,144,64.82199999999996,25.82675212191356,64.82199999999996,175,60.49216666666664,114.51327310001062,330,2401,184,16963.676722222215,107,
피커 2명 · DD→PD (strict),greedy:count:time_asc:none,2026-07-21,63.230333333333306,186,63.255333333333304,0.06284348864994027,144,64.43116666666664,14.085629050925915,64.43116666666664,188,51.11416666666665,123.39683909012285,330,2401,184,18403.64741666666,156,
피커 2명 · DD→PD (strict),greedy:count:time_asc:demand_desc,2026-07-21,63.230333333333306,186,63.255333333333304,0.06284348864994027,144,64.43116666666664,14.085629050925915,64.43116666666664,188,51.11416666666665,123.40117877735153,330,2401,184,18403.64741666666,156,
피커 2명 · DD→PD (strict),greedy:count:time_asc:cells_asc,2026-07-21,63.230333333333306,186,63.255333333333304,0.06284348864994027,144,64.43116666666664,14.085629050925915,64.43116666666664,188,51.11416666666665,123.39683909012285,330,2401,184,18403.64741666666,156,
피커 2명 · DD→PD (strict),greedy:count:time_asc:qty_desc,2026-07-21,63.230333333333306,186,63.255333333333304,0.06284348864994027,144,64.43116666666664,14.085629050925915,64.43116666666664,188,51.11416666666665,123.40117877735153,330,2401,184,18403.64741666666,156,
피커 2명 · DD→PD (strict),greedy:count:demand_desc:none,2026-07-21,63.23033333333329,186,63.25533333333329,0.05930406212664277,144,63.43588888888884,46.06236959876539,63.43588888888884,171,60.55602777777772,105.63618605311045,330,2401,184,12612.937249999992,25,
피커 2명 · DD→PD (strict),greedy:count:demand_desc:time_asc,2026-07-21,63.230333333333306,186,63.255333333333304,0.05930406212664277,144,63.42755555555553,46.143895061728365,63.42755555555553,171,60.40349999999997,105.96928078928188,330,2401,184,12578.867416666659,25,
피커 2명 · DD→PD (strict),greedy:count:demand_desc:cells_asc,2026-07-21,63.23033333333329,186,63.25533333333329,0.05930406212664277,144,63.43588888888884,46.06236959876539,63.43588888888884,171,60.55602777777772,105.63159217617783,330,2401,184,12612.937249999992,25,
피커 2명 · DD→PD (strict),greedy:count:demand_desc:qty_desc,2026-07-21,63.23033333333329,186,63.25533333333329,0.05930406212664277,144,63.43588888888884,46.06236959876539,63.43588888888884,171,60.55602777777772,105.63618605311045,330,2401,184,12612.937249999992,25,
피커 2명 · DD→PD (strict),greedy:count:cells_asc:none,2026-07-21,63.23033333333331,186,63.421999999999976,0.06447132616487455,144,64.82199999999997,10.502272183641963,64.82199999999997,192,57.24558333333332,104.02715556104064,330,2401,184,18926.507472222216,166,
피커 2명 · DD→PD (strict),greedy:count:cells_asc:time_asc,2026-07-21,63.23033333333329,186,63.271999999999956,0.06284348864994027,144,64.65811111111107,13.16096084104937,64.65811111111107,189,54.86611111111108,115.69983399865617,330,2401,184,18727.32180555554,155,
피커 2명 · DD→PD (strict),greedy:count:cells_asc:demand_desc,2026-07-21,63.23033333333332,186,63.25533333333332,0.06589008363201912,144,64.13297222222221,24.093572145061724,64.13297222222221,183,60.318277777777766,108.56601366864938,330,2401,184,17566.882388888884,126,
피커 2명 · DD→PD (strict),greedy:count:cells_asc:qty_desc,2026-07-21,63.23033333333331,186,63.25533333333331,0.0630227001194743,144,64.13297222222221,24.1809643132716,64.13297222222221,183,60.31827777777776,108.54534437347402,330,2401,184,17502.872444444438,127,
피커 2명 · DD→PD (strict),greedy:count:qty_desc:none,2026-07-21,63.23033333333329,186,63.25533333333329,0.05930406212664277,144,63.43588888888884,46.06236959876539,63.43588888888884,171,60.55602777777772,105.63618605311045,330,2401,184,12612.937249999992,25,
피커 2명 · DD→PD (strict),greedy:count:qty_desc:time_asc,2026-07-21,63.230333333333306,186,63.255333333333304,0.05930406212664277,144,63.42755555555553,46.14804282407404,63.42755555555553,171,60.40349999999997,105.97516764532763,330,2401,184,12579.091305555548,25,
피커 2명 · DD→PD (strict),greedy:count:qty_desc:demand_desc,2026-07-21,63.23033333333329,186,63.25533333333329,0.05930406212664277,144,63.43588888888884,46.06236959876539,63.43588888888884,171,60.55602777777772,105.63618605311045,330,2401,184,12612.937249999992,25,
피커 2명 · DD→PD (strict),greedy:count:qty_desc:cells_asc,2026-07-21,63.23033333333329,186,63.25533333333329,0.05930406212664277,144,63.43588888888884,46.06236959876539,63.43588888888884,171,60.55602777777772,105.63159217617783,330,2401,184,12612.937249999992,25,
피커 2명 · DD→PD (strict),greedy:count_partial:none:none,2026-07-21,63.23033333333331,186,63.25533333333331,0.04672939068100358,144,63.43311111111109,47.56828491512344,63.43311111111109,170,57.04649999999998,107.20401192507242,330,2401,184,12551.520277777772,25,
피커 2명 · DD→PD (strict),greedy:count_partial:time_asc:none,2026-07-21,63.23033333333331,186,63.25533333333331,0.04672939068100358,144,63.17836111111109,47.25231346450615,63.25533333333331,170,59.987166666666646,106.67471649294393,330,2401,184,12489.997277777773,25,
피커 2명 · DD→PD (strict),greedy:count_partial:time_asc:demand_desc,2026-07-21,63.23033333333331,186,63.25533333333331,0.04672939068100358,144,63.17836111111109,47.25231346450615,63.25533333333331,170,59.987166666666646,106.67471649294393,330,2401,184,12489.997277777773,25,
피커 2명 · DD→PD (strict),greedy:count_partial:time_asc:cells_asc,2026-07-21,63.23033333333331,186,63.25533333333331,0.04672939068100358,144,63.17836111111109,47.25231346450615,63.25533333333331,170,59.987166666666646,106.67471649294393,330,2401,184,12489.997277777773,25,
피커 2명 · DD→PD (strict),greedy:count_partial:time_asc:qty_desc,2026-07-21,63.23033333333331,186,63.25533333333331,0.04672939068100358,144,63.17836111111109,47.25231346450615,63.25533333333331,170,59.987166666666646,106.67471649294393,330,2401,184,12489.997277777773,25,
피커 2명 · DD→PD (strict),greedy:count_partial:demand_desc:none,2026-07-21,63.23033333333331,186,63.25533333333331,0.04672939068100358,144,63.43311111111109,47.56970852623455,63.43311111111109,170,57.04649999999998,107.25074925818622,330,2401,184,12552.104583333326,25,
피커 2명 · DD→PD (strict),greedy:count_partial:demand_desc:time_asc,2026-07-21,63.23033333333331,186,63.25533333333331,0.04672939068100358,144,63.17836111111109,47.22701080246912,63.25533333333331,170,59.987166666666646,106.64285049306338,330,2401,184,12491.142972222218,25,
피커 2명 · DD→PD (strict),greedy:count_partial:demand_desc:cells_asc,2026-07-21,63.23033333333331,186,63.25533333333331,0.04672939068100358,144,63.43311111111109,47.56970852623455,63.43311111111109,170,57.04649999999998,107.25074925818622,330,2401,184,12552.104583333326,25,
피커 2명 · DD→PD (strict),greedy:count_partial:demand_desc:qty_desc,2026-07-21,63.23033333333331,186,63.25533333333331,0.04672939068100358,144,63.43311111111109,47.56970852623455,63.43311111111109,170,57.04649999999998,107.25074925818622,330,2401,184,12552.104583333326,25,
피커 2명 · DD→PD (strict),greedy:count_partial:cells_asc:none,2026-07-21,63.23033333333331,186,63.25533333333331,0.04672939068100358,144,63.43311111111109,47.56828491512344,63.43311111111109,170,57.04649999999998,107.20401192507242,330,2401,184,12551.520277777772,25,
피커 2명 · DD→PD (strict),greedy:count_partial:cells_asc:time_asc,2026-07-21,63.23033333333331,186,63.25533333333331,0.04672939068100358,144,63.17836111111109,47.25231346450615,63.25533333333331,170,59.987166666666646,106.67471649294393,330,2401,184,12489.997277777773,25,
피커 2명 · DD→PD (strict),greedy:count_partial:cells_asc:demand_desc,2026-07-21,63.23033333333331,186,63.25533333333331,0.04672939068100358,144,63.43311111111109,47.56970852623455,63.43311111111109,170,57.04649999999998,107.25074925818622,330,2401,184,12552.104583333326,25,
피커 2명 · DD→PD (strict),greedy:count_partial:cells_asc:qty_desc,2026-07-21,63.23033333333331,186,63.25533333333331,0.04672939068100358,144,63.43311111111109,47.56970852623455,63.43311111111109,170,57.04649999999998,107.25074925818622,330,2401,184,12552.104583333326,25,
피커 2명 · DD→PD (strict),greedy:count_partial:qty_desc:none,2026-07-21,63.23033333333331,186,63.25533333333331,0.04672939068100358,144,63.43311111111109,47.56970852623455,63.43311111111109,170,57.04649999999998,107.25074925818622,330,2401,184,12552.104583333326,25,
피커 2명 · DD→PD (strict),greedy:count_partial:qty_desc:time_asc,2026-07-21,63.23033333333331,186,63.25533333333331,0.04672939068100358,144,63.17836111111109,47.22701080246912,63.25533333333331,170,59.987166666666646,106.64285049306338,330,2401,184,12491.142972222218,25,
피커 2명 · DD→PD (strict),greedy:count_partial:qty_desc:demand_desc,2026-07-21,63.23033333333331,186,63.25533333333331,0.04672939068100358,144,63.43311111111109,47.56970852623455,63.43311111111109,170,57.04649999999998,107.25074925818622,330,2401,184,12552.104583333326,25,
피커 2명 · DD→PD (strict),greedy:count_partial:qty_desc:cells_asc,2026-07-21,63.23033333333331,186,63.25533333333331,0.04672939068100358,144,63.43311111111109,47.56970852623455,63.43311111111109,170,57.04649999999998,107.25074925818622,330,2401,184,12552.104583333326,25,
피커 2명 · DD→PD (strict),greedy:count_ddweighted:none:none,2026-07-21,63.2303333333333,186,63.42199999999996,0.06284348864994027,144,64.82477777777774,25.58910744598764,64.82477777777774,175,51.29666666666663,114.37822857515043,330,2401,184,17002.040555555548,107,
피커 2명 · DD→PD (strict),greedy:count_ddweighted:time_asc:none,2026-07-21,63.2303333333333,186,63.2553333333333,0.06284348864994027,144,64.43116666666663,16.74091782407406,64.43116666666663,185,54.615249999999975,122.48966769877585,330,2401,184,18052.89855555555,143,
피커 2명 · DD→PD (strict),greedy:count_ddweighted:time_asc:demand_desc,2026-07-21,63.2303333333333,186,63.2553333333333,0.06284348864994027,144,64.43116666666663,16.74091782407406,64.43116666666663,185,54.615249999999975,122.49400738600453,330,2401,184,18052.89855555555,143,
피커 2명 · DD→PD (strict),greedy:count_ddweighted:time_asc:cells_asc,2026-07-21,63.2303333333333,186,63.2553333333333,0.06284348864994027,144,64.43116666666663,16.74091782407406,64.43116666666663,185,54.615249999999975,122.48966769877585,330,2401,184,18052.89855555555,143,
피커 2명 · DD→PD (strict),greedy:count_ddweighted:time_asc:qty_desc,2026-07-21,63.2303333333333,186,63.2553333333333,0.06284348864994027,144,64.43116666666663,16.74091782407406,64.43116666666663,185,54.615249999999975,122.49400738600453,330,2401,184,18052.89855555555,143,
피커 2명 · DD→PD (strict),greedy:count_ddweighted:demand_desc:none,2026-07-21,63.23033333333329,186,63.25533333333329,0.05930406212664277,144,63.43588888888884,45.93894637345676,63.43588888888884,171,60.55602777777772,105.2449879405804,330,2401,184,12598.47424999999,25,
피커 2명 · DD→PD (strict),greedy:count_ddweighted:demand_desc:time_asc,2026-07-21,63.2303333333333,186,63.2553333333333,0.05930406212664277,144,63.425249999999956,46.01982175925924,63.425249999999956,171,60.40349999999996,105.5916172537313,330,2401,184,12564.259749999992,25,
피커 2명 · DD→PD (strict),greedy:count_ddweighted:demand_desc:cells_asc,2026-07-21,63.23033333333329,186,63.25533333333329,0.05930406212664277,144,63.43588888888884,45.93894637345676,63.43588888888884,171,60.55602777777772,105.24039406364778,330,2401,184,12598.47424999999,25,
피커 2명 · DD→PD (strict),greedy:count_ddweighted:demand_desc:qty_desc,2026-07-21,63.23033333333329,186,63.25533333333329,0.05930406212664277,144,63.43588888888884,45.93894637345676,63.43588888888884,171,60.55602777777772,105.2449879405804,330,2401,184,12598.47424999999,25,
피커 2명 · DD→PD (strict),greedy:count_ddweighted:cells_asc:none,2026-07-21,63.23033333333331,186,63.421999999999976,0.06285364396654718,144,64.82199999999997,12.507549189814801,64.82199999999997,184,58.079583333333325,103.74434091306446,330,2401,184,18626.717416666663,152,
피커 2명 · DD→PD (strict),greedy:count_ddweighted:cells_asc:time_asc,2026-07-21,63.23033333333329,186,63.271999999999956,0.06284348864994027,144,64.65811111111107,12.967225694444432,64.65811111111107,193,55.579222222222185,116.32802063159556,330,2401,184,18738.185666666654,155,
피커 2명 · DD→PD (strict),greedy:count_ddweighted:cells_asc:demand_desc,2026-07-21,63.23033333333332,186,63.25533333333332,0.06589008363201912,144,64.13297222222221,24.292808256172826,64.13297222222221,183,60.318277777777766,108.50811486724413,330,2401,184,17529.756527777772,126,
피커 2명 · DD→PD (strict),greedy:count_ddweighted:cells_asc:qty_desc,2026-07-21,63.23033333333331,186,63.25533333333331,0.06589008363201912,144,64.13297222222221,24.333602430555544,64.13297222222221,183,60.31827777777776,108.46561419481311,330,2401,184,17489.767555555547,127,
피커 2명 · DD→PD (strict),greedy:count_ddweighted:qty_desc:none,2026-07-21,63.23033333333329,186,63.25533333333329,0.05930406212664277,144,63.43588888888884,45.93894637345676,63.43588888888884,171,60.55602777777772,105.2449879405804,330,2401,184,12598.47424999999,25,
피커 2명 · DD→PD (strict),greedy:count_ddweighted:qty_desc:time_asc,2026-07-21,63.2303333333333,186,63.2553333333333,0.05930406212664277,144,63.425249999999956,46.023969521604904,63.425249999999956,171,60.40349999999996,105.59750432376869,330,2401,184,12564.483638888882,25,
피커 2명 · DD→PD (strict),greedy:count_ddweighted:qty_desc:demand_desc,2026-07-21,63.23033333333329,186,63.25533333333329,0.05930406212664277,144,63.43588888888884,45.93894637345676,63.43588888888884,171,60.55602777777772,105.2449879405804,330,2401,184,12598.47424999999,25,
피커 2명 · DD→PD (strict),greedy:count_ddweighted:qty_desc:cells_asc,2026-07-21,63.23033333333329,186,63.25533333333329,0.05930406212664277,144,63.43588888888884,45.93894637345676,63.43588888888884,171,60.55602777777772,105.24039406364778,330,2401,184,12598.47424999999,25,
피커 2명 · DD→PD (strict),search:genetic,2026-07-21,63.230333333333306,186,63.255333333333304,0.07071385902031063,144,63.42524999999996,44.84998186728393,63.42524999999996,170,56.60277777777775,113.38624951769557,330,2401,184,13487.389222222215,58,
피커 2명 · DD→PD (strict),sort:qty_desc,2026-07-22,65.69169444444444,204,63.465972222222206,0.0778050108932462,107,65.6944722222222,42.04659008307372,65.6944722222222,165,59.84841666666666,99.10917754368812,311,2271,194,10769.817444444443,28,
피커 2명 · DD→PD (strict),sort:qty_asc,2026-07-22,65.69169444444445,204,66.08891666666668,0.16428785403050108,107,67.11391666666668,7.608249740394601,67.11391666666668,211,62.35105555555556,99.39063515970565,311,2271,194,19908.231388888897,189,
피커 2명 · DD→PD (strict),sort:time_asc,2026-07-22,65.69169444444445,204,66.04725,0.0965958605664488,107,67.06391666666667,8.603847611630322,67.06391666666667,215,54.04433333333334,130.50493414035782,311,2271,194,19233.746583333337,187,
피커 2명 · DD→PD (strict),sort:demand_desc,2026-07-22,65.69169444444444,204,63.465972222222206,0.0778050108932462,107,65.6944722222222,42.06331386292834,65.6944722222222,165,59.84841666666666,99.10918642317698,311,2271,194,10771.137138888887,28,
피커 2명 · DD→PD (strict),sort:cells_asc,2026-07-22,65.69169444444445,204,66.3221388888889,0.21141557734204824,107,67.3471388888889,5.1300799584631385,67.3471388888889,212,63.404138888888895,98.58798917878636,311,2271,194,19995.723972222222,193,
피커 2명 · DD→PD (strict),sort:code,2026-07-22,65.69169444444442,204,65.72224999999997,0.0877723311546841,107,66.75002777777776,12.2086261682243,66.75002777777776,199,55.21394444444442,121.46257367350242,311,2271,194,18026.927472222218,162,
피커 2명 · DD→PD (strict),sort:random,2026-07-22,65.6916944444444,204,65.77877777777773,0.12219321895424838,107,66.82044444444439,12.530438992731039,66.82044444444439,195,61.265777777777735,121.23603138759925,311,2271,194,18893.334472222214,162,
피커 2명 · DD→PD (strict),greedy:count:none:none,2026-07-22,65.69169444444442,204,65.91669444444442,0.08331971677559913,107,66.9444722222222,25.474616562824497,66.9444722222222,166,65.06836111111109,110.6097263030181,311,2271,194,16624.645583333328,128,
피커 2명 · DD→PD (strict),greedy:count:time_asc:none,2026-07-22,65.69169444444442,204,65.7194722222222,0.0781318082788671,107,66.3064722222222,19.052242211837985,66.3064722222222,198,55.11866666666667,119.94343354281233,311,2271,194,17277.35777777778,170,
피커 2명 · DD→PD (strict),greedy:count:time_asc:demand_desc,2026-07-22,65.69169444444442,204,65.7194722222222,0.0781318082788671,107,66.3064722222222,19.052242211837985,66.3064722222222,198,55.11866666666667,119.94751559781535,311,2271,194,17277.35777777778,170,
피커 2명 · DD→PD (strict),greedy:count:time_asc:cells_asc,2026-07-22,65.69169444444442,204,65.7194722222222,0.0781318082788671,107,66.3064722222222,19.052242211837985,66.3064722222222,198,55.11866666666667,119.94343354281233,311,2271,194,17277.35777777778,170,
피커 2명 · DD→PD (strict),greedy:count:time_asc:qty_desc,2026-07-22,65.69169444444442,204,65.7194722222222,0.0781318082788671,107,66.3064722222222,19.052242211837985,66.3064722222222,198,55.11866666666667,119.94751559781535,311,2271,194,17277.35777777778,170,
피커 2명 · DD→PD (strict),greedy:count:demand_desc:none,2026-07-22,65.69169444444444,204,64.92216666666664,0.0630582788671024,107,65.75558333333332,47.83967679127724,65.75558333333332,161,62.19736111111109,100.3731343472734,311,2271,194,11347.759333333333,31,
피커 2명 · DD→PD (strict),greedy:count:demand_desc:time_asc,2026-07-22,65.69169444444444,204,64.92494444444442,0.0630582788671024,107,65.83605555555553,48.36898805815158,65.83605555555553,166,61.235972222222216,101.94300362263498,311,2271,194,11375.768138888889,31,
피커 2명 · DD→PD (strict),greedy:count:demand_desc:cells_asc,2026-07-22,65.69169444444444,204,64.92216666666664,0.0630582788671024,107,65.75558333333332,47.83967679127724,65.75558333333332,161,62.19736111111109,100.3173731339248,311,2271,194,11347.759333333333,31,
피커 2명 · DD→PD (strict),greedy:count:demand_desc:qty_desc,2026-07-22,65.69169444444444,204,64.92216666666664,0.0630582788671024,107,65.75558333333332,47.83967679127724,65.75558333333332,161,62.19736111111109,100.37257968376996,311,2271,194,11347.795805555557,31,
피커 2명 · DD→PD (strict),greedy:count:cells_asc:none,2026-07-22,65.69169444444442,204,65.91669444444442,0.0839433551198257,107,66.94169444444442,14.259230789200409,66.94169444444442,194,57.22574999999998,101.7659588505918,311,2271,194,18870.54663888888,175,
피커 2명 · DD→PD (strict),greedy:count:cells_asc:time_asc,2026-07-22,65.69169444444445,204,65.89447222222223,0.08285675381263617,107,66.91947222222223,16.429675233644858,66.91947222222223,199,57.44388888888891,116.87459803470256,311,2271,194,18832.077861111113,173,
피커 2명 · DD→PD (strict),greedy:count:cells_asc:demand_desc,2026-07-22,65.69169444444441,204,64.66247222222219,0.08172657952069716,107,65.7555833333333,17.03779335410175,65.7555833333333,185,63.14197222222219,105.00702897641558,311,2271,194,17542.303722222216,166,
피커 2명 · DD→PD (strict),greedy:count:cells_asc:qty_desc,2026-07-22,65.69169444444441,204,64.66247222222219,0.08172657952069716,107,65.7555833333333,17.03779335410175,65.7555833333333,185,63.14197222222219,105.00702897641558,311,2271,194,17542.303722222216,166,
피커 2명 · DD→PD (strict),greedy:count:qty_desc:none,2026-07-22,65.69169444444444,204,64.92216666666664,0.0630582788671024,107,65.75558333333332,47.83967679127724,65.75558333333332,161,62.19736111111109,100.37177789296302,311,2271,194,11347.795805555557,31,
피커 2명 · DD→PD (strict),greedy:count:qty_desc:time_asc,2026-07-22,65.69169444444444,204,64.92494444444442,0.0630582788671024,107,65.83605555555553,48.36898805815158,65.83605555555553,166,61.235972222222216,101.94141803419096,311,2271,194,11375.79272222222,31,
피커 2명 · DD→PD (strict),greedy:count:qty_desc:demand_desc,2026-07-22,65.69169444444444,204,64.92216666666664,0.0630582788671024,107,65.75558333333332,47.83967679127724,65.75558333333332,161,62.19736111111109,100.37257968376996,311,2271,194,11347.795805555557,31,
피커 2명 · DD→PD (strict),greedy:count:qty_desc:cells_asc,2026-07-22,65.69169444444444,204,64.92216666666664,0.0630582788671024,107,65.75558333333332,47.83967679127724,65.75558333333332,161,62.19736111111109,100.3160166796144,311,2271,194,11347.795805555557,31,
피커 2명 · DD→PD (strict),greedy:count_partial:none:none,2026-07-22,65.69169444444442,204,64.93327777777775,0.0622140522875817,107,65.7555833333333,45.388184319833826,65.7555833333333,157,63.90844444444442,99.42211371150991,311,2271,194,10576.07733333333,24,
피커 2명 · DD→PD (strict),greedy:count_partial:time_asc:none,2026-07-22,65.69169444444442,204,64.93327777777775,0.0622140522875817,107,65.7555833333333,45.7969877985462,65.7555833333333,162,61.30424999999998,99.88473686856331,311,2271,194,10583.543111111108,24,
피커 2명 · DD→PD (strict),greedy:count_partial:time_asc:demand_desc,2026-07-22,65.69169444444442,204,64.93327777777775,0.0622140522875817,107,65.7555833333333,45.7969877985462,65.7555833333333,162,61.30424999999998,99.88473686856331,311,2271,194,10583.543111111108,24,
피커 2명 · DD→PD (strict),greedy:count_partial:time_asc:cells_asc,2026-07-22,65.69169444444442,204,64.93327777777775,0.0622140522875817,107,65.7555833333333,45.7969877985462,65.7555833333333,162,61.30424999999998,99.88473686856331,311,2271,194,10583.543111111108,24,
피커 2명 · DD→PD (strict),greedy:count_partial:time_asc:qty_desc,2026-07-22,65.69169444444442,204,64.93327777777775,0.0622140522875817,107,65.7555833333333,45.7969877985462,65.7555833333333,162,61.30424999999998,99.88473686856331,311,2271,194,10583.543111111108,24,
피커 2명 · DD→PD (strict),greedy:count_partial:demand_desc:none,2026-07-22,65.69169444444442,204,64.93327777777775,0.0622140522875817,107,65.7555833333333,45.245545690550344,65.7555833333333,161,54.63636111111109,100.02163736835188,311,2271,194,10585.860833333329,24,
피커 2명 · DD→PD (strict),greedy:count_partial:demand_desc:time_asc,2026-07-22,65.69169444444442,204,64.93327777777775,0.0622140522875817,107,65.7555833333333,45.423977673935596,65.7555833333333,161,54.63636111111109,100.11514611560231,311,2271,194,10585.974694444441,24,
피커 2명 · DD→PD (strict),greedy:count_partial:demand_desc:cells_asc,2026-07-22,65.69169444444442,204,64.93327777777775,0.0622140522875817,107,65.7555833333333,45.245545690550344,65.7555833333333,161,54.63636111111109,100.00397600372759,311,2271,194,10585.860833333329,24,
피커 2명 · DD→PD (strict),greedy:count_partial:demand_desc:qty_desc,2026-07-22,65.69169444444442,204,64.93327777777775,0.0622140522875817,107,65.7555833333333,45.245545690550344,65.7555833333333,161,54.63636111111109,100.02163736835188,311,2271,194,10585.860833333329,24,
피커 2명 · DD→PD (strict),greedy:count_partial:cells_asc:none,2026-07-22,65.69169444444442,204,64.93327777777775,0.0622140522875817,107,65.7555833333333,45.388184319833826,65.7555833333333,157,63.90844444444442,99.4044523468856,311,2271,194,10576.07733333333,24,
피커 2명 · DD→PD (strict),greedy:count_partial:cells_asc:time_asc,2026-07-22,65.69169444444442,204,64.93327777777775,0.0622140522875817,107,65.7555833333333,45.7969877985462,65.7555833333333,162,61.30424999999998,99.868540525287,311,2271,194,10583.543111111108,24,
피커 2명 · DD→PD (strict),greedy:count_partial:cells_asc:demand_desc,2026-07-22,65.69169444444442,204,64.93327777777775,0.0622140522875817,107,65.7555833333333,45.245545690550344,65.7555833333333,161,54.63636111111109,100.00397600372759,311,2271,194,10585.860833333329,24,
피커 2명 · DD→PD (strict),greedy:count_partial:cells_asc:qty_desc,2026-07-22,65.69169444444442,204,64.93327777777775,0.0622140522875817,107,65.7555833333333,45.245545690550344,65.7555833333333,161,54.63636111111109,100.00397600372759,311,2271,194,10585.860833333329,24,
피커 2명 · DD→PD (strict),greedy:count_partial:qty_desc:none,2026-07-22,65.69169444444442,204,64.93327777777775,0.0622140522875817,107,65.7555833333333,45.245545690550344,65.7555833333333,161,54.63636111111109,100.02163736835188,311,2271,194,10585.860833333329,24,
피커 2명 · DD→PD (strict),greedy:count_partial:qty_desc:time_asc,2026-07-22,65.69169444444442,204,64.93327777777775,0.0622140522875817,107,65.7555833333333,45.423977673935596,65.7555833333333,161,54.63636111111109,100.11514611560231,311,2271,194,10585.974694444441,24,
피커 2명 · DD→PD (strict),greedy:count_partial:qty_desc:demand_desc,2026-07-22,65.69169444444442,204,64.93327777777775,0.0622140522875817,107,65.7555833333333,45.245545690550344,65.7555833333333,161,54.63636111111109,100.02163736835188,311,2271,194,10585.860833333329,24,
피커 2명 · DD→PD (strict),greedy:count_partial:qty_desc:cells_asc,2026-07-22,65.69169444444442,204,64.93327777777775,0.0622140522875817,107,65.7555833333333,45.245545690550344,65.7555833333333,161,54.63636111111109,100.00397600372759,311,2271,194,10585.860833333329,24,
피커 2명 · DD→PD (strict),greedy:count_ddweighted:none:none,2026-07-22,65.69169444444442,204,65.91669444444442,0.08331971677559913,107,66.9444722222222,25.321812305295943,66.9444722222222,166,65.06836111111109,110.60288937639444,311,2271,194,16666.98994444444,128,
피커 2명 · DD→PD (strict),greedy:count_ddweighted:time_asc:none,2026-07-22,65.69169444444442,204,65.7194722222222,0.0781318082788671,107,65.89661111111108,18.25513239875387,65.89661111111108,198,55.11866666666667,118.77138682734483,311,2271,194,17173.841527777775,170,
피커 2명 · DD→PD (strict),greedy:count_ddweighted:time_asc:demand_desc,2026-07-22,65.69169444444442,204,65.7194722222222,0.0781318082788671,107,65.89661111111108,18.25513239875387,65.89661111111108,198,55.11866666666667,118.7754942717506,311,2271,194,17173.841527777775,170,
피커 2명 · DD→PD (strict),greedy:count_ddweighted:time_asc:cells_asc,2026-07-22,65.69169444444442,204,65.7194722222222,0.0781318082788671,107,65.89661111111108,18.25513239875387,65.89661111111108,198,55.11866666666667,118.77138682734483,311,2271,194,17173.841527777775,170,
피커 2명 · DD→PD (strict),greedy:count_ddweighted:time_asc:qty_desc,2026-07-22,65.69169444444442,204,65.7194722222222,0.0781318082788671,107,65.89661111111108,18.25513239875387,65.89661111111108,198,55.11866666666667,118.7754942717506,311,2271,194,17173.841527777775,170,
피커 2명 · DD→PD (strict),greedy:count_ddweighted:demand_desc:none,2026-07-22,65.69169444444444,204,64.92216666666664,0.0630582788671024,107,65.75558333333332,47.806924454828646,65.75558333333332,161,62.19736111111109,100.2842056927147,311,2271,194,11344.39875,31,
피커 2명 · DD→PD (strict),greedy:count_ddweighted:demand_desc:time_asc,2026-07-22,65.69169444444444,204,64.92494444444442,0.0630582788671024,107,65.83605555555553,48.34359008307371,65.83605555555553,166,61.235972222222216,101.86657176201149,311,2271,194,11373.28336111111,31,
피커 2명 · DD→PD (strict),greedy:count_ddweighted:demand_desc:cells_asc,2026-07-22,65.69169444444444,204,64.92216666666664,0.0630582788671024,107,65.75558333333332,47.806924454828646,65.75558333333332,161,62.19736111111109,100.22844447936612,311,2271,194,11344.39875,31,
피커 2명 · DD→PD (strict),greedy:count_ddweighted:demand_desc:qty_desc,2026-07-22,65.69169444444444,204,64.92216666666664,0.0630582788671024,107,65.75558333333332,47.806924454828646,65.75558333333332,161,62.19736111111109,100.28365102921126,311,2271,194,11344.43522222222,31,
피커 2명 · DD→PD (strict),greedy:count_ddweighted:cells_asc:none,2026-07-22,65.69169444444442,204,65.91669444444442,0.08367156862745097,107,66.93613888888886,13.807810228452752,66.93613888888886,192,55.55505555555553,100.82266804055773,311,2271,194,18710.272027777773,179,
피커 2명 · DD→PD (strict),greedy:count_ddweighted:cells_asc:time_asc,2026-07-22,65.69169444444445,204,65.89447222222223,0.08285675381263617,107,66.92225,16.091663551401858,66.92225,200,57.73408333333335,116.92979705719864,311,2271,194,18824.76111111112,174,
피커 2명 · DD→PD (strict),greedy:count_ddweighted:cells_asc:demand_desc,2026-07-22,65.69169444444441,204,64.66247222222218,0.08172657952069716,107,65.75558333333329,16.987867082035287,65.75558333333329,185,63.141972222222186,104.99023234613365,311,2271,194,17537.084111111097,166,
피커 2명 · DD→PD (strict),greedy:count_ddweighted:cells_asc:qty_desc,2026-07-22,65.69169444444441,204,64.66247222222218,0.08172657952069716,107,65.75558333333329,16.987867082035287,65.75558333333329,185,63.141972222222186,104.99023234613365,311,2271,194,17537.084111111097,166,
피커 2명 · DD→PD (strict),greedy:count_ddweighted:qty_desc:none,2026-07-22,65.69169444444444,204,64.92216666666664,0.0630582788671024,107,65.75558333333332,47.806924454828646,65.75558333333332,161,62.19736111111109,100.28284923840431,311,2271,194,11344.43522222222,31,
피커 2명 · DD→PD (strict),greedy:count_ddweighted:qty_desc:time_asc,2026-07-22,65.69169444444444,204,64.92494444444442,0.0630582788671024,107,65.83605555555553,48.34359008307371,65.83605555555553,166,61.235972222222216,101.86498617356747,311,2271,194,11373.307944444443,31,
피커 2명 · DD→PD (strict),greedy:count_ddweighted:qty_desc:demand_desc,2026-07-22,65.69169444444444,204,64.92216666666664,0.0630582788671024,107,65.75558333333332,47.806924454828646,65.75558333333332,161,62.19736111111109,100.28365102921126,311,2271,194,11344.43522222222,31,
피커 2명 · DD→PD (strict),greedy:count_ddweighted:qty_desc:cells_asc,2026-07-22,65.69169444444444,204,64.92216666666664,0.0630582788671024,107,65.75558333333332,47.806924454828646,65.75558333333332,161,62.19736111111109,100.22708802505574,311,2271,194,11344.43522222222,31,
피커 2명 · DD→PD (strict),search:genetic,2026-07-22,65.69169444444442,204,64.93327777777775,0.0622140522875817,107,65.7555833333333,45.388184319833826,65.7555833333333,157,63.90844444444442,99.42211371150991,311,2271,194,10576.07733333333,24,
피커 2명 · DD→PD (strict),sort:qty_desc,2026-07-23,61.967027777777766,228,62.01424999999999,0.09449317738791423,120,62.825527777777765,43.73668703703703,62.825527777777765,156,57.742222222222196,97.86798138937684,348,2415,177,11407.180722222221,26,
피커 2명 · DD→PD (strict),sort:qty_asc,2026-07-23,61.96702777777781,228,62.83913888888892,0.26325633528265197,120,63.94747222222225,4.659500694444449,63.94747222222225,207,61.22525000000003,94.94339321031283,348,2415,177,21207.42980555556,175,
피커 2명 · DD→PD (strict),sort:time_asc,2026-07-23,61.967027777777766,228,62.63091666666666,0.16985867446393763,120,63.744805555555544,4.242746759259264,63.744805555555544,215,58.32077777777776,127.89014573300743,348,2415,177,20939.35286111111,175,
피커 2명 · DD→PD (strict),sort:demand_desc,2026-07-23,61.967027777777766,228,62.01424999999999,0.09449317738791423,120,62.825527777777765,43.73964861111111,62.825527777777765,156,57.742222222222196,97.86871667081545,348,2415,177,11406.114555555552,26,
피커 2명 · DD→PD (strict),sort:cells_asc,2026-07-23,61.967027777777794,228,62.80036111111112,0.2096856725146199,120,63.90869444444446,5.651026620370377,63.90869444444446,199,60.40580555555556,90.94892931017473,348,2415,177,21058.082222222227,175,
피커 2명 · DD→PD (strict),sort:code,2026-07-23,61.967027777777794,228,62.022583333333344,0.12091764132553608,120,63.1281388888889,8.744975000000007,63.1281388888889,200,55.44016666666668,115.00417316982701,348,2415,177,19915.710750000006,167,
피커 2명 · DD→PD (strict),sort:random,2026-07-23,61.96702777777782,228,62.01425000000005,0.11329191033138401,120,63.125361111111154,13.232157175925943,63.125361111111154,185,52.92427777777781,112.33080118793602,348,2415,177,18984.44730555557,149,
피커 2명 · DD→PD (strict),greedy:count:none:none,2026-07-23,61.96702777777778,228,62.02258333333334,0.11811647173489279,120,63.11980555555556,14.409924768518518,63.11980555555556,166,54.35930555555556,107.54165601305807,348,2415,177,18089.354222222224,126,
피커 2명 · DD→PD (strict),greedy:count:time_asc:none,2026-07-23,61.967027777777744,228,62.378138888888856,0.11784844054580897,120,63.48369444444441,16.217787499999986,63.48369444444441,163,61.967027777777744,110.91365149318743,348,2415,177,17557.7558611111,123,
피커 2명 · DD→PD (strict),greedy:count:time_asc:demand_desc,2026-07-23,61.967027777777744,228,62.378138888888856,0.11784844054580897,120,63.48369444444441,16.217787499999986,63.48369444444441,163,61.967027777777744,110.91365149318743,348,2415,177,17557.7558611111,123,
피커 2명 · DD→PD (strict),greedy:count:time_asc:cells_asc,2026-07-23,61.967027777777744,228,62.378138888888856,0.11784844054580897,120,63.48369444444441,16.217787499999986,63.48369444444441,163,61.967027777777744,110.91365149318743,348,2415,177,17557.7558611111,123,
피커 2명 · DD→PD (strict),greedy:count:time_asc:qty_desc,2026-07-23,61.967027777777744,228,62.378138888888856,0.11784844054580897,120,63.48369444444441,16.217787499999986,63.48369444444441,163,61.967027777777744,110.91365149318743,348,2415,177,17557.7558611111,123,
피커 2명 · DD→PD (strict),greedy:count:demand_desc:none,2026-07-23,61.96702777777776,228,61.0877222222222,0.09442007797270956,120,61.99202777777776,42.31612777777776,61.99202777777776,147,53.9065833333333,90.03661268272397,348,2415,177,10829.307555555557,27,
피커 2명 · DD→PD (strict),greedy:count:demand_desc:time_asc,2026-07-23,61.96702777777776,228,61.262638888888866,0.09442007797270956,120,62.019805555555536,42.396372453703684,62.019805555555536,148,53.49341666666665,90.074840339981,348,2415,177,10799.48713888889,27,
피커 2명 · DD→PD (strict),greedy:count:demand_desc:cells_asc,2026-07-23,61.96702777777776,228,61.0877222222222,0.09442007797270956,120,61.99202777777776,42.361043981481465,61.99202777777776,147,53.9065833333333,89.90097158550404,348,2415,177,10815.625388888891,27,
피커 2명 · DD→PD (strict),greedy:count:demand_desc:qty_desc,2026-07-23,61.96702777777776,228,61.0877222222222,0.09442007797270956,120,61.99202777777776,42.31020462962961,61.99202777777776,147,53.9065833333333,90.03521913436,348,2415,177,10830.373722222223,27,
피커 2명 · DD→PD (strict),greedy:count:cells_asc:none,2026-07-23,61.967027777777794,228,62.3781388888889,0.11814546783625729,120,63.48369444444446,9.827085416666677,63.48369444444446,169,50.734611111111114,96.48086057093401,348,2415,177,19323.642388888893,150,
피커 2명 · DD→PD (strict),greedy:count:cells_asc:time_asc,2026-07-23,61.96702777777778,228,62.37813888888889,0.12143031189083821,120,63.48369444444445,8.261200694444447,63.48369444444445,171,54.068888888888885,101.22258733979373,348,2415,177,19708.719416666663,166,
피커 2명 · DD→PD (strict),greedy:count:cells_asc:demand_desc,2026-07-23,61.967027777777794,228,62.3781388888889,0.12474415204678362,120,63.48369444444446,12.111388425925934,63.48369444444446,164,61.019472222222234,93.15128731655942,348,2415,177,18886.13869444445,139,
피커 2명 · DD→PD (strict),greedy:count:cells_asc:qty_desc,2026-07-23,61.967027777777794,228,62.3781388888889,0.12474415204678362,120,63.48369444444446,12.105465277777787,63.48369444444446,164,61.019472222222234,93.12200551935253,348,2415,177,18887.560250000002,139,
피커 2명 · DD→PD (strict),greedy:count:qty_desc:none,2026-07-23,61.96702777777776,228,61.0877222222222,0.09442007797270956,120,61.99202777777776,42.31020462962961,61.99202777777776,147,53.9065833333333,90.03716472503407,348,2415,177,10830.373722222223,27,
피커 2명 · DD→PD (strict),greedy:count:qty_desc:time_asc,2026-07-23,61.96702777777776,228,61.262638888888866,0.09442007797270956,120,62.019805555555536,42.38156458333331,62.019805555555536,148,53.49341666666665,90.10095162253275,348,2415,177,10803.396416666665,27,
피커 2명 · DD→PD (strict),greedy:count:qty_desc:demand_desc,2026-07-23,61.96702777777776,228,61.0877222222222,0.09442007797270956,120,61.99202777777776,42.31020462962961,61.99202777777776,147,53.9065833333333,90.03521913436,348,2415,177,10830.373722222223,27,
피커 2명 · DD→PD (strict),greedy:count:qty_desc:cells_asc,2026-07-23,61.96702777777776,228,61.0877222222222,0.09442007797270956,120,61.99202777777776,42.35512083333332,61.99202777777776,147,53.9065833333333,89.90152362781414,348,2415,177,10816.691555555553,27,
피커 2명 · DD→PD (strict),greedy:count_partial:none:none,2026-07-23,61.967027777777766,228,60.12483333333331,0.09442007797270956,120,62.01980555555554,42.256951851851845,62.01980555555554,148,55.635111111111094,88.64935976993011,348,2415,177,10564.627749999998,27,
피커 2명 · DD→PD (strict),greedy:count_partial:time_asc:none,2026-07-23,61.967027777777766,228,61.05136111111109,0.09442007797270956,120,62.01980555555554,42.270760416666654,62.01980555555554,148,56.635611111111096,88.66034953887936,348,2415,177,10562.486416666663,27,
피커 2명 · DD→PD (strict),greedy:count_partial:time_asc:demand_desc,2026-07-23,61.967027777777766,228,61.05136111111109,0.09442007797270956,120,62.01980555555554,42.270760416666654,62.01980555555554,148,56.635611111111096,88.66034953887936,348,2415,177,10562.486416666663,27,
피커 2명 · DD→PD (strict),greedy:count_partial:time_asc:cells_asc,2026-07-23,61.967027777777766,228,61.05136111111109,0.09442007797270956,120,62.01980555555554,42.270760416666654,62.01980555555554,148,56.635611111111096,88.66034953887936,348,2415,177,10562.486416666663,27,
피커 2명 · DD→PD (strict),greedy:count_partial:time_asc:qty_desc,2026-07-23,61.967027777777766,228,61.05136111111109,0.09442007797270956,120,62.01980555555554,42.270760416666654,62.01980555555554,148,56.635611111111096,88.66034953887936,348,2415,177,10562.486416666663,27,
피커 2명 · DD→PD (strict),greedy:count_partial:demand_desc:none,2026-07-23,61.967027777777766,228,60.12483333333331,0.09442007797270956,120,62.01980555555554,42.252396759259256,62.01980555555554,148,55.635111111111094,88.64182275106562,348,2415,177,10564.389277777775,27,
피커 2명 · DD→PD (strict),greedy:count_partial:demand_desc:time_asc,2026-07-23,61.967027777777766,228,61.05136111111109,0.09442007797270956,120,62.01980555555554,42.27715625,62.01980555555554,148,56.635611111111096,88.67863267692712,348,2415,177,10563.735666666664,27,
피커 2명 · DD→PD (strict),greedy:count_partial:demand_desc:cells_asc,2026-07-23,61.967027777777766,228,60.12483333333331,0.09442007797270956,120,62.01980555555554,42.252396759259256,62.01980555555554,148,55.635111111111094,88.60736691191387,348,2415,177,10564.389277777775,27,
피커 2명 · DD→PD (strict),greedy:count_partial:demand_desc:qty_desc,2026-07-23,61.967027777777766,228,60.12483333333331,0.09442007797270956,120,62.01980555555554,42.252396759259256,62.01980555555554,148,55.635111111111094,88.64182275106562,348,2415,177,10564.389277777775,27,
피커 2명 · DD→PD (strict),greedy:count_partial:cells_asc:none,2026-07-23,61.967027777777766,228,60.12483333333331,0.09442007797270956,120,62.01980555555554,42.256951851851845,62.01980555555554,148,55.635111111111094,88.61490393077837,348,2415,177,10564.627749999998,27,
피커 2명 · DD→PD (strict),greedy:count_partial:cells_asc:time_asc,2026-07-23,61.967027777777766,228,61.05136111111109,0.09442007797270956,120,62.01980555555554,42.270760416666654,62.01980555555554,148,56.635611111111096,88.61650243448217,348,2415,177,10562.486416666663,27,
피커 2명 · DD→PD (strict),greedy:count_partial:cells_asc:demand_desc,2026-07-23,61.967027777777766,228,60.12483333333331,0.09442007797270956,120,62.01980555555554,42.252396759259256,62.01980555555554,148,55.635111111111094,88.60736691191387,348,2415,177,10564.389277777775,27,
피커 2명 · DD→PD (strict),greedy:count_partial:cells_asc:qty_desc,2026-07-23,61.967027777777766,228,60.12483333333331,0.09442007797270956,120,62.01980555555554,42.252396759259256,62.01980555555554,148,55.635111111111094,88.60736691191387,348,2415,177,10564.389277777775,27,
피커 2명 · DD→PD (strict),greedy:count_partial:qty_desc:none,2026-07-23,61.967027777777766,228,60.12483333333331,0.09442007797270956,120,62.01980555555554,42.252396759259256,62.01980555555554,148,55.635111111111094,88.64182275106562,348,2415,177,10564.389277777775,27,
피커 2명 · DD→PD (strict),greedy:count_partial:qty_desc:time_asc,2026-07-23,61.967027777777766,228,61.05136111111109,0.09442007797270956,120,62.01980555555554,42.27715625,62.01980555555554,148,56.635611111111096,88.67863267692712,348,2415,177,10563.735666666664,27,
피커 2명 · DD→PD (strict),greedy:count_partial:qty_desc:demand_desc,2026-07-23,61.967027777777766,228,60.12483333333331,0.09442007797270956,120,62.01980555555554,42.252396759259256,62.01980555555554,148,55.635111111111094,88.64182275106562,348,2415,177,10564.389277777775,27,
피커 2명 · DD→PD (strict),greedy:count_partial:qty_desc:cells_asc,2026-07-23,61.967027777777766,228,60.12483333333331,0.09442007797270956,120,62.01980555555554,42.252396759259256,62.01980555555554,148,55.635111111111094,88.60736691191387,348,2415,177,10564.389277777775,27,
피커 2명 · DD→PD (strict),greedy:count_ddweighted:none:none,2026-07-23,61.96702777777778,228,62.02258333333334,0.11811647173489279,120,63.11980555555556,14.402327546296299,63.11980555555556,166,54.35930555555556,107.52651549324413,348,2415,177,18087.110333333334,126,
피커 2명 · DD→PD (strict),greedy:count_ddweighted:time_asc:none,2026-07-23,61.967027777777744,228,62.378138888888856,0.11784844054580897,120,63.48369444444441,16.088927546296283,63.48369444444441,163,61.967027777777744,110.52815618008647,348,2415,177,17541.72302777777,123,
피커 2명 · DD→PD (strict),greedy:count_ddweighted:time_asc:demand_desc,2026-07-23,61.967027777777744,228,62.378138888888856,0.11784844054580897,120,63.48369444444441,16.088927546296283,63.48369444444441,163,61.967027777777744,110.52815618008647,348,2415,177,17541.72302777777,123,
피커 2명 · DD→PD (strict),greedy:count_ddweighted:time_asc:cells_asc,2026-07-23,61.967027777777744,228,62.378138888888856,0.11784844054580897,120,63.48369444444441,16.088927546296283,63.48369444444441,163,61.967027777777744,110.52815618008647,348,2415,177,17541.72302777777,123,
피커 2명 · DD→PD (strict),greedy:count_ddweighted:time_asc:qty_desc,2026-07-23,61.967027777777744,228,62.378138888888856,0.11784844054580897,120,63.48369444444441,16.088927546296283,63.48369444444441,163,61.967027777777744,110.52815618008647,348,2415,177,17541.72302777777,123,
피커 2명 · DD→PD (strict),greedy:count_ddweighted:demand_desc:none,2026-07-23,61.96702777777776,228,61.0877222222222,0.09442007797270956,120,61.99202777777776,42.069959259259235,61.99202777777776,147,53.9065833333333,89.61318144402973,348,2415,177,10799.392166666667,27,
피커 2명 · DD→PD (strict),greedy:count_ddweighted:demand_desc:time_asc,2026-07-23,61.96702777777776,228,61.262638888888866,0.09442007797270956,120,62.019805555555536,42.152428240740726,62.019805555555536,148,53.49341666666665,89.63060321680393,348,2415,177,10770.216444444442,27,
피커 2명 · DD→PD (strict),greedy:count_ddweighted:demand_desc:cells_asc,2026-07-23,61.96702777777776,228,61.0877222222222,0.09442007797270956,120,61.99202777777776,42.11487546296295,61.99202777777776,147,53.9065833333333,89.47754034680982,348,2415,177,10785.71,27,
피커 2명 · DD→PD (strict),greedy:count_ddweighted:demand_desc:qty_desc,2026-07-23,61.96702777777776,228,61.0877222222222,0.09442007797270956,120,61.99202777777776,42.06403611111109,61.99202777777776,147,53.9065833333333,89.61178789566577,348,2415,177,10800.458333333334,27,
피커 2명 · DD→PD (strict),greedy:count_ddweighted:cells_asc:none,2026-07-23,61.967027777777794,228,62.3781388888889,0.11814546783625729,120,63.48369444444446,9.842341666666675,63.48369444444446,167,50.73838888888889,96.4558348972374,348,2415,177,19300.512388888892,149,
피커 2명 · DD→PD (strict),greedy:count_ddweighted:cells_asc:time_asc,2026-07-23,61.96702777777778,228,62.37813888888889,0.12143031189083821,120,63.48369444444445,8.258362731481483,63.48369444444445,171,54.068888888888885,101.15210511185505,348,2415,177,19573.24236111111,165,
피커 2명 · DD→PD (strict),greedy:count_ddweighted:cells_asc:demand_desc,2026-07-23,61.967027777777794,228,62.3781388888889,0.1252662037037037,120,63.48369444444446,12.109301620370378,63.48369444444446,164,61.019472222222234,93.19029864624032,348,2415,177,18885.918750000004,139,
피커 2명 · DD→PD (strict),greedy:count_ddweighted:cells_asc:qty_desc,2026-07-23,61.967027777777794,228,62.3781388888889,0.1252662037037037,120,63.48369444444446,12.10337847222223,63.48369444444446,164,61.019472222222234,93.16101684903342,348,2415,177,18887.34030555556,139,
피커 2명 · DD→PD (strict),greedy:count_ddweighted:qty_desc:none,2026-07-23,61.96702777777776,228,61.0877222222222,0.09442007797270956,120,61.99202777777776,42.06403611111109,61.99202777777776,147,53.9065833333333,89.61373348633985,348,2415,177,10800.458333333334,27,
피커 2명 · DD→PD (strict),greedy:count_ddweighted:qty_desc:time_asc,2026-07-23,61.96702777777776,228,61.262638888888866,0.09442007797270956,120,62.019805555555536,42.13762037037035,62.019805555555536,148,53.49341666666665,89.6567144993557,348,2415,177,10774.125722222221,27,
피커 2명 · DD→PD (strict),greedy:count_ddweighted:qty_desc:demand_desc,2026-07-23,61.96702777777776,228,61.0877222222222,0.09442007797270956,120,61.99202777777776,42.06403611111109,61.99202777777776,147,53.9065833333333,89.61178789566577,348,2415,177,10800.458333333334,27,
피커 2명 · DD→PD (strict),greedy:count_ddweighted:qty_desc:cells_asc,2026-07-23,61.96702777777776,228,61.0877222222222,0.09442007797270956,120,61.99202777777776,42.10895231481479,61.99202777777776,147,53.9065833333333,89.47809238911991,348,2415,177,10786.776166666668,27,
피커 2명 · DD→PD (strict),search:genetic,2026-07-23,61.96702777777776,228,61.0877222222222,0.09442007797270956,120,61.99202777777776,42.31612777777776,61.99202777777776,147,53.9065833333333,90.03661268272397,348,2415,177,10829.307555555557,27,
피커 2명 · DD→PD (strict),sort:qty_desc,2026-07-24,62.720333333333315,132,62.74533333333331,0.021485690235690233,55,63.131444444444426,38.021417171717154,63.131444444444426,159,55.374611111111086,89.14574705684612,187,1444,184,7175.990861111108,39,
피커 2명 · DD→PD (strict),sort:qty_asc,2026-07-24,62.72033333333336,132,63.19811111111114,0.10305134680134681,55,63.77311111111114,2.754424747474748,63.77311111111114,178,60.12069444444447,92.26824610860028,187,1444,184,11383.83933333334,182,
피커 2명 · DD→PD (strict),sort:time_asc,2026-07-24,62.72033333333331,132,62.98422222222219,0.049494949494949494,55,63.56199999999997,7.32571313131312,63.56199999999997,175,58.238611111111084,111.36052201000597,187,1444,184,10829.595027777774,174,
피커 2명 · DD→PD (strict),sort:demand_desc,2026-07-24,62.720333333333315,132,62.74533333333331,0.021485690235690233,55,63.131444444444426,38.021417171717154,63.131444444444426,159,55.374611111111086,89.15369740030941,187,1444,184,7175.990861111108,39,
피커 2명 · DD→PD (strict),sort:cells_asc,2026-07-24,62.720333333333336,132,63.19811111111112,0.0922979797979798,55,63.77311111111111,4.474011111111105,63.77311111111111,178,60.22472222222223,90.72304855059079,187,1444,184,11241.90397222222,179,
피커 2명 · DD→PD (strict),sort:code,2026-07-24,62.72033333333332,132,62.81755555555554,0.031397306397306396,55,63.39255555555554,8.30547676767677,63.39255555555554,168,57.12488888888888,97.30585303567015,187,1444,184,10574.089555555553,168,
피커 2명 · DD→PD (strict),sort:random,2026-07-24,62.72033333333336,132,62.74533333333336,0.031607744107744105,55,63.19811111111114,14.258860101010105,63.19811111111114,171,59.39436111111114,97.02191169567304,187,1444,184,10514.850138888893,158,
피커 2명 · DD→PD (strict),greedy:count:none:none,2026-07-24,62.72033333333333,132,62.90366666666666,0.028114478114478116,55,63.48144444444444,10.635741414141405,63.48144444444444,149,50.81847222222222,91.72968347706154,187,1444,184,9838.915833333333,162,
피커 2명 · DD→PD (strict),greedy:count:time_asc:none,2026-07-24,62.72033333333333,132,61.969944444444444,0.028261784511784512,55,62.775888888888886,11.79792626262625,62.775888888888886,153,51.599000000000004,102.4333134802286,187,1444,184,9637.875583333334,147,
피커 2명 · DD→PD (strict),greedy:count:time_asc:demand_desc,2026-07-24,62.72033333333333,132,61.969944444444444,0.028261784511784512,55,62.775888888888886,11.79792626262625,62.775888888888886,153,51.599000000000004,102.4333134802286,187,1444,184,9637.875583333334,147,
피커 2명 · DD→PD (strict),greedy:count:time_asc:cells_asc,2026-07-24,62.72033333333333,132,61.969944444444444,0.028261784511784512,55,62.775888888888886,11.79792626262625,62.775888888888886,153,51.599000000000004,102.4333134802286,187,1444,184,9637.875583333334,147,
피커 2명 · DD→PD (strict),greedy:count:time_asc:qty_desc,2026-07-24,62.72033333333333,132,61.969944444444444,0.028261784511784512,55,62.775888888888886,11.79792626262625,62.775888888888886,153,51.599000000000004,102.4333134802286,187,1444,184,9637.875583333334,147,
피커 2명 · DD→PD (strict),greedy:count:demand_desc:none,2026-07-24,62.72033333333334,132,62.74533333333334,0.021485690235690233,55,62.9621388888889,38.765728282828285,62.9621388888889,149,56.543722222222236,87.05862914970507,187,1444,184,6805.220083333334,40,
피커 2명 · DD→PD (strict),greedy:count:demand_desc:time_asc,2026-07-24,62.72033333333334,132,62.734222222222236,0.021485690235690233,55,62.90594444444446,38.60987323232324,62.90594444444446,149,56.446055555555574,87.6377104442523,187,1444,184,6795.519055555557,40,
피커 2명 · DD→PD (strict),greedy:count:demand_desc:cells_asc,2026-07-24,62.72033333333334,132,62.74533333333334,0.021485690235690233,55,62.9621388888889,38.765728282828285,62.9621388888889,149,56.543722222222236,87.02939641415897,187,1444,184,6805.220083333334,40,
피커 2명 · DD→PD (strict),greedy:count:demand_desc:qty_desc,2026-07-24,62.72033333333334,132,62.74533333333334,0.021485690235690233,55,62.9621388888889,38.75833333333334,62.9621388888889,149,56.543722222222236,87.05943430730197,187,1444,184,6806.033527777778,40,
피커 2명 · DD→PD (strict),greedy:count:cells_asc:none,2026-07-24,62.72033333333333,132,62.90366666666666,0.028114478114478116,55,63.47866666666666,10.65440909090908,63.47866666666666,154,52.73702777777778,87.35905763616121,187,1444,184,10357.362777777778,164,
피커 2명 · DD→PD (strict),greedy:count:cells_asc:time_asc,2026-07-24,62.72033333333332,132,62.90366666666665,0.028261784511784512,55,63.481444444444435,11.571760101010094,63.481444444444435,150,52.243249999999996,97.40577342810585,187,1444,184,10005.153916666664,157,
피커 2명 · DD→PD (strict),greedy:count:cells_asc:demand_desc,2026-07-24,62.720333333333336,132,62.90366666666667,0.03133417508417508,55,63.47588888888889,27.43218232323232,63.47588888888889,150,50.784416666666665,88.62456873388494,187,1444,184,9540.863083333334,131,
피커 2명 · DD→PD (strict),greedy:count:cells_asc:qty_desc,2026-07-24,62.720333333333336,132,62.90366666666667,0.03133417508417508,55,63.47588888888889,27.35083787878788,63.47588888888889,150,50.784416666666665,88.5961887540851,187,1444,184,9542.896694444446,131,
피커 2명 · DD→PD (strict),greedy:count:qty_desc:none,2026-07-24,62.72033333333334,132,62.74533333333334,0.021485690235690233,55,62.9621388888889,38.75093838383839,62.9621388888889,149,56.543722222222236,87.04086406425026,187,1444,184,6808.067138888889,40,
피커 2명 · DD→PD (strict),greedy:count:qty_desc:time_asc,2026-07-24,62.72033333333334,132,62.734222222222236,0.021485690235690233,55,62.90594444444446,38.60247828282829,62.90594444444446,149,56.446055555555574,87.63414029940644,187,1444,184,6799.179555555557,40,
피커 2명 · DD→PD (strict),greedy:count:qty_desc:demand_desc,2026-07-24,62.72033333333334,132,62.74533333333334,0.021485690235690233,55,62.9621388888889,38.75833333333334,62.9621388888889,149,56.543722222222236,87.05943430730197,187,1444,184,6806.033527777778,40,
피커 2명 · DD→PD (strict),greedy:count:qty_desc:cells_asc,2026-07-24,62.72033333333334,132,62.74533333333334,0.021485690235690233,55,62.9621388888889,38.75093838383839,62.9621388888889,149,56.543722222222236,87.01163132870415,187,1444,184,6808.067138888889,40,
피커 2명 · DD→PD (strict),greedy:count_partial:none:none,2026-07-24,62.72033333333332,132,62.74533333333332,0.021485690235690233,55,62.96477777777776,40.07412575757575,62.96477777777776,151,54.87199999999999,86.49876077101307,187,1444,184,6715.538083333332,37,
피커 2명 · DD→PD (strict),greedy:count_partial:time_asc:none,2026-07-24,62.72033333333332,132,62.73422222222221,0.021485690235690233,55,62.90922222222221,39.968009595959586,62.90922222222221,150,54.382666666666665,86.35966198207998,187,1444,184,6704.473666666666,37,
피커 2명 · DD→PD (strict),greedy:count_partial:time_asc:demand_desc,2026-07-24,62.72033333333332,132,62.73422222222221,0.021485690235690233,55,62.90922222222221,39.968009595959586,62.90922222222221,150,54.382666666666665,86.35966198207998,187,1444,184,6704.473666666666,37,
피커 2명 · DD→PD (strict),greedy:count_partial:time_asc:cells_asc,2026-07-24,62.72033333333332,132,62.73422222222221,0.021485690235690233,55,62.90922222222221,39.968009595959586,62.90922222222221,150,54.382666666666665,86.35966198207998,187,1444,184,6704.473666666666,37,
피커 2명 · DD→PD (strict),greedy:count_partial:time_asc:qty_desc,2026-07-24,62.72033333333332,132,62.73422222222221,0.021485690235690233,55,62.90922222222221,39.968009595959586,62.90922222222221,150,54.382666666666665,86.35966198207998,187,1444,184,6704.473666666666,37,
피커 2명 · DD→PD (strict),greedy:count_partial:demand_desc:none,2026-07-24,62.72033333333332,132,62.74533333333332,0.021485690235690233,55,62.96477777777776,40.062307070707064,62.96477777777776,150,54.23311111111111,86.52479163835864,187,1444,184,6714.440083333331,37,
피커 2명 · DD→PD (strict),greedy:count_partial:demand_desc:time_asc,2026-07-24,62.72033333333332,132,62.73422222222221,0.021485690235690233,55,62.90922222222221,39.96916262626262,62.90922222222221,150,54.135444444444445,86.37122096565952,187,1444,184,6708.561888888887,37,
피커 2명 · DD→PD (strict),greedy:count_partial:demand_desc:cells_asc,2026-07-24,62.72033333333332,132,62.74533333333332,0.021485690235690233,55,62.96477777777776,40.062307070707064,62.96477777777776,150,54.23311111111111,86.50700568042448,187,1444,184,6714.440083333331,37,
피커 2명 · DD→PD (strict),greedy:count_partial:demand_desc:qty_desc,2026-07-24,62.72033333333332,132,62.74533333333332,0.021485690235690233,55,62.96477777777776,40.062307070707064,62.96477777777776,150,54.23311111111111,86.52479163835864,187,1444,184,6714.440083333331,37,
피커 2명 · DD→PD (strict),greedy:count_partial:cells_asc:none,2026-07-24,62.72033333333332,132,62.74533333333332,0.021485690235690233,55,62.96477777777776,40.07412575757575,62.96477777777776,151,54.87199999999999,86.48097481307892,187,1444,184,6715.538083333332,37,
피커 2명 · DD→PD (strict),greedy:count_partial:cells_asc:time_asc,2026-07-24,62.72033333333332,132,62.73422222222221,0.021485690235690233,55,62.90922222222221,39.968009595959586,62.90922222222221,150,54.382666666666665,86.34186031724724,187,1444,184,6704.473666666666,37,
피커 2명 · DD→PD (strict),greedy:count_partial:cells_asc:demand_desc,2026-07-24,62.72033333333332,132,62.74533333333332,0.021485690235690233,55,62.96477777777776,40.062307070707064,62.96477777777776,150,54.23311111111111,86.50700568042448,187,1444,184,6714.440083333331,37,
피커 2명 · DD→PD (strict),greedy:count_partial:cells_asc:qty_desc,2026-07-24,62.72033333333332,132,62.74533333333332,0.021485690235690233,55,62.96477777777776,40.062307070707064,62.96477777777776,150,54.23311111111111,86.50700568042448,187,1444,184,6714.440083333331,37,
피커 2명 · DD→PD (strict),greedy:count_partial:qty_desc:none,2026-07-24,62.72033333333332,132,62.74533333333332,0.021485690235690233,55,62.96477777777776,40.062307070707064,62.96477777777776,150,54.23311111111111,86.52479163835864,187,1444,184,6714.440083333331,37,
피커 2명 · DD→PD (strict),greedy:count_partial:qty_desc:time_asc,2026-07-24,62.72033333333332,132,62.73422222222221,0.021485690235690233,55,62.90922222222221,39.96916262626262,62.90922222222221,150,54.135444444444445,86.37122096565952,187,1444,184,6708.561888888887,37,
피커 2명 · DD→PD (strict),greedy:count_partial:qty_desc:demand_desc,2026-07-24,62.72033333333332,132,62.74533333333332,0.021485690235690233,55,62.96477777777776,40.062307070707064,62.96477777777776,150,54.23311111111111,86.52479163835864,187,1444,184,6714.440083333331,37,
피커 2명 · DD→PD (strict),greedy:count_partial:qty_desc:cells_asc,2026-07-24,62.72033333333332,132,62.74533333333332,0.021485690235690233,55,62.96477777777776,40.062307070707064,62.96477777777776,150,54.23311111111111,86.50700568042448,187,1444,184,6714.440083333331,37,
피커 2명 · DD→PD (strict),greedy:count_ddweighted:none:none,2026-07-24,62.72033333333333,132,62.90366666666666,0.028114478114478116,55,63.47588888888888,10.400885353535344,63.47588888888888,148,49.09941666666667,91.51936562089192,187,1444,184,9809.264888888889,162,
피커 2명 · DD→PD (strict),greedy:count_ddweighted:time_asc:none,2026-07-24,62.72033333333333,132,61.969944444444444,0.028261784511784512,55,62.775888888888886,11.628533838383827,62.775888888888886,154,52.04408333333333,102.3671756495328,187,1444,184,9610.258805555557,146,
피커 2명 · DD→PD (strict),greedy:count_ddweighted:time_asc:demand_desc,2026-07-24,62.72033333333333,132,61.969944444444444,0.028261784511784512,55,62.775888888888886,11.628533838383827,62.775888888888886,154,52.04408333333333,102.3671756495328,187,1444,184,9610.258805555557,146,
피커 2명 · DD→PD (strict),greedy:count_ddweighted:time_asc:cells_asc,2026-07-24,62.72033333333333,132,61.969944444444444,0.028261784511784512,55,62.775888888888886,11.628533838383827,62.775888888888886,154,52.04408333333333,102.3671756495328,187,1444,184,9610.258805555557,146,
피커 2명 · DD→PD (strict),greedy:count_ddweighted:time_asc:qty_desc,2026-07-24,62.72033333333333,132,61.969944444444444,0.028261784511784512,55,62.775888888888886,11.628533838383827,62.775888888888886,154,52.04408333333333,102.3671756495328,187,1444,184,9610.258805555557,146,
피커 2명 · DD→PD (strict),greedy:count_ddweighted:demand_desc:none,2026-07-24,62.72033333333334,132,62.74533333333334,0.021485690235690233,55,62.9621388888889,38.7121797979798,62.9621388888889,149,56.543722222222236,87.0167388955532,187,1444,184,6801.903194444444,40,
피커 2명 · DD→PD (strict),greedy:count_ddweighted:demand_desc:time_asc,2026-07-24,62.72033333333334,132,62.734222222222236,0.021485690235690233,55,62.90594444444446,38.575314646464655,62.90594444444446,149,56.446055555555574,87.59825868779403,187,1444,184,6793.283000000001,40,
피커 2명 · DD→PD (strict),greedy:count_ddweighted:demand_desc:cells_asc,2026-07-24,62.72033333333334,132,62.74533333333334,0.021485690235690233,55,62.9621388888889,38.7121797979798,62.9621388888889,149,56.543722222222236,86.98750616000711,187,1444,184,6801.903194444444,40,
피커 2명 · DD→PD (strict),greedy:count_ddweighted:demand_desc:qty_desc,2026-07-24,62.72033333333334,132,62.74533333333334,0.021485690235690233,55,62.9621388888889,38.70478484848485,62.9621388888889,149,56.543722222222236,87.01754405315012,187,1444,184,6802.716638888888,40,
피커 2명 · DD→PD (strict),greedy:count_ddweighted:cells_asc:none,2026-07-24,62.72033333333333,132,62.90366666666666,0.028114478114478116,55,63.47866666666666,10.604819696969686,63.47866666666666,153,52.271861111111114,87.56825565194255,187,1444,184,10312.413333333334,160,
피커 2명 · DD→PD (strict),greedy:count_ddweighted:cells_asc:time_asc,2026-07-24,62.72033333333332,132,62.90366666666665,0.03148148148148148,55,63.481444444444435,11.072984343434333,63.481444444444435,151,48.86677777777778,97.98818158587021,187,1444,184,10003.050583333332,157,
피커 2명 · DD→PD (strict),greedy:count_ddweighted:cells_asc:demand_desc,2026-07-24,62.72033333333333,132,62.90366666666666,0.03133417508417508,55,63.47588888888888,27.392936868686864,63.47588888888888,150,50.78441666666666,88.58168412152995,187,1444,184,9530.975,131,
피커 2명 · DD→PD (strict),greedy:count_ddweighted:cells_asc:qty_desc,2026-07-24,62.720333333333336,132,62.90366666666667,0.03133417508417508,55,63.47588888888889,27.311592424242413,63.47588888888889,150,50.784416666666665,88.5533041417301,187,1444,184,9533.00861111111,131,
피커 2명 · DD→PD (strict),greedy:count_ddweighted:qty_desc:none,2026-07-24,62.72033333333334,132,62.74533333333334,0.021485690235690233,55,62.9621388888889,38.697389898989904,62.9621388888889,149,56.543722222222236,86.9989738100984,187,1444,184,6804.750249999999,40,
피커 2명 · DD→PD (strict),greedy:count_ddweighted:qty_desc:time_asc,2026-07-24,62.72033333333334,132,62.734222222222236,0.021485690235690233,55,62.90594444444446,38.5679196969697,62.90594444444446,149,56.446055555555574,87.59468854294816,187,1444,184,6796.9435,40,
피커 2명 · DD→PD (strict),greedy:count_ddweighted:qty_desc:demand_desc,2026-07-24,62.72033333333334,132,62.74533333333334,0.021485690235690233,55,62.9621388888889,38.70478484848485,62.9621388888889,149,56.543722222222236,87.01754405315012,187,1444,184,6802.716638888888,40,
피커 2명 · DD→PD (strict),greedy:count_ddweighted:qty_desc:cells_asc,2026-07-24,62.72033333333334,132,62.74533333333334,0.021485690235690233,55,62.9621388888889,38.697389898989904,62.9621388888889,149,56.543722222222236,86.9697410745523,187,1444,184,6804.750249999999,40,
피커 2명 · DD→PD (strict),search:genetic,2026-07-24,62.720333333333315,132,62.74533333333331,0.021485690235690233,55,62.962138888888866,37.7856106060606,62.962138888888866,149,56.54372222222221,87.22808327932528,187,1444,184,7008.3748055555525,39,
피커 2명 · DD→PD (strict),sort:qty_desc,2026-07-26,64.84397222222219,351,64.87730555555552,0.14715891104779993,0,,,64.87730555555552,134,52.42274999999998,77.74835576384996,351,2652,187,6507.566444444443,26,
피커 2명 · DD→PD (strict),sort:qty_asc,2026-07-26,64.84397222222222,351,66.62566666666666,0.5279172997784114,0,,,66.62566666666666,200,63.58011111111111,95.9042294344355,351,2652,187,22220.149638888885,186,
피커 2명 · DD→PD (strict),sort:time_asc,2026-07-26,64.8439722222222,351,65.68252777777775,0.28152342513453543,0,,,65.68252777777775,214,58.21844444444443,128.5557172950188,351,2652,187,21709.390638888883,184,
피커 2명 · DD→PD (strict),sort:demand_desc,2026-07-26,64.84397222222219,351,64.87730555555552,0.14715891104779993,0,,,64.87730555555552,134,52.42274999999998,77.74632115407587,351,2652,187,6507.566444444443,26,
피커 2명 · DD→PD (strict),sort:cells_asc,2026-07-26,64.84397222222218,351,66.4411944444444,0.41831275720164607,0,,,66.4411944444444,196,61.716638888888845,94.80534624812331,351,2652,187,22186.833916666652,186,
피커 2명 · DD→PD (strict),sort:code,2026-07-26,64.84397222222219,351,65.05163888888886,0.22412044950933838,0,,,65.05163888888886,191,52.09024999999998,116.6941113875771,351,2652,187,19858.310555555545,179,
피커 2명 · DD→PD (strict),sort:random,2026-07-26,64.84397222222222,351,64.98027777777777,0.2170617283950617,0,,,64.98027777777777,199,49.8117777777778,112.00787290160687,351,2652,187,19317.629027777784,155,
피커 2명 · DD→PD (strict),greedy:count:none:none,2026-07-26,64.8439722222222,351,64.98130555555554,0.1986616017727129,0,,,64.98130555555554,166,47.893027777777775,100.64317387009169,351,2652,187,18156.95852777777,169,
피커 2명 · DD→PD (strict),greedy:count:time_asc:none,2026-07-26,64.84397222222219,351,65.64119444444442,0.21709306742640064,0,,,65.64119444444442,184,48.38038888888889,108.5499404802963,351,2652,187,19030.447333333334,159,
피커 2명 · DD→PD (strict),greedy:count:time_asc:demand_desc,2026-07-26,64.84397222222219,351,65.64119444444442,0.21709306742640064,0,,,65.64119444444442,184,48.38038888888889,108.5499404802963,351,2652,187,19030.447333333334,159,
피커 2명 · DD→PD (strict),greedy:count:time_asc:cells_asc,2026-07-26,64.84397222222219,351,65.64119444444442,0.21709306742640064,0,,,65.64119444444442,184,48.38038888888889,108.5499404802963,351,2652,187,19030.447333333334,159,
피커 2명 · DD→PD (strict),greedy:count:time_asc:qty_desc,2026-07-26,64.84397222222219,351,65.64119444444442,0.21709306742640064,0,,,65.64119444444442,184,48.38038888888889,108.5499404802963,351,2652,187,19030.447333333334,159,
피커 2명 · DD→PD (strict),greedy:count:demand_desc:none,2026-07-26,64.84397222222219,351,64.87174999999998,0.14715891104779993,0,,,64.87174999999998,118,50.01027777777776,70.13810111660484,351,2652,187,6229.336222222222,27,
피커 2명 · DD→PD (strict),greedy:count:demand_desc:time_asc,2026-07-26,64.84397222222219,351,64.8800833333333,0.14715891104779993,0,,,64.8800833333333,118,50.924944444444414,70.59376336600471,351,2652,187,6193.36322222222,26,
피커 2명 · DD→PD (strict),greedy:count:demand_desc:cells_asc,2026-07-26,64.84397222222219,351,64.87174999999998,0.14715891104779993,0,,,64.87174999999998,118,50.01027777777776,70.03588918819739,351,2652,187,6217.838472222223,26,
피커 2명 · DD→PD (strict),greedy:count:demand_desc:qty_desc,2026-07-26,64.84397222222219,351,64.87174999999998,0.14715891104779993,0,,,64.87174999999998,118,50.01027777777776,70.140135900621,351,2652,187,6229.336222222222,27,
피커 2명 · DD→PD (strict),greedy:count:cells_asc:none,2026-07-26,64.84397222222219,351,65.64119444444441,0.19905935422602092,0,,,65.64119444444441,175,49.05777777777775,90.86149618951173,351,2652,187,19471.971888888875,160,
피커 2명 · DD→PD (strict),greedy:count:cells_asc:time_asc,2026-07-26,64.84397222222219,351,65.64119444444441,0.21730175688509024,0,,,65.64119444444441,171,50.53591666666663,95.60574427559247,351,2652,187,19960.288472222215,172,
피커 2명 · DD→PD (strict),greedy:count:cells_asc:demand_desc,2026-07-26,64.84397222222219,351,65.64119444444441,0.1990212883823995,0,,,65.64119444444441,160,45.040722222222186,87.53087174678163,351,2652,187,18868.814472222213,165,
피커 2명 · DD→PD (strict),greedy:count:cells_asc:qty_desc,2026-07-26,64.84397222222219,351,65.64119444444441,0.1990212883823995,0,,,65.64119444444441,160,45.040722222222186,87.53288267911027,351,2652,187,18868.814472222213,165,
피커 2명 · DD→PD (strict),greedy:count:qty_desc:none,2026-07-26,64.84397222222219,351,64.87174999999998,0.14715891104779993,0,,,64.87174999999998,118,50.01027777777776,70.140135900621,351,2652,187,6229.336222222222,27,
피커 2명 · DD→PD (strict),greedy:count:qty_desc:time_asc,2026-07-26,64.84397222222219,351,64.8800833333333,0.14715891104779993,0,,,64.8800833333333,118,50.924944444444414,70.59280604431338,351,2652,187,6193.36322222222,26,
피커 2명 · DD→PD (strict),greedy:count:qty_desc:demand_desc,2026-07-26,64.84397222222219,351,64.87174999999998,0.14715891104779993,0,,,64.87174999999998,118,50.01027777777776,70.140135900621,351,2652,187,6229.336222222222,27,
피커 2명 · DD→PD (strict),greedy:count:qty_desc:cells_asc,2026-07-26,64.84397222222219,351,64.87174999999998,0.14715891104779993,0,,,64.87174999999998,118,50.01027777777776,70.03792397221355,351,2652,187,6217.838472222223,26,
피커 2명 · DD→PD (strict),greedy:count_partial:none:none,2026-07-26,64.8439722222222,351,64.87174999999998,0.14715891104779993,0,,,64.87174999999998,121,47.95016666666667,70.91449154164434,351,2652,187,5999.490916666667,22,
피커 2명 · DD→PD (strict),greedy:count_partial:time_asc:none,2026-07-26,64.8439722222222,351,64.88008333333332,0.14715891104779993,0,,,64.88008333333332,122,51.95916666666664,70.59864544974639,351,2652,187,5994.484388888889,22,
피커 2명 · DD→PD (strict),greedy:count_partial:time_asc:demand_desc,2026-07-26,64.8439722222222,351,64.88008333333332,0.14715891104779993,0,,,64.88008333333332,122,51.95916666666664,70.59864544974639,351,2652,187,5994.484388888889,22,
피커 2명 · DD→PD (strict),greedy:count_partial:time_asc:cells_asc,2026-07-26,64.8439722222222,351,64.88008333333332,0.14715891104779993,0,,,64.88008333333332,122,51.95916666666664,70.59864544974639,351,2652,187,5994.484388888889,22,
피커 2명 · DD→PD (strict),greedy:count_partial:time_asc:qty_desc,2026-07-26,64.8439722222222,351,64.88008333333332,0.14715891104779993,0,,,64.88008333333332,122,51.95916666666664,70.59864544974639,351,2652,187,5994.484388888889,22,
피커 2명 · DD→PD (strict),greedy:count_partial:demand_desc:none,2026-07-26,64.8439722222222,351,64.87174999999998,0.14715891104779993,0,,,64.87174999999998,122,51.67880555555554,70.93727838217542,351,2652,187,6001.111583333333,22,
피커 2명 · DD→PD (strict),greedy:count_partial:demand_desc:time_asc,2026-07-26,64.8439722222222,351,64.88008333333332,0.14715891104779993,0,,,64.88008333333332,123,52.326083333333315,70.54292684409656,351,2652,187,5998.360361111111,22,
피커 2명 · DD→PD (strict),greedy:count_partial:demand_desc:cells_asc,2026-07-26,64.8439722222222,351,64.87174999999998,0.14715891104779993,0,,,64.87174999999998,122,51.67880555555554,70.93727838217542,351,2652,187,6001.111583333333,22,
피커 2명 · DD→PD (strict),greedy:count_partial:demand_desc:qty_desc,2026-07-26,64.8439722222222,351,64.87174999999998,0.14715891104779993,0,,,64.87174999999998,122,51.67880555555554,70.93727838217542,351,2652,187,6001.111583333333,22,
피커 2명 · DD→PD (strict),greedy:count_partial:cells_asc:none,2026-07-26,64.8439722222222,351,64.87174999999998,0.14715891104779993,0,,,64.87174999999998,121,47.95016666666667,70.91449154164434,351,2652,187,5999.490916666667,22,
피커 2명 · DD→PD (strict),greedy:count_partial:cells_asc:time_asc,2026-07-26,64.8439722222222,351,64.88008333333332,0.14715891104779993,0,,,64.88008333333332,122,51.95916666666664,70.58232260114065,351,2652,187,5994.484388888889,22,
피커 2명 · DD→PD (strict),greedy:count_partial:cells_asc:demand_desc,2026-07-26,64.8439722222222,351,64.87174999999998,0.14715891104779993,0,,,64.87174999999998,122,51.67880555555554,70.93727838217542,351,2652,187,6001.111583333333,22,
피커 2명 · DD→PD (strict),greedy:count_partial:cells_asc:qty_desc,2026-07-26,64.8439722222222,351,64.87174999999998,0.14715891104779993,0,,,64.87174999999998,122,51.67880555555554,70.93727838217542,351,2652,187,6001.111583333333,22,
피커 2명 · DD→PD (strict),greedy:count_partial:qty_desc:none,2026-07-26,64.8439722222222,351,64.87174999999998,0.14715891104779993,0,,,64.87174999999998,122,51.67880555555554,70.93727838217542,351,2652,187,6001.111583333333,22,
피커 2명 · DD→PD (strict),greedy:count_partial:qty_desc:time_asc,2026-07-26,64.8439722222222,351,64.88008333333332,0.14715891104779993,0,,,64.88008333333332,123,52.326083333333315,70.54292684409656,351,2652,187,5998.360361111111,22,
피커 2명 · DD→PD (strict),greedy:count_partial:qty_desc:demand_desc,2026-07-26,64.8439722222222,351,64.87174999999998,0.14715891104779993,0,,,64.87174999999998,122,51.67880555555554,70.93727838217542,351,2652,187,6001.111583333333,22,
피커 2명 · DD→PD (strict),greedy:count_partial:qty_desc:cells_asc,2026-07-26,64.8439722222222,351,64.87174999999998,0.14715891104779993,0,,,64.87174999999998,122,51.67880555555554,70.93727838217542,351,2652,187,6001.111583333333,22,
피커 2명 · DD→PD (strict),greedy:count_ddweighted:none:none,2026-07-26,64.8439722222222,351,64.98130555555554,0.1986616017727129,0,,,64.98130555555554,166,47.893027777777775,100.64317387009169,351,2652,187,18156.95852777777,169,
피커 2명 · DD→PD (strict),greedy:count_ddweighted:time_asc:none,2026-07-26,64.84397222222219,351,65.64119444444442,0.21709306742640064,0,,,65.64119444444442,184,48.38038888888889,108.5499404802963,351,2652,187,19030.447333333334,159,
피커 2명 · DD→PD (strict),greedy:count_ddweighted:time_asc:demand_desc,2026-07-26,64.84397222222219,351,65.64119444444442,0.21709306742640064,0,,,65.64119444444442,184,48.38038888888889,108.5499404802963,351,2652,187,19030.447333333334,159,
피커 2명 · DD→PD (strict),greedy:count_ddweighted:time_asc:cells_asc,2026-07-26,64.84397222222219,351,65.64119444444442,0.21709306742640064,0,,,65.64119444444442,184,48.38038888888889,108.5499404802963,351,2652,187,19030.447333333334,159,
피커 2명 · DD→PD (strict),greedy:count_ddweighted:time_asc:qty_desc,2026-07-26,64.84397222222219,351,65.64119444444442,0.21709306742640064,0,,,65.64119444444442,184,48.38038888888889,108.5499404802963,351,2652,187,19030.447333333334,159,
피커 2명 · DD→PD (strict),greedy:count_ddweighted:demand_desc:none,2026-07-26,64.84397222222219,351,64.87174999999998,0.14715891104779993,0,,,64.87174999999998,118,50.01027777777776,70.13810111660484,351,2652,187,6229.336222222222,27,
피커 2명 · DD→PD (strict),greedy:count_ddweighted:demand_desc:time_asc,2026-07-26,64.84397222222219,351,64.8800833333333,0.14715891104779993,0,,,64.8800833333333,118,50.924944444444414,70.59376336600471,351,2652,187,6193.36322222222,26,
피커 2명 · DD→PD (strict),greedy:count_ddweighted:demand_desc:cells_asc,2026-07-26,64.84397222222219,351,64.87174999999998,0.14715891104779993,0,,,64.87174999999998,118,50.01027777777776,70.03588918819739,351,2652,187,6217.838472222223,26,
피커 2명 · DD→PD (strict),greedy:count_ddweighted:demand_desc:qty_desc,2026-07-26,64.84397222222219,351,64.87174999999998,0.14715891104779993,0,,,64.87174999999998,118,50.01027777777776,70.140135900621,351,2652,187,6229.336222222222,27,
피커 2명 · DD→PD (strict),greedy:count_ddweighted:cells_asc:none,2026-07-26,64.84397222222219,351,65.64119444444441,0.19905935422602092,0,,,65.64119444444441,175,49.05777777777775,90.86149618951173,351,2652,187,19471.971888888875,160,
피커 2명 · DD→PD (strict),greedy:count_ddweighted:cells_asc:time_asc,2026-07-26,64.84397222222219,351,65.64119444444441,0.21730175688509024,0,,,65.64119444444441,171,50.53591666666663,95.60574427559247,351,2652,187,19960.288472222215,172,
피커 2명 · DD→PD (strict),greedy:count_ddweighted:cells_asc:demand_desc,2026-07-26,64.84397222222219,351,65.64119444444441,0.1990212883823995,0,,,65.64119444444441,160,45.040722222222186,87.53087174678163,351,2652,187,18868.814472222213,165,
피커 2명 · DD→PD (strict),greedy:count_ddweighted:cells_asc:qty_desc,2026-07-26,64.84397222222219,351,65.64119444444441,0.1990212883823995,0,,,65.64119444444441,160,45.040722222222186,87.53288267911027,351,2652,187,18868.814472222213,165,
피커 2명 · DD→PD (strict),greedy:count_ddweighted:qty_desc:none,2026-07-26,64.84397222222219,351,64.87174999999998,0.14715891104779993,0,,,64.87174999999998,118,50.01027777777776,70.140135900621,351,2652,187,6229.336222222222,27,
피커 2명 · DD→PD (strict),greedy:count_ddweighted:qty_desc:time_asc,2026-07-26,64.84397222222219,351,64.8800833333333,0.14715891104779993,0,,,64.8800833333333,118,50.924944444444414,70.59280604431338,351,2652,187,6193.36322222222,26,
피커 2명 · DD→PD (strict),greedy:count_ddweighted:qty_desc:demand_desc,2026-07-26,64.84397222222219,351,64.87174999999998,0.14715891104779993,0,,,64.87174999999998,118,50.01027777777776,70.140135900621,351,2652,187,6229.336222222222,27,
피커 2명 · DD→PD (strict),greedy:count_ddweighted:qty_desc:cells_asc,2026-07-26,64.84397222222219,351,64.87174999999998,0.14715891104779993,0,,,64.87174999999998,118,50.01027777777776,70.03792397221355,351,2652,187,6217.838472222223,26,
피커 2명 · DD→PD (strict),search:genetic,2026-07-26,64.84397222222219,351,64.87174999999998,0.14715891104779993,0,,,64.87174999999998,118,50.01027777777776,70.13810111660484,351,2652,187,6229.336222222222,27,
피커 2명 · DD→PD (strict),sort:qty_desc,2026-07-27,64.73777777777777,310,64.54911111111109,0.1603763440860215,183,65.2538611111111,41.363820582877956,65.2538611111111,198,59.5021111111111,125.5317790901262,493,3710,186,16613.58044444444,29,
피커 2명 · DD→PD (strict),sort:qty_asc,2026-07-27,64.73777777777775,310,66.50877777777775,0.5409290322580652,183,68.5032222222222,4.668273375834851,68.5032222222222,284,64.22266666666664,108.67532468059085,493,3710,186,31949.26330555555,185,
피커 2명 · DD→PD (strict),sort:time_asc,2026-07-27,64.73777777777777,310,65.71080555555555,0.32730474910394247,183,67.71358333333332,4.908403309046748,67.71358333333332,270,61.954499999999996,148.0077442200379,493,3710,186,31421.61433333333,183,
피커 2명 · DD→PD (strict),sort:demand_desc,2026-07-27,64.73777777777777,310,64.5491111111111,0.1603763440860215,183,65.2491111111111,41.32243184578021,65.2491111111111,198,59.502111111111105,125.49341923772482,493,3710,186,16618.09997222222,29,
피커 2명 · DD→PD (strict),sort:cells_asc,2026-07-27,64.73777777777775,310,66.50877777777775,0.5407587813620078,183,68.50322222222219,4.963564359441409,68.50322222222219,284,64.22266666666664,105.48545607749186,493,3710,186,31903.233194444438,185,
피커 2명 · DD→PD (strict),sort:code,2026-07-27,64.73777777777775,310,64.80499999999998,0.2560836021505377,183,66.81055555555554,6.074407103825129,66.81055555555554,272,59.52899999999999,146.47517566252836,493,3710,186,30831.750694444436,176,
피커 2명 · DD→PD (strict),sort:random,2026-07-27,64.73777777777775,310,64.77666666666664,0.29212768817204277,183,66.65166666666664,8.725169550698226,66.65166666666664,258,47.86694444444444,150.20016045276847,493,3710,186,29767.875194444434,172,
피커 2명 · DD→PD (strict),greedy:count:none:none,2026-07-27,64.73777777777777,310,65.18499999999999,0.25035654121863804,183,67.19055555555555,12.921839101396467,67.19055555555555,237,56.46869444444446,133.50663204980856,493,3710,186,28346.996222222224,162,
피커 2명 · DD→PD (strict),greedy:count:time_asc:none,2026-07-27,64.73777777777775,310,65.06277777777775,0.2334228494623656,183,67.06833333333331,14.69847176684881,67.06833333333331,235,55.92933333333331,144.46378196366888,493,3710,186,28329.90691666666,163,
피커 2명 · DD→PD (strict),greedy:count:time_asc:demand_desc,2026-07-27,64.73777777777775,310,65.06277777777775,0.2334228494623656,183,67.06833333333331,14.69847176684881,67.06833333333331,235,55.92933333333331,144.47322672564462,493,3710,186,28329.90691666666,163,
피커 2명 · DD→PD (strict),greedy:count:time_asc:cells_asc,2026-07-27,64.73777777777775,310,65.06277777777775,0.2334228494623656,183,67.06833333333331,14.69847176684881,67.06833333333331,235,55.92933333333331,144.46378196366888,493,3710,186,28329.90691666666,163,
피커 2명 · DD→PD (strict),greedy:count:time_asc:qty_desc,2026-07-27,64.73777777777775,310,65.06277777777775,0.2334228494623656,183,67.06833333333331,14.69847176684881,67.06833333333331,235,55.92933333333331,144.47322672564462,493,3710,186,28329.90691666666,163,
피커 2명 · DD→PD (strict),greedy:count:demand_desc:none,2026-07-27,64.73777777777777,310,62.329361111111105,0.16100806451612903,183,64.75999999999999,40.727491955069816,64.75999999999999,195,61.02855555555555,120.23569032667625,493,3710,186,16201.458555555555,30,
피커 2명 · DD→PD (strict),greedy:count:demand_desc:time_asc,2026-07-27,64.73777777777777,310,62.329361111111105,0.16100806451612903,183,64.75999999999999,41.00472844565877,64.75999999999999,196,61.73058333333333,121.09880799190171,493,3710,186,16243.583416666666,30,
피커 2명 · DD→PD (strict),greedy:count:demand_desc:cells_asc,2026-07-27,64.73777777777777,310,62.329361111111105,0.16100806451612903,183,64.75999999999999,40.727491955069816,64.75999999999999,195,61.02855555555555,120.22892002951066,493,3710,186,16201.458555555555,30,
피커 2명 · DD→PD (strict),greedy:count:demand_desc:qty_desc,2026-07-27,64.73777777777777,310,62.329361111111105,0.16100806451612903,183,64.75999999999999,40.72699362477231,64.75999999999999,195,61.02855555555555,120.25181396266555,493,3710,186,16202.737916666667,30,
피커 2명 · DD→PD (strict),greedy:count:cells_asc:none,2026-07-27,64.73777777777777,310,65.18499999999999,0.25044525089605735,183,67.19055555555555,12.217502884031562,67.19055555555555,232,54.12555555555556,119.30545504907268,493,3710,186,28845.616722222218,156,
피커 2명 · DD→PD (strict),greedy:count:cells_asc:time_asc,2026-07-27,64.73777777777777,310,65.18499999999999,0.2483326164874552,183,67.19055555555553,9.960643594414075,67.19055555555553,246,59.91430555555556,128.16785303820808,493,3710,186,30112.745583333333,177,
피커 2명 · DD→PD (strict),greedy:count:cells_asc:demand_desc,2026-07-27,64.73777777777777,310,65.18499999999999,0.2021470430107531,183,67.19055555555553,14.964761839708551,67.19055555555553,228,63.72027777777776,121.98916307682127,493,3710,186,28055.29283333333,146,
피커 2명 · DD→PD (strict),greedy:count:cells_asc:qty_desc,2026-07-27,64.73777777777775,310,65.18499999999997,0.2021470430107531,183,67.19055555555553,14.95571903460837,67.19055555555553,228,63.72027777777775,121.96290442605194,493,3710,186,28058.07580555555,146,
피커 2명 · DD→PD (strict),greedy:count:qty_desc:none,2026-07-27,64.73777777777777,310,62.329361111111105,0.16100806451612903,183,64.75999999999999,40.72699362477231,64.75999999999999,195,61.02855555555555,120.25191433326468,493,3710,186,16202.737916666667,30,
피커 2명 · DD→PD (strict),greedy:count:qty_desc:time_asc,2026-07-27,64.73777777777777,310,62.329361111111105,0.16100806451612903,183,64.75999999999999,41.00449286581663,64.75999999999999,196,61.73058333333333,121.11434270125591,493,3710,186,16243.84697222222,30,
피커 2명 · DD→PD (strict),greedy:count:qty_desc:demand_desc,2026-07-27,64.73777777777777,310,62.329361111111105,0.16100806451612903,183,64.75999999999999,40.72699362477231,64.75999999999999,195,61.02855555555555,120.25181396266555,493,3710,186,16202.737916666667,30,
피커 2명 · DD→PD (strict),greedy:count:qty_desc:cells_asc,2026-07-27,64.73777777777777,310,62.329361111111105,0.16100806451612903,183,64.75999999999999,40.72699362477231,64.75999999999999,195,61.02855555555555,120.24514403609908,493,3710,186,16202.737916666667,30,
피커 2명 · DD→PD (strict),greedy:count_partial:none:none,2026-07-27,64.73777777777778,310,62.82805555555556,0.1603763440860215,183,64.76,42.92907468123862,64.76,196,61.45355555555556,119.96500840711,493,3710,186,15830.878583333335,22,
피커 2명 · DD→PD (strict),greedy:count_partial:time_asc:none,2026-07-27,64.73777777777778,310,63.03616666666667,0.1603763440860215,183,64.82227777777778,43.76130009107468,64.82227777777778,202,61.01500000000001,122.07518420021923,493,3710,186,15976.704111111112,22,
피커 2명 · DD→PD (strict),greedy:count_partial:time_asc:demand_desc,2026-07-27,64.73777777777778,310,63.03616666666667,0.1603763440860215,183,64.82227777777778,43.76130009107468,64.82227777777778,202,61.01500000000001,122.07518420021923,493,3710,186,15976.704111111112,22,
피커 2명 · DD→PD (strict),greedy:count_partial:time_asc:cells_asc,2026-07-27,64.73777777777778,310,63.03616666666667,0.1603763440860215,183,64.82227777777778,43.76130009107468,64.82227777777778,202,61.01500000000001,122.07518420021923,493,3710,186,15976.704111111112,22,
피커 2명 · DD→PD (strict),greedy:count_partial:time_asc:qty_desc,2026-07-27,64.73777777777778,310,63.03616666666667,0.1603763440860215,183,64.82227777777778,43.76130009107468,64.82227777777778,202,61.01500000000001,122.07518420021923,493,3710,186,15976.704111111112,22,
피커 2명 · DD→PD (strict),greedy:count_partial:demand_desc:none,2026-07-27,64.73777777777778,310,62.82805555555556,0.1603763440860215,183,64.76,43.05349893746205,64.76,198,59.955555555555556,120.34344159632145,493,3710,186,15859.461305555556,22,
피커 2명 · DD→PD (strict),greedy:count_partial:demand_desc:time_asc,2026-07-27,64.73777777777778,310,63.03616666666667,0.1603763440860215,183,64.82161111111111,43.75283545840923,64.82161111111111,202,61.01500000000001,122.16522438932829,493,3710,186,15980.108305555557,22,
피커 2명 · DD→PD (strict),greedy:count_partial:demand_desc:cells_asc,2026-07-27,64.73777777777778,310,62.82805555555556,0.1603763440860215,183,64.76,43.05349893746205,64.76,198,59.955555555555556,120.33149148994578,493,3710,186,15859.461305555556,22,
피커 2명 · DD→PD (strict),greedy:count_partial:demand_desc:qty_desc,2026-07-27,64.73777777777778,310,62.82805555555556,0.1603763440860215,183,64.76,43.057688069216766,64.76,198,59.955555555555556,120.3513580056276,493,3710,186,15860.147805555558,22,
피커 2명 · DD→PD (strict),greedy:count_partial:cells_asc:none,2026-07-27,64.73777777777778,310,62.82805555555556,0.1603763440860215,183,64.76,42.92907468123862,64.76,196,61.45355555555556,119.95305830073433,493,3710,186,15830.878583333335,22,
피커 2명 · DD→PD (strict),greedy:count_partial:cells_asc:time_asc,2026-07-27,64.73777777777778,310,63.03616666666667,0.1603763440860215,183,64.82227777777778,43.76130009107468,64.82227777777778,202,61.01500000000001,122.06176931627586,493,3710,186,15976.704111111112,22,
피커 2명 · DD→PD (strict),greedy:count_partial:cells_asc:demand_desc,2026-07-27,64.73777777777778,310,62.82805555555556,0.1603763440860215,183,64.76,43.05349893746205,64.76,198,59.955555555555556,120.33149148994578,493,3710,186,15859.461305555556,22,
피커 2명 · DD→PD (strict),greedy:count_partial:cells_asc:qty_desc,2026-07-27,64.73777777777778,310,62.82805555555556,0.1603763440860215,183,64.76,43.057688069216766,64.76,198,59.955555555555556,120.33940789925192,493,3710,186,15860.147805555558,22,
피커 2명 · DD→PD (strict),greedy:count_partial:qty_desc:none,2026-07-27,64.73777777777778,310,62.82805555555556,0.1603763440860215,183,64.76,43.057688069216766,64.76,198,59.955555555555556,120.3513580056276,493,3710,186,15860.147805555558,22,
피커 2명 · DD→PD (strict),greedy:count_partial:qty_desc:time_asc,2026-07-27,64.73777777777778,310,63.03616666666667,0.1603763440860215,183,64.82161111111111,43.75633151183971,64.82161111111111,202,61.01500000000001,122.17156401028805,493,3710,186,15980.565972222224,22,
피커 2명 · DD→PD (strict),greedy:count_partial:qty_desc:demand_desc,2026-07-27,64.73777777777778,310,62.82805555555556,0.1603763440860215,183,64.76,43.057688069216766,64.76,198,59.955555555555556,120.3513580056276,493,3710,186,15860.147805555558,22,
피커 2명 · DD→PD (strict),greedy:count_partial:qty_desc:cells_asc,2026-07-27,64.73777777777778,310,62.82805555555556,0.1603763440860215,183,64.76,43.057688069216766,64.76,198,59.955555555555556,120.33940789925192,493,3710,186,15860.147805555558,22,
피커 2명 · DD→PD (strict),greedy:count_ddweighted:none:none,2026-07-27,64.73777777777777,310,65.18499999999999,0.24868987455197136,183,67.19055555555555,13.278231026108065,67.19055555555555,236,52.600861111111115,133.23205270251273,493,3710,186,28203.754527777783,150,
피커 2명 · DD→PD (strict),greedy:count_ddweighted:time_asc:none,2026-07-27,64.73777777777775,310,65.06277777777775,0.2310133512544803,183,67.06277777777775,14.892811020036417,67.06277777777775,234,55.144861111111105,144.28017404919103,493,3710,186,28128.11044444444,159,
피커 2명 · DD→PD (strict),greedy:count_ddweighted:time_asc:demand_desc,2026-07-27,64.73777777777775,310,65.06277777777775,0.2310133512544803,183,67.06277777777775,14.892811020036417,67.06277777777775,234,55.144861111111105,144.28961959358145,493,3710,186,28128.11044444444,159,
피커 2명 · DD→PD (strict),greedy:count_ddweighted:time_asc:cells_asc,2026-07-27,64.73777777777775,310,65.06277777777775,0.2310133512544803,183,67.06277777777775,14.892811020036417,67.06277777777775,234,55.144861111111105,144.28017404919103,493,3710,186,28128.11044444444,159,
피커 2명 · DD→PD (strict),greedy:count_ddweighted:time_asc:qty_desc,2026-07-27,64.73777777777775,310,65.06277777777775,0.2310133512544803,183,67.06277777777775,14.892811020036417,67.06277777777775,234,55.144861111111105,144.28961959358145,493,3710,186,28128.11044444444,159,
피커 2명 · DD→PD (strict),greedy:count_ddweighted:demand_desc:none,2026-07-27,64.73777777777777,310,62.329361111111105,0.16100806451612903,183,64.75999999999999,40.70651669702489,64.75999999999999,195,61.02855555555555,120.22375351726028,493,3710,186,16197.685166666664,30,
피커 2명 · DD→PD (strict),greedy:count_ddweighted:demand_desc:time_asc,2026-07-27,64.73777777777777,310,62.329361111111105,0.16100806451612903,183,64.75999999999999,40.79240938069216,64.75999999999999,195,61.02855555555555,120.57224624253654,493,3710,186,16206.728027777775,30,
피커 2명 · DD→PD (strict),greedy:count_ddweighted:demand_desc:cells_asc,2026-07-27,64.73777777777777,310,62.329361111111105,0.16100806451612903,183,64.75999999999999,40.70651669702489,64.75999999999999,195,61.02855555555555,120.21698322009468,493,3710,186,16197.685166666664,30,
피커 2명 · DD→PD (strict),greedy:count_ddweighted:demand_desc:qty_desc,2026-07-27,64.73777777777777,310,62.329361111111105,0.16100806451612903,183,64.75999999999999,40.70364678202793,64.75999999999999,195,61.02855555555555,120.23677853270193,493,3710,186,16198.731194444443,30,
피커 2명 · DD→PD (strict),greedy:count_ddweighted:cells_asc:none,2026-07-27,64.73777777777777,310,65.18499999999999,0.24916568100358427,183,67.19055555555553,12.40835018214935,67.19055555555553,230,56.46138888888889,118.9523750857842,493,3710,186,28646.85355555555,163,
피커 2명 · DD→PD (strict),greedy:count_ddweighted:cells_asc:time_asc,2026-07-27,64.73777777777777,310,65.18499999999999,0.2496587813620072,183,67.19055555555553,10.401843503339396,67.19055555555553,244,55.42583333333334,129.19693905393447,493,3710,186,29775.252805555552,171,
피커 2명 · DD→PD (strict),greedy:count_ddweighted:cells_asc:demand_desc,2026-07-27,64.73777777777777,310,65.18499999999999,0.20445600358422983,183,67.19055555555553,14.932379781420755,67.19055555555553,228,63.72027777777776,121.53068263562172,493,3710,186,27997.826416666667,145,
피커 2명 · DD→PD (strict),greedy:count_ddweighted:cells_asc:qty_desc,2026-07-27,64.73777777777775,310,65.18499999999997,0.20445600358422983,183,67.19055555555553,14.925491499696408,67.19055555555553,228,63.72027777777775,121.47501178240987,493,3710,186,28000.982555555547,145,
피커 2명 · DD→PD (strict),greedy:count_ddweighted:qty_desc:none,2026-07-27,64.73777777777777,310,62.329361111111105,0.16100806451612903,183,64.75999999999999,40.70364678202793,64.75999999999999,195,61.02855555555555,120.23687890330106,493,3710,186,16198.731194444443,30,
피커 2명 · DD→PD (strict),greedy:count_ddweighted:qty_desc:time_asc,2026-07-27,64.73777777777777,310,62.329361111111105,0.16100806451612903,183,64.75999999999999,40.79479432301153,64.75999999999999,195,61.02855555555555,120.5921745247409,493,3710,186,16207.443694444444,30,
피커 2명 · DD→PD (strict),greedy:count_ddweighted:qty_desc:demand_desc,2026-07-27,64.73777777777777,310,62.329361111111105,0.16100806451612903,183,64.75999999999999,40.70364678202793,64.75999999999999,195,61.02855555555555,120.23677853270193,493,3710,186,16198.731194444443,30,
피커 2명 · DD→PD (strict),greedy:count_ddweighted:qty_desc:cells_asc,2026-07-27,64.73777777777777,310,62.329361111111105,0.16100806451612903,183,64.75999999999999,40.70364678202793,64.75999999999999,195,61.02855555555555,120.23010860613545,493,3710,186,16198.731194444443,30,
피커 2명 · DD→PD (strict),search:genetic,2026-07-27,64.73777777777775,310,62.32936111111108,0.1603763440860215,183,64.75999999999996,38.53141833636913,64.75999999999996,194,60.7997222222222,125.16813662411637,493,3710,186,17329.74597222222,33,
피커 2명 · DD→PD (strict),sort:qty_desc,2026-07-28,64.5703611111111,205,64.58980555555554,0.06692411924119242,147,65.6564722222222,49.39577191987905,65.6564722222222,174,59.19866666666666,113.00024750035223,352,2570,187,13903.517472222218,31,
피커 2명 · DD→PD (strict),sort:qty_asc,2026-07-28,64.57036111111111,205,65.63425000000001,0.2882968834688347,147,67.02591666666667,4.18794463340892,67.02591666666667,217,64.57036111111111,98.50379890365791,352,2570,187,22601.386194444443,186,
피커 2명 · DD→PD (strict),sort:time_asc,2026-07-28,64.57036111111113,205,64.92036111111113,0.1344850948509485,147,66.3120277777778,5.582543461829181,66.3120277777778,218,57.921722222222236,133.52975432226347,352,2570,187,21488.863111111117,180,
피커 2명 · DD→PD (strict),sort:demand_desc,2026-07-28,64.5703611111111,205,64.58980555555554,0.06692411924119242,147,65.65883333333332,49.41071693121692,65.65883333333332,174,59.19866666666666,113.01991946585846,352,2570,187,13904.179111111107,31,
피커 2명 · DD→PD (strict),sort:cells_asc,2026-07-28,64.5703611111111,205,65.48233333333332,0.3399115176151764,147,66.88233333333332,3.970847694633408,66.88233333333332,219,63.7642222222222,96.55135013232191,352,2570,187,22617.62369444444,186,
피커 2명 · DD→PD (strict),sort:code,2026-07-28,64.57036111111111,205,64.62036111111111,0.10098617886178861,147,66.00925,6.827480158730154,66.00925,219,59.86516666666667,122.98507321995694,352,2570,187,21838.74436111111,173,
피커 2명 · DD→PD (strict),sort:random,2026-07-28,64.57036111111111,205,64.63425000000001,0.1098043360433604,147,66.02591666666667,6.83590306122449,66.02591666666667,224,57.279444444444444,118.53305919855546,352,2570,187,21431.908527777778,174,
피커 2명 · DD→PD (strict),greedy:count:none:none,2026-07-28,64.5703611111111,205,64.88702777777776,0.08891937669376694,147,66.29258333333333,17.99437263794407,66.29258333333333,184,45.193694444444425,114.28928617370886,352,2570,187,20315.30686111111,138,
피커 2명 · DD→PD (strict),greedy:count:time_asc:none,2026-07-28,64.57036111111113,205,64.83425000000001,0.08238482384823848,147,66.2370277777778,21.07659826152685,66.2370277777778,190,51.26938888888887,127.9288611229117,352,2570,187,19804.70836111111,137,
피커 2명 · DD→PD (strict),greedy:count:time_asc:demand_desc,2026-07-28,64.57036111111113,205,64.83425000000001,0.08238482384823848,147,66.2370277777778,21.07659826152685,66.2370277777778,190,51.26938888888887,127.9288611229117,352,2570,187,19804.70836111111,137,
피커 2명 · DD→PD (strict),greedy:count:time_asc:cells_asc,2026-07-28,64.57036111111113,205,64.83425000000001,0.08238482384823848,147,66.2370277777778,21.07659826152685,66.2370277777778,190,51.26938888888887,127.9288611229117,352,2570,187,19804.70836111111,137,
피커 2명 · DD→PD (strict),greedy:count:time_asc:qty_desc,2026-07-28,64.57036111111113,205,64.83425000000001,0.08238482384823848,147,66.2370277777778,21.07659826152685,66.2370277777778,190,51.26938888888887,127.9288611229117,352,2570,187,19804.70836111111,137,
피커 2명 · DD→PD (strict),greedy:count:demand_desc:none,2026-07-28,64.57036111111111,205,63.95566666666667,0.06681571815718157,147,65.07719444444444,50.07016874527589,65.07719444444444,167,62.663111111111114,108.9917235044364,352,2570,187,13587.651444444442,30,
피커 2명 · DD→PD (strict),greedy:count:demand_desc:time_asc,2026-07-28,64.57036111111111,205,64.60925,0.06681571815718157,147,65.60369444444444,50.65900718065003,65.60369444444444,169,63.73563888888889,109.95657934237275,352,2570,187,13676.053027777776,30,
피커 2명 · DD→PD (strict),greedy:count:demand_desc:cells_asc,2026-07-28,64.57036111111111,205,63.95566666666667,0.06681571815718157,147,65.07719444444444,50.095601851851846,65.07719444444444,167,62.663111111111114,108.80254134086059,352,2570,187,13570.204333333331,30,
피커 2명 · DD→PD (strict),greedy:count:demand_desc:qty_desc,2026-07-28,64.57036111111111,205,63.95566666666667,0.06681571815718157,147,65.07719444444444,50.05649943310657,65.07719444444444,167,62.663111111111114,109.05072224055279,352,2570,187,13590.609055555555,30,
피커 2명 · DD→PD (strict),greedy:count:cells_asc:none,2026-07-28,64.57036111111111,205,64.88702777777777,0.09226016260162602,147,66.28980555555555,17.140204459561602,66.28980555555555,177,53.49386111111111,104.77278641386538,352,2570,187,20238.50763888889,140,
피커 2명 · DD→PD (strict),greedy:count:cells_asc:time_asc,2026-07-28,64.57036111111111,205,64.88702777777777,0.09195121951219512,147,66.29258333333333,13.327332388510971,66.29258333333333,182,51.75036111111109,113.61522216537547,352,2570,187,20867.522777777773,164,
피커 2명 · DD→PD (strict),greedy:count:cells_asc:demand_desc,2026-07-28,64.57036111111111,205,64.88702777777779,0.091869918699187,147,66.28980555555556,16.258653250188964,66.28980555555556,184,51.04033333333334,103.30181530342566,352,2570,187,20524.31713888889,151,
피커 2명 · DD→PD (strict),greedy:count:cells_asc:qty_desc,2026-07-28,64.57036111111111,205,64.88702777777779,0.091869918699187,147,66.28980555555556,16.25187887377173,66.28980555555556,184,51.04033333333334,103.29456934261303,352,2570,187,20521.099583333333,151,
피커 2명 · DD→PD (strict),greedy:count:qty_desc:none,2026-07-28,64.57036111111111,205,63.95566666666667,0.06681571815718157,147,65.07719444444444,50.01188038548753,65.07719444444444,167,62.663111111111114,109.11827790841562,352,2570,187,13591.765666666664,30,
피커 2명 · DD→PD (strict),greedy:count:qty_desc:time_asc,2026-07-28,64.57036111111111,205,64.60925,0.06681571815718157,147,65.60369444444444,50.641958805744515,65.60369444444444,169,63.73563888888889,109.89716703793358,352,2570,187,13672.535027777776,30,
피커 2명 · DD→PD (strict),greedy:count:qty_desc:demand_desc,2026-07-28,64.57036111111111,205,63.95566666666667,0.06681571815718157,147,65.07719444444444,50.05649943310657,65.07719444444444,167,62.663111111111114,109.05072224055279,352,2570,187,13590.609055555555,30,
피커 2명 · DD→PD (strict),greedy:count:qty_desc:cells_asc,2026-07-28,64.57036111111111,205,63.95566666666667,0.06681571815718157,147,65.07719444444444,50.03731349206349,65.07719444444444,167,62.663111111111114,108.92909574483978,352,2570,187,13574.318555555552,30,
피커 2명 · DD→PD (strict),greedy:count_partial:none:none,2026-07-28,64.5703611111111,205,63.95566666666666,0.05353658536585366,147,65.07997222222221,51.400243197278904,65.07997222222221,169,60.91827777777777,109.5709496734573,352,2570,187,13372.054055555553,21,
피커 2명 · DD→PD (strict),greedy:count_partial:time_asc:none,2026-07-28,64.5703611111111,205,64.60924999999999,0.05353658536585366,147,65.60369444444443,51.90549036281178,65.60369444444443,169,63.73563888888888,109.80217281123649,352,2570,187,13426.68272222222,21,
피커 2명 · DD→PD (strict),greedy:count_partial:time_asc:demand_desc,2026-07-28,64.5703611111111,205,64.60924999999999,0.05353658536585366,147,65.60369444444443,51.90549036281178,65.60369444444443,169,63.73563888888888,109.80217281123649,352,2570,187,13426.68272222222,21,
피커 2명 · DD→PD (strict),greedy:count_partial:time_asc:cells_asc,2026-07-28,64.5703611111111,205,64.60924999999999,0.05353658536585366,147,65.60369444444443,51.90549036281178,65.60369444444443,169,63.73563888888888,109.80217281123649,352,2570,187,13426.68272222222,21,
피커 2명 · DD→PD (strict),greedy:count_partial:time_asc:qty_desc,2026-07-28,64.5703611111111,205,64.60924999999999,0.05353658536585366,147,65.60369444444443,51.90549036281178,65.60369444444443,169,63.73563888888888,109.80217281123649,352,2570,187,13426.68272222222,21,
피커 2명 · DD→PD (strict),greedy:count_partial:demand_desc:none,2026-07-28,64.5703611111111,205,63.95566666666666,0.05353658536585366,147,65.07788888888888,51.399302910052896,65.07788888888888,171,57.05013888888888,109.75884196885443,352,2570,187,13382.047694444442,21,
피커 2명 · DD→PD (strict),greedy:count_partial:demand_desc:time_asc,2026-07-28,64.5703611111111,205,64.60924999999999,0.05353658536585366,147,65.59258333333332,51.89653401360544,65.59258333333332,170,56.32316666666666,110.0902104870427,352,2570,187,13440.890805555553,21,
피커 2명 · DD→PD (strict),greedy:count_partial:demand_desc:cells_asc,2026-07-28,64.5703611111111,205,63.95566666666666,0.05353658536585366,147,65.07788888888888,51.399302910052896,65.07788888888888,171,57.05013888888888,109.75570726360378,352,2570,187,13382.047694444442,21,
피커 2명 · DD→PD (strict),greedy:count_partial:demand_desc:qty_desc,2026-07-28,64.5703611111111,205,63.95566666666666,0.05353658536585366,147,65.07788888888888,51.399302910052896,65.07788888888888,171,57.05013888888888,109.75884196885443,352,2570,187,13382.047694444442,21,
피커 2명 · DD→PD (strict),greedy:count_partial:cells_asc:none,2026-07-28,64.5703611111111,205,63.95566666666666,0.05353658536585366,147,65.07997222222221,51.400243197278904,65.07997222222221,169,60.91827777777777,109.56781506855455,352,2570,187,13372.054055555553,21,
피커 2명 · DD→PD (strict),greedy:count_partial:cells_asc:time_asc,2026-07-28,64.5703611111111,205,64.60924999999999,0.05353658536585366,147,65.60369444444443,51.90549036281178,65.60369444444443,169,63.73563888888888,109.7918092349982,352,2570,187,13426.68272222222,21,
피커 2명 · DD→PD (strict),greedy:count_partial:cells_asc:demand_desc,2026-07-28,64.5703611111111,205,63.95566666666666,0.05353658536585366,147,65.07788888888888,51.399302910052896,65.07788888888888,171,57.05013888888888,109.75570726360378,352,2570,187,13382.047694444442,21,
피커 2명 · DD→PD (strict),greedy:count_partial:cells_asc:qty_desc,2026-07-28,64.5703611111111,205,63.95566666666666,0.05353658536585366,147,65.07788888888888,51.399302910052896,65.07788888888888,171,57.05013888888888,109.75570726360378,352,2570,187,13382.047694444442,21,
피커 2명 · DD→PD (strict),greedy:count_partial:qty_desc:none,2026-07-28,64.5703611111111,205,63.95566666666666,0.05353658536585366,147,65.07788888888888,51.399302910052896,65.07788888888888,171,57.05013888888888,109.75884196885443,352,2570,187,13382.047694444442,21,
피커 2명 · DD→PD (strict),greedy:count_partial:qty_desc:time_asc,2026-07-28,64.5703611111111,205,64.60924999999999,0.05353658536585366,147,65.59258333333332,51.89653401360544,65.59258333333332,170,56.32316666666666,110.0902104870427,352,2570,187,13440.890805555553,21,
피커 2명 · DD→PD (strict),greedy:count_partial:qty_desc:demand_desc,2026-07-28,64.5703611111111,205,63.95566666666666,0.05353658536585366,147,65.07788888888888,51.399302910052896,65.07788888888888,171,57.05013888888888,109.75884196885443,352,2570,187,13382.047694444442,21,
피커 2명 · DD→PD (strict),greedy:count_partial:qty_desc:cells_asc,2026-07-28,64.5703611111111,205,63.95566666666666,0.05353658536585366,147,65.07788888888888,51.399302910052896,65.07788888888888,171,57.05013888888888,109.75570726360378,352,2570,187,13382.047694444442,21,
피커 2명 · DD→PD (strict),greedy:count_ddweighted:none:none,2026-07-28,64.5703611111111,205,64.88702777777776,0.09043360433604336,147,66.29258333333333,17.51123204837491,66.29258333333333,181,45.44666666666665,114.12186171320488,352,2570,187,20322.935249999995,138,
피커 2명 · DD→PD (strict),greedy:count_ddweighted:time_asc:none,2026-07-28,64.57036111111113,205,64.83425000000001,0.08238482384823848,147,66.2370277777778,21.10419028722602,66.2370277777778,190,51.338777777777764,127.58109952766432,352,2570,187,19763.595805555557,137,
피커 2명 · DD→PD (strict),greedy:count_ddweighted:time_asc:demand_desc,2026-07-28,64.57036111111113,205,64.83425000000001,0.08238482384823848,147,66.2370277777778,21.10419028722602,66.2370277777778,190,51.338777777777764,127.58109952766432,352,2570,187,19763.595805555557,137,
피커 2명 · DD→PD (strict),greedy:count_ddweighted:time_asc:cells_asc,2026-07-28,64.57036111111113,205,64.83425000000001,0.08238482384823848,147,66.2370277777778,21.10419028722602,66.2370277777778,190,51.338777777777764,127.58109952766432,352,2570,187,19763.595805555557,137,
피커 2명 · DD→PD (strict),greedy:count_ddweighted:time_asc:qty_desc,2026-07-28,64.57036111111113,205,64.83425000000001,0.08238482384823848,147,66.2370277777778,21.10419028722602,66.2370277777778,190,51.338777777777764,127.58109952766432,352,2570,187,19763.595805555557,137,
피커 2명 · DD→PD (strict),greedy:count_ddweighted:demand_desc:none,2026-07-28,64.57036111111111,205,63.95566666666667,0.06681571815718157,147,65.07719444444444,50.03849092970521,65.07719444444444,167,62.663111111111114,108.8856242949079,352,2570,187,13583.095111111108,30,
피커 2명 · DD→PD (strict),greedy:count_ddweighted:demand_desc:time_asc,2026-07-28,64.57036111111111,205,64.60925,0.06681571815718157,147,65.60369444444444,50.61305536659108,65.60369444444444,169,63.73563888888889,109.87512390265961,352,2570,187,13668.864277777777,30,
피커 2명 · DD→PD (strict),greedy:count_ddweighted:demand_desc:cells_asc,2026-07-28,64.57036111111111,205,63.95566666666667,0.06681571815718157,147,65.07719444444444,50.063924036281186,65.07719444444444,167,62.663111111111114,108.69644213133206,352,2570,187,13565.648,30,
피커 2명 · DD→PD (strict),greedy:count_ddweighted:demand_desc:qty_desc,2026-07-28,64.57036111111111,205,63.95566666666667,0.06681571815718157,147,65.07719444444444,50.0248216175359,65.07719444444444,167,62.663111111111114,108.94462303102428,352,2570,187,13586.05272222222,30,
피커 2명 · DD→PD (strict),greedy:count_ddweighted:cells_asc:none,2026-07-28,64.57036111111111,205,64.88702777777779,0.091869918699187,147,66.28980555555556,17.44467157974301,66.28980555555556,179,46.60563888888889,104.85067504514059,352,2570,187,20212.243138888887,138,
피커 2명 · DD→PD (strict),greedy:count_ddweighted:cells_asc:time_asc,2026-07-28,64.57036111111111,205,64.88702777777777,0.091869918699187,147,66.29258333333333,14.495894368858666,66.29258333333333,179,51.91966666666665,113.38633825721244,352,2570,187,20724.354111111104,157,
피커 2명 · DD→PD (strict),greedy:count_ddweighted:cells_asc:demand_desc,2026-07-28,64.57036111111111,205,64.88702777777779,0.091869918699187,147,66.29258333333334,16.61867498110355,66.29258333333334,182,49.94386111111112,103.85312962360042,352,2570,187,20461.190138888887,148,
피커 2명 · DD→PD (strict),greedy:count_ddweighted:cells_asc:qty_desc,2026-07-28,64.57036111111111,205,64.88702777777779,0.091869918699187,147,66.29258333333334,16.611900604686316,66.29258333333334,182,49.94386111111112,103.84588396640649,352,2570,187,20457.972583333332,148,
피커 2명 · DD→PD (strict),greedy:count_ddweighted:qty_desc:none,2026-07-28,64.57036111111111,205,63.95566666666667,0.06681571815718157,147,65.07719444444444,49.980202569916855,65.07719444444444,167,62.663111111111114,109.0121786988871,352,2570,187,13587.209333333332,30,
피커 2명 · DD→PD (strict),greedy:count_ddweighted:qty_desc:time_asc,2026-07-28,64.57036111111111,205,64.60925,0.06681571815718157,147,65.60369444444444,50.59600699168556,65.60369444444444,169,63.73563888888889,109.81571159822049,352,2570,187,13665.346277777779,30,
피커 2명 · DD→PD (strict),greedy:count_ddweighted:qty_desc:demand_desc,2026-07-28,64.57036111111111,205,63.95566666666667,0.06681571815718157,147,65.07719444444444,50.0248216175359,65.07719444444444,167,62.663111111111114,108.94462303102428,352,2570,187,13586.05272222222,30,
피커 2명 · DD→PD (strict),greedy:count_ddweighted:qty_desc:cells_asc,2026-07-28,64.57036111111111,205,63.95566666666667,0.06681571815718157,147,65.07719444444444,50.00563567649282,65.07719444444444,167,62.663111111111114,108.82299653531128,352,2570,187,13569.76222222222,30,
피커 2명 · DD→PD (strict),search:genetic,2026-07-28,64.5703611111111,205,63.95566666666665,0.06681571815718157,147,65.07233333333332,49.63048941798941,65.07233333333332,167,62.66311111111109,109.40783077293473,352,2570,187,13710.905999999995,30,
피커 2명 · DD→PD (strict),sort:qty_desc,2026-07-29,66.018,216,66.02355555555556,0.06983024691358025,111,66.94847222222224,51.973959959959956,66.94847222222224,170,57.488194444444446,109.25045173630635,327,2417,194,11768.951111111111,21,
피커 2명 · DD→PD (strict),sort:qty_asc,2026-07-29,66.018,216,66.518,0.20353948045267536,111,67.57911111111112,2.9034154154154166,67.57911111111112,207,63.285472222222225,99.09793336862806,327,2417,194,21066.51730555556,189,
피커 2명 · DD→PD (strict),sort:time_asc,2026-07-29,66.018,216,66.39577777777778,0.11721965020576132,111,67.468,4.412017767767771,67.468,212,55.62377777777776,132.2934201728556,327,2417,194,19890.766166666668,188,
피커 2명 · DD→PD (strict),sort:demand_desc,2026-07-29,66.018,216,66.02355555555556,0.06983024691358025,111,66.94847222222224,52.01074674674675,66.94847222222224,171,57.079861111111114,109.38749494325032,327,2417,194,11768.885194444445,21,
피커 2명 · DD→PD (strict),sort:cells_asc,2026-07-29,66.018,216,66.88105555555555,0.2973603395061733,111,67.94772222222223,3.365845095095096,67.94772222222223,214,65.23383333333334,98.8963533239198,327,2417,194,21307.235444444446,193,
피커 2명 · DD→PD (strict),sort:code,2026-07-29,66.018,216,66.05411111111111,0.12404758230452674,111,66.99022222222223,6.146830830830831,66.99022222222223,218,59.02219444444445,121.21890134878721,327,2417,194,20522.144250000005,178,
피커 2명 · DD→PD (strict),sort:random,2026-07-29,66.01800000000003,216,66.24855555555558,0.11436947016460908,111,67.31522222222225,19.614492992993,67.31522222222225,215,61.04730555555558,119.17645876696207,327,2417,194,20013.063583333344,164,
피커 2명 · DD→PD (strict),greedy:count:none:none,2026-07-29,66.01800000000001,216,66.2568888888889,0.09045961934156378,111,67.32355555555557,14.54627652652653,67.32355555555557,187,51.1791388888889,111.35644903880433,327,2417,194,19146.947611111118,155,
피커 2명 · DD→PD (strict),greedy:count:time_asc:none,2026-07-29,66.01799999999999,216,66.25688888888888,0.10518827160493827,111,67.31522222222222,12.661615615615618,67.31522222222222,193,52.75216666666665,126.24666824574926,327,2417,194,18337.40447222222,164,
피커 2명 · DD→PD (strict),greedy:count:time_asc:demand_desc,2026-07-29,66.01799999999999,216,66.25688888888888,0.10518827160493827,111,67.31522222222222,12.661615615615618,67.31522222222222,193,52.75216666666665,126.24666824574926,327,2417,194,18337.40447222222,164,
피커 2명 · DD→PD (strict),greedy:count:time_asc:cells_asc,2026-07-29,66.01799999999999,216,66.25688888888888,0.10518827160493827,111,67.31522222222222,12.661615615615618,67.31522222222222,193,52.75216666666665,126.24666824574926,327,2417,194,18337.40447222222,164,
피커 2명 · DD→PD (strict),greedy:count:time_asc:qty_desc,2026-07-29,66.01799999999999,216,66.25688888888888,0.10518827160493827,111,67.31522222222222,12.661615615615618,67.31522222222222,193,52.75216666666665,126.24666824574926,327,2417,194,18337.40447222222,164,
피커 2명 · DD→PD (strict),greedy:count:demand_desc:none,2026-07-29,66.018,216,66.07633333333334,0.06598508230452675,111,65.93519444444445,52.25352377377377,66.07633333333334,162,58.329055555555556,104.29852931037674,327,2417,194,11065.532027777777,20,
피커 2명 · DD→PD (strict),greedy:count:demand_desc:time_asc,2026-07-29,66.018,216,66.07633333333332,0.06598508230452675,111,65.73552777777778,52.21870070070069,66.07633333333332,165,59.722166666666666,105.03214422040503,327,2417,194,11067.14391666666,20,
피커 2명 · DD→PD (strict),greedy:count:demand_desc:cells_asc,2026-07-29,66.018,216,66.07633333333334,0.06598508230452675,111,65.93519444444445,52.25352377377377,66.07633333333334,162,58.329055555555556,104.29852931037674,327,2417,194,11065.532027777777,20,
피커 2명 · DD→PD (strict),greedy:count:demand_desc:qty_desc,2026-07-29,66.018,216,66.07633333333334,0.06598508230452675,111,65.93519444444445,52.256503003003004,66.07633333333334,162,58.329055555555556,104.30608286375858,327,2417,194,11066.813833333332,20,
피커 2명 · DD→PD (strict),greedy:count:cells_asc:none,2026-07-29,66.018,216,66.2568888888889,0.09098713991769548,111,67.318,9.171558558558564,67.318,184,52.3581388888889,99.94638960687418,327,2417,194,19351.363694444444,178,
피커 2명 · DD→PD (strict),greedy:count:cells_asc:time_asc,2026-07-29,66.018,216,66.2568888888889,0.09258359053497943,111,67.32355555555556,7.076181681681687,67.32355555555556,182,52.61130555555557,108.41861441925559,327,2417,194,19527.863277777782,187,
피커 2명 · DD→PD (strict),greedy:count:cells_asc:demand_desc,2026-07-29,66.01800000000001,216,66.25688888888891,0.07942515432098773,111,67.32077777777779,17.51388813813815,67.32077777777779,177,50.50727777777779,105.78343321444429,327,2417,194,18072.79533333334,146,
피커 2명 · DD→PD (strict),greedy:count:cells_asc:qty_desc,2026-07-29,66.01800000000001,216,66.25688888888891,0.07942515432098773,111,67.32077777777779,17.521623623623636,67.32077777777779,177,50.50727777777779,105.80098970600129,327,2417,194,18073.016444444453,146,
피커 2명 · DD→PD (strict),greedy:count:qty_desc:none,2026-07-29,66.018,216,66.07633333333334,0.06598508230452675,111,65.93519444444445,52.26036961961962,66.07633333333334,162,58.329055555555556,104.31485470508015,327,2417,194,11067.034944444444,20,
피커 2명 · DD→PD (strict),greedy:count:qty_desc:time_asc,2026-07-29,66.018,216,66.07633333333332,0.06598508230452675,111,65.73552777777778,52.226597347347344,66.07633333333332,165,59.722166666666666,105.0378051815493,327,2417,194,11068.204611111105,20,
피커 2명 · DD→PD (strict),greedy:count:qty_desc:demand_desc,2026-07-29,66.018,216,66.07633333333334,0.06598508230452675,111,65.93519444444445,52.256503003003004,66.07633333333334,162,58.329055555555556,104.30608286375858,327,2417,194,11066.813833333332,20,
피커 2명 · DD→PD (strict),greedy:count:qty_desc:cells_asc,2026-07-29,66.018,216,66.07633333333334,0.06598508230452675,111,65.93519444444445,52.26036961961962,66.07633333333334,162,58.329055555555556,104.31485470508015,327,2417,194,11067.034944444444,20,
피커 2명 · DD→PD (strict),greedy:count_partial:none:none,2026-07-29,66.018,216,66.07633333333332,0.06957304526748971,111,65.93519444444443,52.180122622622626,66.07633333333332,162,58.32905555555555,103.94595392197913,327,2417,194,10983.122749999997,23,
피커 2명 · DD→PD (strict),greedy:count_partial:time_asc:none,2026-07-29,66.018,216,66.07633333333332,0.06957304526748971,111,65.55997222222221,51.822742742742726,66.07633333333332,162,58.32905555555555,103.32981677756534,327,2417,194,10935.365694444441,23,
피커 2명 · DD→PD (strict),greedy:count_partial:time_asc:demand_desc,2026-07-29,66.018,216,66.07633333333332,0.06957304526748971,111,65.55997222222221,51.822742742742726,66.07633333333332,162,58.32905555555555,103.32981677756534,327,2417,194,10935.365694444441,23,
피커 2명 · DD→PD (strict),greedy:count_partial:time_asc:cells_asc,2026-07-29,66.018,216,66.07633333333332,0.06957304526748971,111,65.55997222222221,51.822742742742726,66.07633333333332,162,58.32905555555555,103.32981677756534,327,2417,194,10935.365694444441,23,
피커 2명 · DD→PD (strict),greedy:count_partial:time_asc:qty_desc,2026-07-29,66.018,216,66.07633333333332,0.06957304526748971,111,65.55997222222221,51.822742742742726,66.07633333333332,162,58.32905555555555,103.32981677756534,327,2417,194,10935.365694444441,23,
피커 2명 · DD→PD (strict),greedy:count_partial:demand_desc:none,2026-07-29,66.018,216,66.07633333333332,0.06957304526748971,111,65.93519444444443,52.15674899899901,66.07633333333332,163,59.74725,104.25540494411347,327,2417,194,10997.669277777775,23,
피커 2명 · DD→PD (strict),greedy:count_partial:demand_desc:time_asc,2026-07-29,66.018,216,66.07633333333332,0.06957304526748971,111,65.55997222222221,51.78971846846846,66.07633333333332,164,59.87405555555555,103.51385392651935,327,2417,194,10948.168027777776,23,
피커 2명 · DD→PD (strict),greedy:count_partial:demand_desc:cells_asc,2026-07-29,66.018,216,66.07633333333332,0.06957304526748971,111,65.93519444444443,52.15674899899901,66.07633333333332,163,59.74725,104.25540494411347,327,2417,194,10997.669277777775,23,
피커 2명 · DD→PD (strict),greedy:count_partial:demand_desc:qty_desc,2026-07-29,66.018,216,66.07633333333332,0.06957304526748971,111,65.93519444444443,52.14203428428429,66.07633333333332,163,59.74725,104.20930674455639,327,2417,194,10996.664944444443,23,
피커 2명 · DD→PD (strict),greedy:count_partial:cells_asc:none,2026-07-29,66.018,216,66.07633333333332,0.06957304526748971,111,65.93519444444443,52.180122622622626,66.07633333333332,162,58.32905555555555,103.94595392197913,327,2417,194,10983.122749999997,23,
피커 2명 · DD→PD (strict),greedy:count_partial:cells_asc:time_asc,2026-07-29,66.018,216,66.07633333333332,0.06957304526748971,111,65.55997222222221,51.822742742742726,66.07633333333332,162,58.32905555555555,103.32981677756534,327,2417,194,10935.365694444441,23,
피커 2명 · DD→PD (strict),greedy:count_partial:cells_asc:demand_desc,2026-07-29,66.018,216,66.07633333333332,0.06957304526748971,111,65.93519444444443,52.15674899899901,66.07633333333332,163,59.74725,104.25540494411347,327,2417,194,10997.669277777775,23,
피커 2명 · DD→PD (strict),greedy:count_partial:cells_asc:qty_desc,2026-07-29,66.018,216,66.07633333333332,0.06957304526748971,111,65.93519444444443,52.14203428428429,66.07633333333332,163,59.74725,104.20930674455639,327,2417,194,10996.664944444443,23,
피커 2명 · DD→PD (strict),greedy:count_partial:qty_desc:none,2026-07-29,66.018,216,66.07633333333332,0.06957304526748971,111,65.93519444444443,52.14203428428429,66.07633333333332,163,59.74725,104.20930674455639,327,2417,194,10996.664944444443,23,
피커 2명 · DD→PD (strict),greedy:count_partial:qty_desc:time_asc,2026-07-29,66.018,216,66.07633333333332,0.06957304526748971,111,65.55997222222221,51.77500375375375,66.07633333333332,164,59.87405555555555,103.46422571873944,327,2417,194,10948.15544444444,23,
피커 2명 · DD→PD (strict),greedy:count_partial:qty_desc:demand_desc,2026-07-29,66.018,216,66.07633333333332,0.06957304526748971,111,65.93519444444443,52.14203428428429,66.07633333333332,163,59.74725,104.20930674455639,327,2417,194,10996.664944444443,23,
피커 2명 · DD→PD (strict),greedy:count_partial:qty_desc:cells_asc,2026-07-29,66.018,216,66.07633333333332,0.06957304526748971,111,65.93519444444443,52.14203428428429,66.07633333333332,163,59.74725,104.20930674455639,327,2417,194,10996.664944444443,23,
피커 2명 · DD→PD (strict),greedy:count_ddweighted:none:none,2026-07-29,66.01800000000001,216,66.2568888888889,0.08781198559670783,111,67.32355555555557,15.595782282282284,67.32355555555557,185,49.58400000000002,110.61405657917324,327,2417,194,18925.326055555557,145,
피커 2명 · DD→PD (strict),greedy:count_ddweighted:time_asc:none,2026-07-29,66.01799999999999,216,66.25688888888888,0.10512397119341563,111,67.32355555555554,12.839567317317316,67.32355555555554,193,52.75216666666665,126.16942311754842,327,2417,194,18345.973527777773,164,
피커 2명 · DD→PD (strict),greedy:count_ddweighted:time_asc:demand_desc,2026-07-29,66.01799999999999,216,66.25688888888888,0.10512397119341563,111,67.32355555555554,12.839567317317316,67.32355555555554,193,52.75216666666665,126.16942311754842,327,2417,194,18345.973527777773,164,
피커 2명 · DD→PD (strict),greedy:count_ddweighted:time_asc:cells_asc,2026-07-29,66.01799999999999,216,66.25688888888888,0.10512397119341563,111,67.32355555555554,12.839567317317316,67.32355555555554,193,52.75216666666665,126.16942311754842,327,2417,194,18345.973527777773,164,
피커 2명 · DD→PD (strict),greedy:count_ddweighted:time_asc:qty_desc,2026-07-29,66.01799999999999,216,66.25688888888888,0.10512397119341563,111,67.32355555555554,12.839567317317316,67.32355555555554,193,52.75216666666665,126.16942311754842,327,2417,194,18345.973527777773,164,
피커 2명 · DD→PD (strict),greedy:count_ddweighted:demand_desc:none,2026-07-29,66.018,216,66.07633333333334,0.06598508230452675,111,65.93519444444445,52.23193218218218,66.07633333333334,162,58.329055555555556,104.26284583318619,327,2417,194,11063.95233333333,20,
피커 2명 · DD→PD (strict),greedy:count_ddweighted:demand_desc:time_asc,2026-07-29,66.018,216,66.07633333333332,0.06598508230452675,111,65.73552777777778,52.1971544044044,66.07633333333332,165,59.722166666666666,104.96653239435199,327,2417,194,11064.742277777772,20,
피커 2명 · DD→PD (strict),greedy:count_ddweighted:demand_desc:cells_asc,2026-07-29,66.018,216,66.07633333333334,0.06598508230452675,111,65.93519444444445,52.23193218218218,66.07633333333334,162,58.329055555555556,104.26284583318619,327,2417,194,11063.95233333333,20,
피커 2명 · DD→PD (strict),greedy:count_ddweighted:demand_desc:qty_desc,2026-07-29,66.018,216,66.07633333333334,0.06598508230452675,111,65.93519444444445,52.23491141141141,66.07633333333334,162,58.329055555555556,104.27039938656806,327,2417,194,11065.234138888887,20,
피커 2명 · DD→PD (strict),greedy:count_ddweighted:cells_asc:none,2026-07-29,66.018,216,66.2568888888889,0.07764248971193424,111,67.32077777777778,10.476548798798804,67.32077777777778,184,51.919194444444464,99.79197647416103,327,2417,194,19226.651638888892,170,
피커 2명 · DD→PD (strict),greedy:count_ddweighted:cells_asc:time_asc,2026-07-29,66.018,216,66.2568888888889,0.07902777777777786,111,67.318,13.6674029029029,67.318,189,55.946944444444455,111.06025794652906,327,2417,194,19288.727194444447,169,
피커 2명 · DD→PD (strict),greedy:count_ddweighted:cells_asc:demand_desc,2026-07-29,66.01800000000001,216,66.25688888888891,0.07942515432098773,111,67.32077777777779,17.481761011011024,67.32077777777779,177,50.50727777777779,105.74701264427198,327,2417,194,18062.748222222228,146,
피커 2명 · DD→PD (strict),greedy:count_ddweighted:cells_asc:qty_desc,2026-07-29,66.01800000000001,216,66.25688888888891,0.07942515432098773,111,67.32077777777779,17.489496496496507,67.32077777777779,177,50.50727777777779,105.76456913582898,327,2417,194,18062.96933333334,146,
피커 2명 · DD→PD (strict),greedy:count_ddweighted:qty_desc:none,2026-07-29,66.018,216,66.07633333333334,0.06598508230452675,111,65.93519444444445,52.23877802802802,66.07633333333334,162,58.329055555555556,104.27917122788962,327,2417,194,11065.455249999997,20,
피커 2명 · DD→PD (strict),greedy:count_ddweighted:qty_desc:time_asc,2026-07-29,66.018,216,66.07633333333332,0.06598508230452675,111,65.73552777777778,52.20505105105105,66.07633333333332,165,59.722166666666666,104.97219335549626,327,2417,194,11065.802972222216,20,
피커 2명 · DD→PD (strict),greedy:count_ddweighted:qty_desc:demand_desc,2026-07-29,66.018,216,66.07633333333334,0.06598508230452675,111,65.93519444444445,52.23491141141141,66.07633333333334,162,58.329055555555556,104.27039938656806,327,2417,194,11065.234138888887,20,
피커 2명 · DD→PD (strict),greedy:count_ddweighted:qty_desc:cells_asc,2026-07-29,66.018,216,66.07633333333334,0.06598508230452675,111,65.93519444444445,52.23877802802802,66.07633333333334,162,58.329055555555556,104.27917122788962,327,2417,194,11065.455249999997,20,
피커 2명 · DD→PD (strict),search:genetic,2026-07-29,66.018,216,66.07633333333332,0.06957304526748971,111,65.93519444444443,51.84572672672672,66.07633333333332,161,58.129777777777775,103.81501066947823,327,2417,194,11004.106916666664,23,
피커 2명 · DD→PD (strict),sort:qty_desc,2026-07-30,62.33555555555556,209,62.352222222222224,0.09772727272727277,134,63.46055555555556,44.957851782752904,63.46055555555556,164,57.17686111111112,101.94949531204861,343,2306,184,11620.692277777778,26,
피커 2명 · DD→PD (strict),sort:qty_asc,2026-07-30,62.335555555555565,209,63.377500000000005,0.31582004253056883,134,64.57194444444445,4.553690091210615,64.57194444444445,218,60.8755,96.65486644956746,343,2306,184,21352.467333333334,183,
피커 2명 · DD→PD (strict),sort:time_asc,2026-07-30,62.33555555555556,209,62.79666666666667,0.12909356725146198,134,63.98555555555556,8.20606902985074,63.98555555555556,197,52.49355555555555,123.7241295778561,343,2306,184,20334.694666666666,173,
피커 2명 · DD→PD (strict),sort:demand_desc,2026-07-30,62.33555555555556,209,62.352222222222224,0.09772727272727277,134,63.46055555555556,44.95806426202322,63.46055555555556,164,57.17686111111112,101.97401185338225,343,2306,184,11624.424222222224,27,
피커 2명 · DD→PD (strict),sort:cells_asc,2026-07-30,62.33555555555559,209,63.16333333333336,0.20018607123870283,134,64.36333333333337,4.832978648424548,64.36333333333337,206,60.038027777777806,92.49498593056781,343,2306,184,21108.58591666667,182,
피커 2명 · DD→PD (strict),sort:code,2026-07-30,62.33555555555559,209,63.21888888888892,0.25441600212652843,134,64.41333333333337,5.5878702321724765,64.41333333333337,202,57.18791666666668,116.24023925343272,343,2306,184,20817.02969444445,177,
피커 2명 · DD→PD (strict),sort:random,2026-07-30,62.33555555555556,209,61.96333333333333,0.14074960127591707,134,63.03277777777778,8.248343698175795,63.03277777777778,210,53.86377777777776,119.8177407697935,343,2306,184,20421.98711111111,174,
피커 2명 · DD→PD (strict),greedy:count:none:none,2026-07-30,62.335555555555565,209,61.53694444444445,0.1304226475279107,134,62.73972222222223,9.930152363184085,62.73972222222223,172,57.464166666666664,102.68617214860338,343,2306,184,19348.77691666667,167,
피커 2명 · DD→PD (strict),greedy:count:time_asc:none,2026-07-30,62.335555555555544,209,62.371666666666655,0.13351940457203615,134,63.57166666666666,17.11911608623548,63.57166666666666,185,57.825722222222225,119.13293789161838,343,2306,184,17769.545138888887,135,
피커 2명 · DD→PD (strict),greedy:count:time_asc:demand_desc,2026-07-30,62.335555555555544,209,62.371666666666655,0.13351940457203615,134,63.57166666666666,17.153912935323373,63.57166666666666,185,57.825722222222225,119.10200866913108,343,2306,184,17757.22208333333,135,
피커 2명 · DD→PD (strict),greedy:count:time_asc:cells_asc,2026-07-30,62.335555555555544,209,62.371666666666655,0.13351940457203615,134,63.57166666666666,17.11911608623548,63.57166666666666,185,57.825722222222225,119.13293789161838,343,2306,184,17769.545138888887,135,
피커 2명 · DD→PD (strict),greedy:count:time_asc:qty_desc,2026-07-30,62.335555555555544,209,62.371666666666655,0.13351940457203615,134,63.57166666666666,17.153912935323373,63.57166666666666,185,57.825722222222225,119.10200866913108,343,2306,184,17757.22208333333,135,
피커 2명 · DD→PD (strict),greedy:count:demand_desc:none,2026-07-30,62.33555555555553,209,61.91180555555553,0.09772727272727277,134,62.66138888888887,45.68674233001657,62.66138888888887,157,60.96972222222221,95.93862470686803,343,2306,184,11168.813194444443,25,
피커 2명 · DD→PD (strict),greedy:count:demand_desc:time_asc,2026-07-30,62.33555555555553,209,62.37166666666664,0.09772727272727273,134,63.2022222222222,46.39821102819236,63.2022222222222,158,58.68577777777775,97.06326254351112,343,2306,184,11221.26494444444,25,
피커 2명 · DD→PD (strict),greedy:count:demand_desc:cells_asc,2026-07-30,62.33555555555553,209,61.91180555555553,0.09772727272727273,134,62.66138888888887,45.72643490878938,62.66138888888887,157,60.96972222222221,95.81779227860501,343,2306,184,11155.274416666663,25,
피커 2명 · DD→PD (strict),greedy:count:demand_desc:qty_desc,2026-07-30,62.33555555555553,209,61.91180555555553,0.09772727272727277,134,62.66138888888887,45.69041106965173,62.66138888888887,157,60.96972222222221,95.94130888682999,343,2306,184,11168.813194444443,25,
피커 2명 · DD→PD (strict),greedy:count:cells_asc:none,2026-07-30,62.33555555555558,209,62.79666666666669,0.1468028973950022,134,63.98555555555558,9.116833126036488,63.98555555555558,182,59.694583333333355,90.71086399708268,343,2306,184,20648.54419444445,177,
피커 2명 · DD→PD (strict),greedy:count:cells_asc:time_asc,2026-07-30,62.335555555555565,209,62.796666666666674,0.1468028973950022,134,63.985555555555564,10.915901119402983,63.985555555555564,183,59.85347222222223,108.8042019032073,343,2306,184,20645.040083333337,179,
피커 2명 · DD→PD (strict),greedy:count:cells_asc:demand_desc,2026-07-30,62.33555555555557,209,62.79666666666668,0.1468028973950022,134,63.98555555555557,14.558606135986738,63.98555555555557,183,59.85347222222224,94.49172426068382,343,2306,184,20668.81005555556,179,
피커 2명 · DD→PD (strict),greedy:count:cells_asc:qty_desc,2026-07-30,62.33555555555557,209,62.79666666666668,0.1468028973950022,134,63.98555555555557,14.57255576285241,63.98555555555557,183,59.85347222222224,94.47372540677583,343,2306,184,20668.81005555556,179,
피커 2명 · DD→PD (strict),greedy:count:qty_desc:none,2026-07-30,62.33555555555553,209,61.91180555555553,0.09772727272727277,134,62.65861111111109,45.682326907131,62.65861111111109,157,60.96972222222221,95.93782667098164,343,2306,184,11170.427416666666,25,
피커 2명 · DD→PD (strict),greedy:count:qty_desc:time_asc,2026-07-30,62.33555555555553,209,62.37166666666664,0.09772727272727273,134,63.2022222222222,46.41158250414592,63.2022222222222,158,58.68577777777775,97.048852009423,343,2306,184,11222.079972222216,25,
피커 2명 · DD→PD (strict),greedy:count:qty_desc:demand_desc,2026-07-30,62.33555555555553,209,61.91180555555553,0.09772727272727277,134,62.66138888888887,45.69041106965173,62.66138888888887,157,60.96972222222221,95.94130888682999,343,2306,184,11168.813194444443,25,
피커 2명 · DD→PD (strict),greedy:count:qty_desc:cells_asc,2026-07-30,62.33555555555553,209,61.91180555555553,0.09772727272727273,134,62.65861111111109,45.7220194859038,62.65861111111109,157,60.96972222222221,95.81698888598268,343,2306,184,11156.888638888888,25,
피커 2명 · DD→PD (strict),greedy:count_partial:none:none,2026-07-30,62.33555555555553,209,62.37166666666664,0.09772727272727273,134,62.796666666666646,46.5447031509121,62.796666666666646,156,60.772361111111096,93.41193888564504,343,2306,184,10922.374138888888,24,
피커 2명 · DD→PD (strict),greedy:count_partial:time_asc:none,2026-07-30,62.33555555555554,209,62.37166666666665,0.09772727272727273,134,63.00999999999999,46.934525912106125,63.00999999999999,158,59.89491666666665,93.9348445573013,343,2306,184,10968.963777777775,24,
피커 2명 · DD→PD (strict),greedy:count_partial:time_asc:demand_desc,2026-07-30,62.33555555555554,209,62.37166666666665,0.09772727272727273,134,63.00999999999999,46.934525912106125,63.00999999999999,158,59.89491666666665,93.9348445573013,343,2306,184,10968.963777777775,24,
피커 2명 · DD→PD (strict),greedy:count_partial:time_asc:cells_asc,2026-07-30,62.33555555555554,209,62.37166666666665,0.09772727272727273,134,63.00999999999999,46.934525912106125,63.00999999999999,158,59.89491666666665,93.9348445573013,343,2306,184,10968.963777777775,24,
피커 2명 · DD→PD (strict),greedy:count_partial:time_asc:qty_desc,2026-07-30,62.33555555555554,209,62.37166666666665,0.09772727272727273,134,63.00999999999999,46.934525912106125,63.00999999999999,158,59.89491666666665,93.9348445573013,343,2306,184,10968.963777777775,24,
피커 2명 · DD→PD (strict),greedy:count_partial:demand_desc:none,2026-07-30,62.33555555555553,209,62.37166666666664,0.09772727272727273,134,62.78902777777776,46.545896973466,62.78902777777776,156,59.04774999999997,93.60050389200165,343,2306,184,10924.18961111111,24,
피커 2명 · DD→PD (strict),greedy:count_partial:demand_desc:time_asc,2026-07-30,62.33555555555554,209,62.37166666666665,0.09772727272727273,134,63.00999999999999,46.91962976782752,63.00999999999999,156,58.306499999999986,93.87396533178155,343,2306,184,10970.178888888886,24,
피커 2명 · DD→PD (strict),greedy:count_partial:demand_desc:cells_asc,2026-07-30,62.33555555555553,209,62.37166666666664,0.09772727272727273,134,62.78902777777776,46.545896973466,62.78902777777776,156,59.04774999999997,93.58216912455954,343,2306,184,10924.18961111111,24,
피커 2명 · DD→PD (strict),greedy:count_partial:demand_desc:qty_desc,2026-07-30,62.33555555555553,209,62.37166666666664,0.09772727272727273,134,62.78902777777776,46.545896973466,62.78902777777776,156,59.04774999999997,93.60050389200165,343,2306,184,10924.18961111111,24,
피커 2명 · DD→PD (strict),greedy:count_partial:cells_asc:none,2026-07-30,62.33555555555553,209,62.37166666666664,0.09772727272727273,134,62.796666666666646,46.5447031509121,62.796666666666646,156,60.772361111111096,93.3936063485323,343,2306,184,10922.374138888888,24,
피커 2명 · DD→PD (strict),greedy:count_partial:cells_asc:time_asc,2026-07-30,62.33555555555554,209,62.37166666666665,0.09772727272727273,134,63.00999999999999,46.934525912106125,63.00999999999999,158,59.89491666666665,93.88720132606817,343,2306,184,10968.963777777775,24,
피커 2명 · DD→PD (strict),greedy:count_partial:cells_asc:demand_desc,2026-07-30,62.33555555555553,209,62.37166666666664,0.09772727272727273,134,62.78902777777776,46.545896973466,62.78902777777776,156,59.04774999999997,93.58216912455954,343,2306,184,10924.18961111111,24,
피커 2명 · DD→PD (strict),greedy:count_partial:cells_asc:qty_desc,2026-07-30,62.33555555555553,209,62.37166666666664,0.09772727272727273,134,62.78902777777776,46.545896973466,62.78902777777776,156,59.04774999999997,93.58216912455954,343,2306,184,10924.18961111111,24,
피커 2명 · DD→PD (strict),greedy:count_partial:qty_desc:none,2026-07-30,62.33555555555553,209,62.37166666666664,0.09772727272727273,134,62.78902777777776,46.545896973466,62.78902777777776,156,59.04774999999997,93.60050389200165,343,2306,184,10924.18961111111,24,
피커 2명 · DD→PD (strict),greedy:count_partial:qty_desc:time_asc,2026-07-30,62.33555555555554,209,62.37166666666665,0.09772727272727273,134,63.00999999999999,46.91962976782752,63.00999999999999,156,58.306499999999986,93.87396533178155,343,2306,184,10970.178888888886,24,
피커 2명 · DD→PD (strict),greedy:count_partial:qty_desc:demand_desc,2026-07-30,62.33555555555553,209,62.37166666666664,0.09772727272727273,134,62.78902777777776,46.545896973466,62.78902777777776,156,59.04774999999997,93.60050389200165,343,2306,184,10924.18961111111,24,
피커 2명 · DD→PD (strict),greedy:count_partial:qty_desc:cells_asc,2026-07-30,62.33555555555553,209,62.37166666666664,0.09772727272727273,134,62.78902777777776,46.545896973466,62.78902777777776,156,59.04774999999997,93.58216912455954,343,2306,184,10924.18961111111,24,
피커 2명 · DD→PD (strict),greedy:count_ddweighted:none:none,2026-07-30,62.335555555555565,209,61.53694444444445,0.1304226475279107,134,62.73972222222223,9.924438018242126,62.73972222222223,172,57.464166666666664,102.65911415326991,343,2306,184,19347.729916666667,167,
피커 2명 · DD→PD (strict),greedy:count_ddweighted:time_asc:none,2026-07-30,62.335555555555544,209,62.371666666666655,0.13351940457203615,134,63.57166666666666,16.99129726368158,63.57166666666666,179,55.68633333333334,118.74131251693188,343,2306,184,17754.298305555552,135,
피커 2명 · DD→PD (strict),greedy:count_ddweighted:time_asc:demand_desc,2026-07-30,62.335555555555544,209,62.371666666666655,0.13351940457203615,134,63.57166666666666,17.026094112769478,63.57166666666666,179,55.68633333333334,118.71038329444457,343,2306,184,17741.975249999996,135,
피커 2명 · DD→PD (strict),greedy:count_ddweighted:time_asc:cells_asc,2026-07-30,62.335555555555544,209,62.371666666666655,0.13351940457203615,134,63.57166666666666,16.99129726368158,63.57166666666666,179,55.68633333333334,118.74131251693188,343,2306,184,17754.298305555552,135,
피커 2명 · DD→PD (strict),greedy:count_ddweighted:time_asc:qty_desc,2026-07-30,62.335555555555544,209,62.371666666666655,0.13351940457203615,134,63.57166666666666,17.026094112769478,63.57166666666666,179,55.68633333333334,118.71038329444457,343,2306,184,17741.975249999996,135,
피커 2명 · DD→PD (strict),greedy:count_ddweighted:demand_desc:none,2026-07-30,62.33555555555553,209,61.91180555555553,0.09772727272727277,134,62.66138888888887,45.67113246268654,62.66138888888887,157,60.96972222222221,95.8916726142716,343,2306,184,11167.577916666665,25,
피커 2명 · DD→PD (strict),greedy:count_ddweighted:demand_desc:time_asc,2026-07-30,62.33555555555553,209,62.37166666666664,0.09772727272727273,134,63.2022222222222,46.39164324212271,63.2022222222222,158,58.68577777777775,97.04358540487324,343,2306,184,11220.485138888886,25,
피커 2명 · DD→PD (strict),greedy:count_ddweighted:demand_desc:cells_asc,2026-07-30,62.33555555555553,209,61.91180555555553,0.09772727272727273,134,62.66138888888887,45.71082504145935,62.66138888888887,157,60.96972222222221,95.77084018600857,343,2306,184,11154.039138888886,25,
피커 2명 · DD→PD (strict),greedy:count_ddweighted:demand_desc:qty_desc,2026-07-30,62.33555555555553,209,61.91180555555553,0.09772727272727277,134,62.66138888888887,45.67480120232171,62.66138888888887,157,60.96972222222221,95.89435679423356,343,2306,184,11167.577916666665,25,
피커 2명 · DD→PD (strict),greedy:count_ddweighted:cells_asc:none,2026-07-30,62.33555555555558,209,62.79666666666669,0.1468028973950022,134,63.98555555555558,8.957371890547266,63.98555555555558,182,59.694583333333355,90.46800710229739,343,2306,184,20642.010361111115,177,
피커 2명 · DD→PD (strict),greedy:count_ddweighted:cells_asc:time_asc,2026-07-30,62.335555555555565,209,62.796666666666674,0.1468028973950022,134,63.985555555555564,10.861949626865668,63.985555555555564,183,59.85347222222223,108.60980299373121,343,2306,184,20637.90347222222,179,
피커 2명 · DD→PD (strict),greedy:count_ddweighted:cells_asc:demand_desc,2026-07-30,62.33555555555557,209,62.79666666666668,0.1468028973950022,134,63.98555555555557,14.52741189883914,63.98555555555557,183,59.85347222222224,94.46535155503845,343,2306,184,20665.657611111114,179,
피커 2명 · DD→PD (strict),greedy:count_ddweighted:cells_asc:qty_desc,2026-07-30,62.33555555555557,209,62.79666666666668,0.1468028973950022,134,63.98555555555557,14.541361525704815,63.98555555555557,183,59.85347222222224,94.44735270113046,343,2306,184,20665.657611111114,179,
피커 2명 · DD→PD (strict),greedy:count_ddweighted:qty_desc:none,2026-07-30,62.33555555555553,209,61.91180555555553,0.09772727272727277,134,62.65861111111109,45.66671703980098,62.65861111111109,157,60.96972222222221,95.89087249690783,343,2306,184,11169.192138888888,25,
피커 2명 · DD→PD (strict),greedy:count_ddweighted:qty_desc:time_asc,2026-07-30,62.33555555555553,209,62.37166666666664,0.09772727272727273,134,63.2022222222222,46.40501471807627,63.2022222222222,158,58.68577777777775,97.02917487078511,343,2306,184,11221.30016666666,25,
피커 2명 · DD→PD (strict),greedy:count_ddweighted:qty_desc:demand_desc,2026-07-30,62.33555555555553,209,61.91180555555553,0.09772727272727277,134,62.66138888888887,45.67480120232171,62.66138888888887,157,60.96972222222221,95.89435679423356,343,2306,184,11167.577916666665,25,
피커 2명 · DD→PD (strict),greedy:count_ddweighted:qty_desc:cells_asc,2026-07-30,62.33555555555553,209,61.91180555555553,0.09772727272727273,134,62.65861111111109,45.70640961857379,62.65861111111109,157,60.96972222222221,95.77003471190888,343,2306,184,11155.65336111111,25,
피커 2명 · DD→PD (strict),search:genetic,2026-07-30,62.335555555555516,209,62.37166666666663,0.09772727272727273,134,62.7945833333333,43.953043532338285,62.7945833333333,156,60.77236111111108,95.28142377814787,343,2306,184,11072.10458333333,24,
피커 2명 · DD→PD (strict),sort:qty_desc,2026-07-31,64.00625000000002,155,63.55050000000003,0.03206093189964158,62,64.03402777777781,34.38262007168462,64.03402777777781,162,54.88419444444446,95.47640815972416,217,1683,190,8527.169444444447,87,
피커 2명 · DD→PD (strict),sort:qty_asc,2026-07-31,64.00625000000001,155,64.65347222222223,0.13917562724014337,62,65.26736111111111,4.942310483870975,65.26736111111111,194,62.320888888888895,96.19523838910467,217,1683,190,13491.356722222223,188,
피커 2명 · DD→PD (strict),sort:time_asc,2026-07-31,64.00625000000002,155,64.08402777777779,0.05349462365591398,62,64.70069444444447,10.258993279569882,64.70069444444447,183,51.10641666666669,116.72311777522569,217,1683,190,12572.183944444449,172,
피커 2명 · DD→PD (strict),sort:demand_desc,2026-07-31,64.00625000000002,155,63.55050000000003,0.03191756272401434,62,64.03402777777781,34.37113620071687,64.03402777777781,161,54.68205555555557,95.33343426346673,217,1683,190,8516.838583333334,87,
피커 2명 · DD→PD (strict),sort:cells_asc,2026-07-31,64.00625000000004,155,64.65347222222226,0.13623655913978494,62,65.26736111111116,4.481409050179218,65.26736111111116,189,63.56300000000004,94.00073543650585,217,1683,190,13397.578194444453,187,
피커 2명 · DD→PD (strict),sort:code,2026-07-31,64.00625,155,64.33125,0.059731182795698924,62,64.95069444444445,5.725322132616489,64.95069444444445,177,57.76977777777778,100.62271209999038,217,1683,190,12953.144972222222,180,
피커 2명 · DD→PD (strict),sort:random,2026-07-31,64.00625000000002,155,64.06458333333335,0.04283154121863799,62,64.68680555555557,11.360820788530466,64.68680555555557,177,55.82511111111113,104.02170415141332,217,1683,190,12281.105611111114,166,
피커 2명 · DD→PD (strict),greedy:count:none:none,2026-07-31,64.00625000000002,155,63.278388888888905,0.032939068100358425,62,64.08958333333335,9.14204928315413,64.08958333333335,163,53.60347222222224,94.04114466512803,217,1683,190,11965.884972222228,168,
피커 2명 · DD→PD (strict),greedy:count:time_asc:none,2026-07-31,64.00625000000002,155,62.860111111111124,0.031021505376344086,62,64.0340277777778,17.780813620071697,64.0340277777778,166,51.409527777777775,106.88909585832187,217,1683,190,11076.718416666667,156,
피커 2명 · DD→PD (strict),greedy:count:time_asc:demand_desc,2026-07-31,64.00625000000002,155,62.860111111111124,0.031021505376344086,62,64.0340277777778,17.780813620071697,64.0340277777778,166,51.409527777777775,106.88909585832187,217,1683,190,11076.718416666667,156,
피커 2명 · DD→PD (strict),greedy:count:time_asc:cells_asc,2026-07-31,64.00625000000002,155,62.860111111111124,0.031021505376344086,62,64.0340277777778,17.780813620071697,64.0340277777778,166,51.409527777777775,106.88429806201131,217,1683,190,11076.718416666667,156,
피커 2명 · DD→PD (strict),greedy:count:time_asc:qty_desc,2026-07-31,64.00625000000002,155,62.860111111111124,0.031021505376344086,62,64.0340277777778,17.780813620071697,64.0340277777778,166,51.409527777777775,106.88909585832187,217,1683,190,11076.718416666667,156,
피커 2명 · DD→PD (strict),greedy:count:demand_desc:none,2026-07-31,64.00625000000001,155,63.365416666666675,0.024480286738351252,62,64.03402777777778,36.31893413978496,64.03402777777778,150,54.2438888888889,92.01409970827143,217,1683,190,8108.313138888888,63,
피커 2명 · DD→PD (strict),greedy:count:demand_desc:time_asc,2026-07-31,64.00625000000004,155,62.197055555555586,0.024480286738351252,62,64.03402777777781,35.778712365591424,64.03402777777781,151,53.92313888888892,89.81842987127072,217,1683,190,8020.829305555558,63,
피커 2명 · DD→PD (strict),greedy:count:demand_desc:cells_asc,2026-07-31,64.00625000000001,155,63.365416666666675,0.024480286738351252,62,64.03402777777778,36.28415367383513,64.03402777777778,150,54.2438888888889,92.01642139053672,217,1683,190,8113.242027777777,63,
피커 2명 · DD→PD (strict),greedy:count:demand_desc:qty_desc,2026-07-31,64.00625000000001,155,62.197055555555565,0.024480286738351252,62,64.03402777777778,35.19809139784946,64.03402777777778,150,54.2438888888889,89.73263867952154,217,1683,190,8037.870694444442,64,
피커 2명 · DD→PD (strict),greedy:count:cells_asc:none,2026-07-31,64.00625000000002,155,63.278388888888905,0.032974910394265235,62,64.08958333333335,8.918918010752693,64.08958333333335,164,55.803750000000015,89.7000496267161,217,1683,190,12250.394416666673,173,
피커 2명 · DD→PD (strict),greedy:count:cells_asc:time_asc,2026-07-31,64.00625000000002,155,62.860111111111124,0.03349462365591398,62,64.0340277777778,11.231626792114701,64.0340277777778,162,52.32538888888889,101.15583945168045,217,1683,190,12019.650777777779,169,
피커 2명 · DD→PD (strict),greedy:count:cells_asc:demand_desc,2026-07-31,64.00625000000002,155,63.36541666666669,0.032813620071684584,62,64.03402777777781,15.40220295698926,64.03402777777781,150,57.48227777777779,91.2866683295557,217,1683,190,11263.257194444446,134,
피커 2명 · DD→PD (strict),greedy:count:cells_asc:qty_desc,2026-07-31,64.00625000000002,155,61.95680555555558,0.032813620071684584,62,64.03402777777781,13.799426523297505,64.03402777777781,150,57.48227777777779,88.5097007884263,217,1683,190,11200.20691666667,134,
피커 2명 · DD→PD (strict),greedy:count:qty_desc:none,2026-07-31,64.00625000000001,155,62.197055555555565,0.024480286738351252,62,64.03402777777778,35.15164784946237,64.03402777777778,150,54.2438888888889,89.73173074211846,217,1683,190,8037.870694444442,64,
피커 2명 · DD→PD (strict),greedy:count:qty_desc:time_asc,2026-07-31,64.00625000000004,155,62.21927777777781,0.024480286738351252,62,64.03402777777781,35.62667025089609,64.03402777777781,151,53.92313888888892,89.61109696450457,217,1683,190,8015.49366666667,64,
피커 2명 · DD→PD (strict),greedy:count:qty_desc:demand_desc,2026-07-31,64.00625000000001,155,62.197055555555565,0.024480286738351252,62,64.03402777777778,35.19809139784946,64.03402777777778,150,54.2438888888889,89.73263867952154,217,1683,190,8037.870694444442,64,
피커 2명 · DD→PD (strict),greedy:count:qty_desc:cells_asc,2026-07-31,64.00625000000001,155,62.197055555555565,0.024480286738351252,62,64.03402777777778,35.11686738351255,64.03402777777778,150,54.2438888888889,89.73405242438375,217,1683,190,8042.799583333332,64,
피커 2명 · DD→PD (strict),greedy:count_partial:none:none,2026-07-31,64.00625000000005,155,63.11683333333338,0.024480286738351252,62,64.03402777777782,39.88400179211473,64.03402777777782,154,55.679583333333376,91.91407910290755,217,1683,190,8002.282361111115,47,
피커 2명 · DD→PD (strict),greedy:count_partial:time_asc:none,2026-07-31,64.00625000000005,155,63.37097222222227,0.024480286738351252,62,64.03402777777782,39.83648566308247,64.03402777777782,154,55.43586111111115,91.4963237861814,217,1683,190,7983.490472222227,47,
피커 2명 · DD→PD (strict),greedy:count_partial:time_asc:demand_desc,2026-07-31,64.00625000000005,155,63.37097222222227,0.024480286738351252,62,64.03402777777782,39.83648566308247,64.03402777777782,154,55.43586111111115,91.4963237861814,217,1683,190,7983.490472222227,47,
피커 2명 · DD→PD (strict),greedy:count_partial:time_asc:cells_asc,2026-07-31,64.00625000000005,155,63.37097222222227,0.024480286738351252,62,64.03402777777782,39.83648566308247,64.03402777777782,154,55.43586111111115,91.4963237861814,217,1683,190,7983.490472222227,47,
피커 2명 · DD→PD (strict),greedy:count_partial:time_asc:qty_desc,2026-07-31,64.00625000000005,155,63.37097222222227,0.024480286738351252,62,64.03402777777782,39.83648566308247,64.03402777777782,154,55.43586111111115,91.4963237861814,217,1683,190,7983.490472222227,47,
피커 2명 · DD→PD (strict),greedy:count_partial:demand_desc:none,2026-07-31,64.00625000000005,155,63.127944444444495,0.024480286738351252,62,64.03402777777782,39.62278091397853,64.03402777777782,155,58.23569444444449,91.84967541129394,217,1683,190,7981.559388888894,47,
피커 2명 · DD→PD (strict),greedy:count_partial:demand_desc:time_asc,2026-07-31,64.00625000000005,155,63.37097222222227,0.024480286738351252,62,64.03402777777782,39.824177419354875,64.03402777777782,155,58.17883333333338,91.66816297758355,217,1683,190,7987.17030555556,47,
피커 2명 · DD→PD (strict),greedy:count_partial:demand_desc:cells_asc,2026-07-31,64.00625000000005,155,63.127944444444495,0.024480286738351252,62,64.03402777777782,39.62278091397853,64.03402777777782,155,58.23569444444449,91.84967541129394,217,1683,190,7981.559388888894,47,
피커 2명 · DD→PD (strict),greedy:count_partial:demand_desc:qty_desc,2026-07-31,64.00625000000005,155,63.127944444444495,0.024480286738351252,62,64.03402777777782,39.62278091397853,64.03402777777782,155,58.23569444444449,91.85247730698741,217,1683,190,7981.559388888894,47,
피커 2명 · DD→PD (strict),greedy:count_partial:cells_asc:none,2026-07-31,64.00625000000005,155,63.11683333333338,0.024480286738351252,62,64.03402777777782,39.88400179211473,64.03402777777782,154,55.679583333333376,91.91407910290755,217,1683,190,8002.282361111115,47,
피커 2명 · DD→PD (strict),greedy:count_partial:cells_asc:time_asc,2026-07-31,64.00625000000005,155,63.37097222222227,0.024480286738351252,62,64.03402777777782,39.83648566308247,64.03402777777782,154,55.43586111111115,91.4963237861814,217,1683,190,7983.490472222227,47,
피커 2명 · DD→PD (strict),greedy:count_partial:cells_asc:demand_desc,2026-07-31,64.00625000000005,155,63.127944444444495,0.024480286738351252,62,64.03402777777782,39.62278091397853,64.03402777777782,155,58.23569444444449,91.84967541129394,217,1683,190,7981.559388888894,47,
피커 2명 · DD→PD (strict),greedy:count_partial:cells_asc:qty_desc,2026-07-31,64.00625000000005,155,63.127944444444495,0.024480286738351252,62,64.03402777777782,39.62278091397853,64.03402777777782,155,58.23569444444449,91.85247730698741,217,1683,190,7981.559388888894,47,
피커 2명 · DD→PD (strict),greedy:count_partial:qty_desc:none,2026-07-31,64.00625000000005,155,63.127944444444495,0.024480286738351252,62,64.03402777777782,39.62278091397853,64.03402777777782,155,58.23569444444449,91.85247730698741,217,1683,190,7981.559388888894,47,
피커 2명 · DD→PD (strict),greedy:count_partial:qty_desc:time_asc,2026-07-31,64.00625000000005,155,63.37097222222227,0.024480286738351252,62,64.03402777777782,39.824177419354875,64.03402777777782,155,58.17883333333338,91.66816297758355,217,1683,190,7987.17030555556,47,
피커 2명 · DD→PD (strict),greedy:count_partial:qty_desc:demand_desc,2026-07-31,64.00625000000005,155,63.127944444444495,0.024480286738351252,62,64.03402777777782,39.62278091397853,64.03402777777782,155,58.23569444444449,91.85247730698741,217,1683,190,7981.559388888894,47,
피커 2명 · DD→PD (strict),greedy:count_partial:qty_desc:cells_asc,2026-07-31,64.00625000000005,155,63.127944444444495,0.024480286738351252,62,64.03402777777782,39.62278091397853,64.03402777777782,155,58.23569444444449,91.85247730698741,217,1683,190,7981.559388888894,47,
피커 2명 · DD→PD (strict),greedy:count_ddweighted:none:none,2026-07-31,64.00625000000002,155,63.278388888888905,0.032813620071684584,62,64.08958333333335,8.067426523297494,64.08958333333335,160,53.07952777777779,93.04218574261289,217,1683,190,11914.547972222228,160,
피커 2명 · DD→PD (strict),greedy:count_ddweighted:time_asc:none,2026-07-31,64.00625000000002,155,61.64811111111112,0.030896057347670248,62,64.0340277777778,16.74019265232976,64.0340277777778,162,51.01527777777777,103.9860065720266,217,1683,190,10902.68463888889,154,
피커 2명 · DD→PD (strict),greedy:count_ddweighted:time_asc:demand_desc,2026-07-31,64.00625000000002,155,61.64811111111112,0.030896057347670248,62,64.0340277777778,16.74019265232976,64.0340277777778,162,51.01527777777777,103.9860065720266,217,1683,190,10902.68463888889,154,
피커 2명 · DD→PD (strict),greedy:count_ddweighted:time_asc:cells_asc,2026-07-31,64.00625000000002,155,61.64811111111112,0.030896057347670248,62,64.0340277777778,16.74019265232976,64.0340277777778,162,51.01527777777777,103.98120877571604,217,1683,190,10902.68463888889,154,
피커 2명 · DD→PD (strict),greedy:count_ddweighted:time_asc:qty_desc,2026-07-31,64.00625000000002,155,61.64811111111112,0.030896057347670248,62,64.0340277777778,16.74019265232976,64.0340277777778,162,51.01527777777777,103.9860065720266,217,1683,190,10902.68463888889,154,
피커 2명 · DD→PD (strict),greedy:count_ddweighted:demand_desc:none,2026-07-31,64.00625000000001,155,63.365416666666675,0.024480286738351252,62,64.03402777777778,35.9352038530466,64.03402777777778,150,59.69661111111111,91.72937262089384,217,1683,190,8087.136444444443,63,
피커 2명 · DD→PD (strict),greedy:count_ddweighted:demand_desc:time_asc,2026-07-31,64.00625000000004,155,62.197055555555586,0.024480286738351252,62,64.03402777777781,35.48142473118282,64.03402777777781,150,59.57647222222224,89.55665151991673,217,1683,190,8004.731277777781,63,
피커 2명 · DD→PD (strict),greedy:count_ddweighted:demand_desc:cells_asc,2026-07-31,64.00625000000001,155,63.365416666666675,0.024480286738351252,62,64.03402777777778,35.90042338709678,64.03402777777778,150,59.69661111111111,91.73169430315913,217,1683,190,8092.065333333332,63,
피커 2명 · DD→PD (strict),greedy:count_ddweighted:demand_desc:qty_desc,2026-07-31,64.00625000000001,155,62.197055555555565,0.024480286738351252,62,64.03402777777778,34.814375448028684,64.03402777777778,150,59.69661111111111,89.44803652571875,217,1683,190,8016.694888888887,64,
피커 2명 · DD→PD (strict),greedy:count_ddweighted:cells_asc:none,2026-07-31,64.00625000000002,155,63.278388888888905,0.032813620071684584,62,64.08958333333335,8.735566756272409,64.08958333333335,163,53.784361111111124,89.3325674782477,217,1683,190,12167.986722222227,171,
피커 2명 · DD→PD (strict),greedy:count_ddweighted:cells_asc:time_asc,2026-07-31,64.00625000000002,155,62.008750000000006,0.03417562724014337,62,64.0340277777778,9.230584229390686,64.0340277777778,161,49.10224999999999,98.76981552776843,217,1683,190,11924.014805555556,172,
피커 2명 · DD→PD (strict),greedy:count_ddweighted:cells_asc:demand_desc,2026-07-31,64.00625000000004,155,63.3654166666667,0.032813620071684584,62,64.03402777777781,15.49610931899643,64.03402777777781,150,57.482277777777796,91.0307098005618,217,1683,190,11175.820305555559,127,
피커 2명 · DD→PD (strict),greedy:count_ddweighted:cells_asc:qty_desc,2026-07-31,64.00625000000004,155,61.95680555555559,0.032813620071684584,62,64.03402777777781,13.893246863799297,64.03402777777781,150,57.482277777777796,88.2529874524179,217,1683,190,11112.764694444448,127,
피커 2명 · DD→PD (strict),greedy:count_ddweighted:qty_desc:none,2026-07-31,64.00625000000001,155,62.197055555555565,0.024480286738351252,62,64.03402777777778,34.76793189964159,64.03402777777778,150,59.69661111111111,89.44712858831568,217,1683,190,8016.694888888887,64,
피커 2명 · DD→PD (strict),greedy:count_ddweighted:qty_desc:time_asc,2026-07-31,64.00625000000004,155,62.21927777777781,0.024480286738351252,62,64.03402777777781,35.329393369175655,64.03402777777781,150,59.55752777777781,89.34951815983256,217,1683,190,7999.396305555558,64,
피커 2명 · DD→PD (strict),greedy:count_ddweighted:qty_desc:demand_desc,2026-07-31,64.00625000000001,155,62.197055555555565,0.024480286738351252,62,64.03402777777778,34.814375448028684,64.03402777777778,150,59.69661111111111,89.44803652571875,217,1683,190,8016.694888888887,64,
피커 2명 · DD→PD (strict),greedy:count_ddweighted:qty_desc:cells_asc,2026-07-31,64.00625000000001,155,62.197055555555565,0.024480286738351252,62,64.03402777777778,34.733151433691766,64.03402777777778,150,59.69661111111111,89.44945027058097,217,1683,190,8021.623777777776,64,
피커 2명 · DD→PD (strict),search:genetic,2026-07-31,64.00625000000001,155,63.365416666666675,0.024480286738351252,62,64.03402777777778,36.31893413978496,64.03402777777778,150,54.2438888888889,92.01409970827143,217,1683,190,8108.313138888888,63,
